ano,categoria,producao,unidade_producao,racao_toneladas,fcr
2021,bovinos,7456261141,kg,5730000,0.7685
2022,bovinos,8012319797,kg,6700000,0.8362
2023,bovinos,8962422953,kg,6600000,0.7364
2024,bovinos,10355943180,kg,7200000,0.6953
2025,bovinos,11103215151,kg,7800000,0.7025
2021,frangos,12629630178,kg,35400000,2.8029
2022,frangos,12875404008,kg,35700000,2.7727
2023,frangos,13321863310,kg,36500000,2.7399
2024,frangos,13714701694,kg,36900000,2.6905
2025,frangos,14304261496,kg,37900000,2.6496
2021,leite,25121800,mil litros,6400000,0.2548
2022,leite,23918221,mil litros,6200000,0.2592
2023,leite,24605599,mil litros,6000000,0.2438
2024,leite,25366095,mil litros,7100000,0.2799
2025,leite,27613018,mil litros,7700000,0.2789
2021,ovos,4012512,mil duzias,7190000,1.7919
2022,ovos,4098619,mil duzias,6900000,1.6835
2023,ovos,4250802,mil duzias,6900000,1.6232
2024,ovos,4688347,mil duzias,7200000,1.5357
2025,ovos,4954121,mil duzias,7400000,1.4937
2021,suinos,4898967122,kg,19700000,4.0213
2022,suinos,5186302867,kg,20600000,3.972
2023,suinos,5298566231,kg,20800000,3.9256
2024,suinos,5358897198,kg,21600000,4.0307
2025,suinos,5656401071,kg,22500000,3.9778
