ano,categoria,item,valor_toneladas,fonte,pdf_pagina,status
2018,frangos,milho,20319809,boletim_jul19,4,estimativa
2018,frangos,farelo_soja_46pb,7755475,boletim_jul19,4,estimativa
2018,frangos,sorgo,994685,boletim_jul19,4,estimativa
2018,frangos,coprodutos_gordura_vegetal_ddgs,0,boletim_jul19,4,estimativa
2018,frangos,total,31655000,boletim_jul19,4,estimativa
2018,ovos,milho,4304194,boletim_jul19,4,estimativa
2018,ovos,farelo_soja_46pb,1328730,boletim_jul19,4,estimativa
2018,ovos,sorgo,112210,boletim_jul19,4,estimativa
2018,ovos,coprodutos_gordura_vegetal_ddgs,0,boletim_jul19,4,estimativa
2018,ovos,total,6814000,boletim_jul19,4,estimativa
2018,suinos,milho,11158752,boletim_jul19,4,estimativa
2018,suinos,farelo_soja_46pb,3690720,boletim_jul19,4,estimativa
2018,suinos,sorgo,435848,boletim_jul19,4,estimativa
2018,suinos,coprodutos_gordura_vegetal_ddgs,0,boletim_jul19,4,estimativa
2018,suinos,total,16776000,boletim_jul19,4,estimativa
2018,leite,milho,3601966,boletim_jul19,4,estimativa
2018,leite,farelo_soja_46pb,1265367,boletim_jul19,4,estimativa
2018,leite,sorgo,0,boletim_jul19,4,estimativa
2018,leite,coprodutos_gordura_vegetal_ddgs,359820,boletim_jul19,4,estimativa
2018,leite,total,5997000,boletim_jul19,4,estimativa
2018,bovinos,milho,778146,boletim_jul19,4,estimativa
2018,bovinos,farelo_soja_46pb,651328,boletim_jul19,4,estimativa
2018,bovinos,sorgo,387610,boletim_jul19,4,estimativa
2018,bovinos,coprodutos_gordura_vegetal_ddgs,155820,boletim_jul19,4,estimativa
2018,bovinos,total,2597000,boletim_jul19,4,estimativa
2019,frangos,milho,21118993,boletim_jun20,4,estimativa
2019,frangos,farelo_soja_46pb,8260500,boletim_jun20,4,estimativa
2019,frangos,sorgo,1033806,boletim_jun20,4,estimativa
2019,frangos,coprodutos_gordura_vegetal_ddgs,0,boletim_jun20,4,estimativa
2019,frangos,total,32857000,boletim_jun20,4,estimativa
2019,ovos,milho,4302931,boletim_jun20,4,estimativa
2019,ovos,farelo_soja_46pb,1328340,boletim_jun20,4,estimativa
2019,ovos,sorgo,112177,boletim_jun20,4,estimativa
2019,ovos,coprodutos_gordura_vegetal_ddgs,0,boletim_jun20,4,estimativa
2019,ovos,total,6812000,boletim_jun20,4,estimativa
2019,suinos,milho,11754810,boletim_jun20,4,estimativa
2019,suinos,farelo_soja_46pb,3982240,boletim_jun20,4,estimativa
2019,suinos,sorgo,459646,boletim_jun20,4,estimativa
2019,suinos,coprodutos_gordura_vegetal_ddgs,0,boletim_jun20,4,estimativa
2019,suinos,total,17692000,boletim_jun20,4,estimativa
2019,leite,milho,3741312,boletim_jun20,4,estimativa
2019,leite,farelo_soja_46pb,1314319,boletim_jun20,4,estimativa
2019,leite,sorgo,0,boletim_jun20,4,estimativa
2019,leite,coprodutos_gordura_vegetal_ddgs,373740,boletim_jun20,4,estimativa
2019,leite,total,6229000,boletim_jun20,4,estimativa
2019,bovinos,milho,1950204,boletim_jun20,4,estimativa
2019,bovinos,farelo_soja_46pb,1296812,boletim_jun20,4,estimativa
2019,bovinos,sorgo,370849,boletim_jun20,4,estimativa
2019,bovinos,coprodutos_gordura_vegetal_ddgs,310242,boletim_jun20,4,estimativa
2019,bovinos,total,5170700,boletim_jun20,4,estimativa
2020,frangos,milho,21986069,boletim_mar21,5,estimativa
2020,frangos,farelo_soja_46pb,8599649,boletim_mar21,5,estimativa
2020,frangos,sorgo,1076251,boletim_mar21,5,estimativa
2020,frangos,coprodutos_gordura_vegetal_ddgs,0,boletim_mar21,5,estimativa
2020,frangos,total,34206000,boletim_mar21,5,estimativa
2020,ovos,milho,4516435,boletim_mar21,5,estimativa
2020,ovos,farelo_soja_46pb,1394250,boletim_mar21,5,estimativa
2020,ovos,sorgo,117743,boletim_mar21,5,estimativa
2020,ovos,coprodutos_gordura_vegetal_ddgs,0,boletim_mar21,5,estimativa
2020,ovos,total,7150000,boletim_mar21,5,estimativa
2020,suinos,milho,12457759,boletim_mar21,5,estimativa
2020,suinos,farelo_soja_46pb,4220382,boletim_mar21,5,estimativa
2020,suinos,sorgo,487133,boletim_mar21,5,estimativa
2020,suinos,coprodutos_gordura_vegetal_ddgs,0,boletim_mar21,5,estimativa
2020,suinos,total,18750000,boletim_mar21,5,estimativa
2020,leite,milho,3859035,boletim_mar21,5,estimativa
2020,leite,farelo_soja_46pb,1355675,boletim_mar21,5,estimativa
2020,leite,sorgo,0,boletim_mar21,5,estimativa
2020,leite,coprodutos_gordura_vegetal_ddgs,385500,boletim_mar21,5,estimativa
2020,leite,total,6425000,boletim_mar21,5,estimativa
2020,bovinos,milho,2066861,boletim_mar21,5,estimativa
2020,bovinos,farelo_soja_46pb,1374384,boletim_mar21,5,estimativa
2020,bovinos,sorgo,393032,boletim_mar21,5,estimativa
2020,bovinos,coprodutos_gordura_vegetal_ddgs,328800,boletim_mar21,5,estimativa
2020,bovinos,total,5480000,boletim_mar21,5,estimativa
2021,frangos,milho,22992384,boletim_maio22,3,estimativa
2021,ovos,milho,4527215,boletim_maio22,3,estimativa
2021,suinos,milho,14743237,boletim_maio22,3,estimativa
2021,leite,milho,3034035,boletim_maio22,3,estimativa
2021,bovinos,milho,1859266,boletim_maio22,3,estimativa
2021,frangos,farelo_soja_46pb,9544237,boletim_maio22,3,estimativa
2021,ovos,farelo_soja_46pb,1402050,boletim_maio22,3,estimativa
2021,suinos,farelo_soja_46pb,3291870,boletim_maio22,3,estimativa
2021,leite,farelo_soja_46pb,1355675,boletim_maio22,3,estimativa
2021,bovinos,farelo_soja_46pb,1435830,boletim_maio22,3,estimativa
2021,frangos,sorgo,509656,boletim_maio22,3,estimativa
2021,ovos,sorgo,118402,boletim_maio22,3,estimativa
2021,suinos,sorgo,0,boletim_maio22,3,estimativa
2021,leite,sorgo,825000,boletim_maio22,3,estimativa
2021,bovinos,sorgo,510604,boletim_maio22,3,estimativa
2021,frangos,coprodutos_gordura_vegetal_ddgs,371950,boletim_maio22,3,estimativa
2021,ovos,coprodutos_gordura_vegetal_ddgs,0,boletim_maio22,3,estimativa
2021,suinos,coprodutos_gordura_vegetal_ddgs,0,boletim_maio22,3,estimativa
2021,leite,coprodutos_gordura_vegetal_ddgs,385500,boletim_maio22,3,estimativa
2021,bovinos,coprodutos_gordura_vegetal_ddgs,543500,boletim_maio22,3,estimativa
2021,frangos,total,35400000,boletim_maio22,3,estimativa
2021,ovos,total,7181372,boletim_maio22,3,estimativa
2021,suinos,total,19700000,boletim_maio22,3,estimativa
2021,leite,total,6425000,boletim_maio22,3,estimativa
2021,bovinos,total,5725000,boletim_maio22,3,estimativa
2022,frangos,milho,22397823,boletim_jun23,3,estimativa
2022,ovos,milho,4351726,boletim_jun23,3,estimativa
2022,suinos,milho,16398321,boletim_jun23,3,estimativa
2022,leite,milho,2513618,boletim_jun23,3,estimativa
2022,bovinos,milho,1733312,boletim_jun23,3,estimativa
2022,frangos,farelo_soja_46pb,9631591,boletim_jun23,3,estimativa
2022,ovos,farelo_soja_46pb,1347702,boletim_jun23,3,estimativa
2022,suinos,farelo_soja_46pb,3428584,boletim_jun23,3,estimativa
2022,leite,farelo_soja_46pb,1301870,boletim_jun23,3,estimativa
2022,bovinos,farelo_soja_46pb,1196553,boletim_jun23,3,estimativa
2022,frangos,sorgo,514321,boletim_jun23,3,estimativa
2022,ovos,sorgo,113812,boletim_jun23,3,estimativa
2022,suinos,sorgo,0,boletim_jun23,3,estimativa
2022,leite,sorgo,1192257,boletim_jun23,3,estimativa
2022,bovinos,sorgo,730939,boletim_jun23,3,estimativa
2022,frangos,coprodutos_gordura_vegetal_ddgs,375354,boletim_jun23,3,estimativa
2022,ovos,coprodutos_gordura_vegetal_ddgs,0,boletim_jun23,3,estimativa
2022,suinos,coprodutos_gordura_vegetal_ddgs,0,boletim_jun23,3,estimativa
2022,leite,coprodutos_gordura_vegetal_ddgs,684870,boletim_jun23,3,estimativa
2022,bovinos,coprodutos_gordura_vegetal_ddgs,1700978,boletim_jun23,3,estimativa
2022,frangos,total,35724000,boletim_jun23,3,estimativa
2022,ovos,total,6903000,boletim_jun23,3,estimativa
2022,suinos,total,20578000,boletim_jun23,3,estimativa
2022,leite,total,6170000,boletim_jun23,3,estimativa
2022,bovinos,total,5953000,boletim_jun23,3,estimativa
2023,frangos,milho,22757952,boletim_maio24,3,estimativa
2023,ovos,milho,4511898,boletim_maio24,3,estimativa
2023,suinos,milho,15180994,boletim_maio24,3,estimativa
2023,leite,milho,2325277,boletim_maio24,3,estimativa
2023,bovinos,milho,2122509,boletim_maio24,3,estimativa
2023,frangos,farelo_soja_46pb,9337088,boletim_maio24,3,estimativa
2023,ovos,farelo_soja_46pb,1347117,boletim_maio24,3,estimativa
2023,suinos,farelo_soja_46pb,3470570,boletim_maio24,3,estimativa
2023,leite,farelo_soja_46pb,1275495,boletim_maio24,3,estimativa
2023,bovinos,farelo_soja_46pb,1316751,boletim_maio24,3,estimativa
2023,frangos,sorgo,1495393,boletim_maio24,3,estimativa
2023,ovos,sorgo,113763,boletim_maio24,3,estimativa
2023,suinos,sorgo,833200,boletim_maio24,3,estimativa
2023,leite,sorgo,1168102,boletim_maio24,3,estimativa
2023,bovinos,sorgo,804364,boletim_maio24,3,estimativa
2023,frangos,coprodutos_gordura_vegetal_ddgs,289960,boletim_maio24,3,estimativa
2023,ovos,coprodutos_gordura_vegetal_ddgs,0,boletim_maio24,3,estimativa
2023,suinos,coprodutos_gordura_vegetal_ddgs,0,boletim_maio24,3,estimativa
2023,leite,coprodutos_gordura_vegetal_ddgs,362700,boletim_maio24,3,estimativa
2023,bovinos,coprodutos_gordura_vegetal_ddgs,949895,boletim_maio24,3,estimativa
2023,frangos,total,36473000,boletim_maio24,3,estimativa
2023,ovos,total,6900000,boletim_maio24,3,estimativa
2023,suinos,total,20830000,boletim_maio24,3,estimativa
2023,leite,total,6045000,boletim_maio24,3,estimativa
2023,bovinos,total,6551003,boletim_maio24,3,estimativa
2024,frangos,milho,23601928,boletim_maio25,6,estimativa
2024,ovos,milho,4695644,boletim_maio25,6,estimativa
2024,suinos,milho,13645540,boletim_maio25,6,estimativa
2024,leite,milho,2733018,boletim_maio25,6,estimativa
2024,bovinos,milho,2338938,boletim_maio25,6,estimativa
2024,frangos,farelo_soja_46pb,9120697,boletim_maio25,6,estimativa
2024,ovos,farelo_soja_46pb,1401977,boletim_maio25,6,estimativa
2024,suinos,farelo_soja_46pb,4429461,boletim_maio25,6,estimativa
2024,leite,farelo_soja_46pb,1499155,boletim_maio25,6,estimativa
2024,bovinos,farelo_soja_46pb,1451018,boletim_maio25,6,estimativa
2024,frangos,sorgo,1355181,boletim_maio25,6,estimativa
2024,ovos,sorgo,118396,boletim_maio25,6,estimativa
2024,suinos,sorgo,864200,boletim_maio25,6,estimativa
2024,leite,sorgo,1372931,boletim_maio25,6,estimativa
2024,bovinos,sorgo,886384,boletim_maio25,6,estimativa
2024,frangos,coprodutos_gordura_vegetal_ddgs,313870,boletim_maio25,6,estimativa
2024,ovos,coprodutos_gordura_vegetal_ddgs,0,boletim_maio25,6,estimativa
2024,suinos,coprodutos_gordura_vegetal_ddgs,748245,boletim_maio25,6,estimativa
2024,leite,coprodutos_gordura_vegetal_ddgs,426300,boletim_maio25,6,estimativa
2024,bovinos,coprodutos_gordura_vegetal_ddgs,1046754,boletim_maio25,6,estimativa
2024,frangos,total,36925900,boletim_maio25,6,estimativa
2024,ovos,total,7181000,boletim_maio25,6,estimativa
2024,suinos,total,21605000,boletim_maio25,6,estimativa
2024,leite,total,7105000,boletim_maio25,6,estimativa
2024,bovinos,total,7219000,boletim_maio25,6,estimativa
2025,frangos,milho,23896054,boletim_mar26,5,estimativa
2025,ovos,milho,4848489,boletim_mar26,5,estimativa
2025,suinos,milho,14198183,boletim_mar26,5,estimativa
2025,leite,milho,2947928,boletim_mar26,5,estimativa
2025,bovinos,milho,2514772,boletim_mar26,5,estimativa
2025,frangos,farelo_soja_46pb,9576050,boletim_mar26,5,estimativa
2025,ovos,farelo_soja_46pb,1450571,boletim_mar26,5,estimativa
2025,suinos,farelo_soja_46pb,4608854,boletim_mar26,5,estimativa
2025,leite,farelo_soja_46pb,1617041,boletim_mar26,5,estimativa
2025,bovinos,farelo_soja_46pb,1560101,boletim_mar26,5,estimativa
2025,frangos,sorgo,1389095,boletim_mar26,5,estimativa
2025,ovos,sorgo,122499,boletim_mar26,5,estimativa
2025,suinos,sorgo,899200,boletim_mar26,5,estimativa
2025,leite,sorgo,1480891,boletim_mar26,5,estimativa
2025,bovinos,sorgo,953020,boletim_mar26,5,estimativa
2025,frangos,coprodutos_gordura_vegetal_ddgs,321725,boletim_mar26,5,estimativa
2025,ovos,coprodutos_gordura_vegetal_ddgs,332800,boletim_mar26,5,estimativa
2025,suinos,coprodutos_gordura_vegetal_ddgs,778548,boletim_mar26,5,estimativa
2025,leite,coprodutos_gordura_vegetal_ddgs,459822,boletim_mar26,5,estimativa
2025,bovinos,coprodutos_gordura_vegetal_ddgs,1125446,boletim_mar26,5,estimativa
2025,frangos,total,37850000,boletim_mar26,5,estimativa
2025,ovos,total,7429900,boletim_mar26,5,estimativa
2025,suinos,total,22480000,boletim_mar26,5,estimativa
2025,leite,total,7663700,boletim_mar26,5,estimativa
2025,bovinos,total,7761700,boletim_mar26,5,estimativa
