categoria,data,valor_previsto,modelo,ano,fcr_projetado,tendencia_anual,racao_toneladas
bovinos,2026-01,955909919.82,random_forest,2026,0.6659,-0.02729,636540.4156081381
bovinos,2026-02,944553091.48,random_forest,2026,0.6659,-0.02729,628977.9036165321
bovinos,2026-03,945535766.51,random_forest,2026,0.6659,-0.02729,629632.266919009
bovinos,2026-04,947517305.9266666,random_forest,2026,0.6659,-0.02729,630951.7740165673
bovinos,2026-05,976140201.49,random_forest,2026,0.6659,-0.02729,650011.7601721911
bovinos,2026-06,979976416.5066668,random_forest,2026,0.6659,-0.02729,652566.2957517895
bovinos,2026-07,984875521.7633332,random_forest,2026,0.6659,-0.02729,655828.6099422036
bovinos,2026-08,986693121.45,random_forest,2026,0.6659,-0.02729,657038.9495735551
bovinos,2026-09,987696641.5666668,random_forest,2026,0.6659,-0.02729,657707.1936192436
bovinos,2026-10,986055587.1166668,random_forest,2026,0.6659,-0.02729,656614.4154609885
bovinos,2026-11,983546488.5633334,random_forest,2026,0.6659,-0.02729,654943.6067343238
bovinos,2026-12,986981828.57,random_forest,2026,0.6659,-0.02729,657231.199644763
bovinos,2027-01,983228577.1766666,random_forest,2027,0.6386,-0.02729,627889.7693850192
bovinos,2027-02,985120803.8733332,random_forest,2027,0.6386,-0.02729,629098.1453535106
bovinos,2027-03,987450216.9666668,random_forest,2027,0.6386,-0.02729,630585.7085549134
bovinos,2027-04,983625638.87,random_forest,2027,0.6386,-0.02729,628143.3329823819
bovinos,2027-05,985677985.28,random_forest,2027,0.6386,-0.02729,629453.961399808
bovinos,2027-06,987296508.4866668,random_forest,2027,0.6386,-0.02729,630487.5503195854
bovinos,2027-07,985392813.9766668,random_forest,2027,0.6386,-0.02729,629271.8510054994
bovinos,2027-08,986612518.2966666,random_forest,2027,0.6386,-0.02729,630050.7541842513
bovinos,2027-09,989926864.3466668,random_forest,2027,0.6386,-0.02729,632167.2955717813
bovinos,2027-10,987606547.61,random_forest,2027,0.6386,-0.02729,630685.5413037459
bovinos,2027-11,983532347.0233332,random_forest,2027,0.6386,-0.02729,628083.7568091005
bovinos,2027-12,987572830.5666668,random_forest,2027,0.6386,-0.02729,630664.0095998733
suinos,2026-01,473413751.2029124,regressao_linear,2026,3.977,-0.00283,1882766.4885339825
suinos,2026-02,455209201.5121333,regressao_linear,2026,3.977,-0.00283,1810366.994413754
suinos,2026-03,468617455.9231871,regressao_linear,2026,3.977,-0.00283,1863691.622206515
suinos,2026-04,471517646.690854,regressao_linear,2026,3.977,-0.00283,1875225.6808895261
suinos,2026-05,486480726.5437524,regressao_linear,2026,3.977,-0.00283,1934733.8494645031
suinos,2026-06,482960829.5255035,regressao_linear,2026,3.977,-0.00283,1920735.2190229273
suinos,2026-07,510496150.16063714,regressao_linear,2026,3.977,-0.00283,2030243.1891888538
suinos,2026-08,495055890.6321325,regressao_linear,2026,3.977,-0.00283,1968837.2770439908
suinos,2026-09,501814338.5776926,regressao_linear,2026,3.977,-0.00283,1995715.6245234834
suinos,2026-10,512369637.2901501,regressao_linear,2026,3.977,-0.00283,2037694.0475029268
suinos,2026-11,487157801.9811871,regressao_linear,2026,3.977,-0.00283,1937426.578479181
suinos,2026-12,494796303.6443186,regressao_linear,2026,3.977,-0.00283,1967804.899593455
suinos,2027-01,496788433.6664311,regressao_linear,2027,3.9742,-0.00283,1974336.5930771306
suinos,2027-02,486029003.4063651,regressao_linear,2027,3.9742,-0.00283,1931576.4653375763
suinos,2027-03,493317526.3107064,regressao_linear,2027,3.9742,-0.00283,1960542.5130640094
suinos,2027-04,492695843.4065301,regressao_linear,2027,3.9742,-0.00283,1958071.820866232
suinos,2027-05,499250170.3059652,regressao_linear,2027,3.9742,-0.00283,1984120.0268299668
suinos,2027-06,499440510.7584231,regressao_linear,2027,3.9742,-0.00283,1984876.477856125
suinos,2027-07,513423712.79711705,regressao_linear,2027,3.9742,-0.00283,2040448.5193983028
suinos,2027-08,508892926.61401325,regressao_linear,2027,3.9742,-0.00283,2022442.2689494116
suinos,2027-09,515412510.8890252,regressao_linear,2027,3.9742,-0.00283,2048352.4007751641
suinos,2027-10,522129649.7085165,regressao_linear,2027,3.9742,-0.00283,2075047.6538715863
suinos,2027-11,512274002.5848634,regressao_linear,2027,3.9742,-0.00283,2035879.3410727642
suinos,2027-12,518095934.1267444,regressao_linear,2027,3.9742,-0.00283,2059016.8614065077
frangos,2026-01,1210565238.06,random_forest,2026,2.6145,-0.03888,3165022.81490787
frangos,2026-02,1181344541.4133334,random_forest,2026,2.6145,-0.03888,3088625.3035251605
frangos,2026-03,1197201727.18,random_forest,2026,2.6145,-0.03888,3130083.9157121107
frangos,2026-04,1195918493.2166667,random_forest,2026,2.6145,-0.03888,3126728.9005149747
frangos,2026-05,1220931068.253333,random_forest,2026,2.6145,-0.03888,3192124.277948339
frangos,2026-06,1191150577.7833333,random_forest,2026,2.6145,-0.03888,3114263.1856145253
frangos,2026-07,1223499105.9566667,random_forest,2026,2.6145,-0.03888,3198838.412523705
frangos,2026-08,1188363376.91,random_forest,2026,2.6145,-0.03888,3106976.0489311954
frangos,2026-09,1203246399.4466667,random_forest,2026,2.6145,-0.03888,3145887.7113533104
frangos,2026-10,1210653127.8233333,random_forest,2026,2.6145,-0.03888,3165252.602694105
frangos,2026-11,1198143526.48,random_forest,2026,2.6145,-0.03888,3132546.2499819603
frangos,2026-12,1217363319.8066666,random_forest,2026,2.6145,-0.03888,3182796.39963453
frangos,2027-01,1209898358.91,random_forest,2027,2.5756,-0.03888,3116214.2132085967
frangos,2027-02,1197931816.17,random_forest,2027,2.5756,-0.03888,3085393.185727452
frangos,2027-03,1212081136.983333,random_forest,2027,2.5756,-0.03888,3121836.176414273
frangos,2027-04,1207674490.7933333,random_forest,2027,2.5756,-0.03888,3110486.4184873095
frangos,2027-05,1217006535.26,random_forest,2027,2.5756,-0.03888,3134522.0322156562
frangos,2027-06,1198560772.9,random_forest,2027,2.5756,-0.03888,3087013.1266812403
frangos,2027-07,1222567712.0933332,random_forest,2027,2.5756,-0.03888,3148845.399267589
frangos,2027-08,1192521884.43,random_forest,2027,2.5756,-0.03888,3071459.3655379084
frangos,2027-09,1216651262.8433332,random_forest,2027,2.5756,-0.03888,3133606.9925792892
frangos,2027-10,1210788307.1566668,random_forest,2027,2.5756,-0.03888,3118506.363912711
frangos,2027-11,1210336438.12,random_forest,2027,2.5756,-0.03888,3117342.530021872
frangos,2027-12,1210699258.6633334,random_forest,2027,2.5756,-0.03888,3118277.0106132817
ovos,2026-01,430267.26509758295,regressao_linear,2026,1.4023,-0.07442,603363.7858463406
ovos,2026-02,410572.50227556325,regressao_linear,2026,1.4023,-0.07442,575745.8199410224
ovos,2026-03,440382.88197910256,regressao_linear,2026,1.4023,-0.07442,617548.9153992955
ovos,2026-04,438466.4005504726,regressao_linear,2026,1.4023,-0.07442,614861.4334919278
ovos,2026-05,451508.1946997207,regressao_linear,2026,1.4023,-0.07442,633149.9414274184
ovos,2026-06,449214.19296976057,regressao_linear,2026,1.4023,-0.07442,629933.0628014953
ovos,2026-07,456952.1230149522,regressao_linear,2026,1.4023,-0.07442,640783.9621038674
ovos,2026-08,456505.8091059989,regressao_linear,2026,1.4023,-0.07442,640158.0961093423
ovos,2026-09,453826.8371171284,regressao_linear,2026,1.4023,-0.07442,636401.3736893493
ovos,2026-10,462090.5225616267,regressao_linear,2026,1.4023,-0.07442,647989.5397881691
ovos,2026-11,450405.16457670886,regressao_linear,2026,1.4023,-0.07442,631603.1622859188
ovos,2026-12,454939.5565359682,regressao_linear,2026,1.4023,-0.07442,637961.7401303883
ovos,2027-01,459297.7492445756,regressao_linear,2027,1.3279,-0.07442,609901.481221872
ovos,2027-02,442355.2095009068,regressao_linear,2027,1.3279,-0.07442,587403.4826962542
ovos,2027-03,463262.58447211416,regressao_linear,2027,1.3279,-0.07442,615166.3859205204
ovos,2027-04,460714.6080420352,regressao_linear,2027,1.3279,-0.07442,611782.9280190186
ovos,2027-05,473630.27578895417,regressao_linear,2027,1.3279,-0.07442,628933.6432201522
ovos,2027-06,479300.4620994306,regressao_linear,2027,1.3279,-0.07442,636463.0836218339
ovos,2027-07,489676.8881412824,regressao_linear,2027,1.3279,-0.07442,650241.939762809
ovos,2027-08,496105.8008106853,regressao_linear,2027,1.3279,-0.07442,658778.892896509
ovos,2027-09,499067.2363808201,regressao_linear,2027,1.3279,-0.07442,662711.383190091
ovos,2027-10,509486.6551267907,regressao_linear,2027,1.3279,-0.07442,676547.3293428654
ovos,2027-11,503703.7920768399,regressao_linear,2027,1.3279,-0.07442,668868.2654988357
ovos,2027-12,508406.5561967372,regressao_linear,2027,1.3279,-0.07442,675113.0659736474
leite,2026-01,2439903.756666667,random_forest,2026,0.284,0.00689,692932.6668933333
leite,2026-02,2362721.2733333334,random_forest,2026,0.284,0.00689,671012.8416266666
leite,2026-03,2412734.36,random_forest,2026,0.284,0.00689,685216.5582399999
leite,2026-04,2384319.7333333334,random_forest,2026,0.284,0.00689,677146.8042666666
leite,2026-05,2440671.0933333333,random_forest,2026,0.284,0.00689,693150.5905066666
leite,2026-06,2437870.2066666665,random_forest,2026,0.284,0.00689,692355.1386933333
leite,2026-07,2443775.26,random_forest,2026,0.284,0.00689,694032.1738399998
leite,2026-08,2446017.243333333,random_forest,2026,0.284,0.00689,694668.8971066666
leite,2026-09,2445124.1933333334,random_forest,2026,0.284,0.00689,694415.2709066666
leite,2026-10,2447437.83,random_forest,2026,0.284,0.00689,695072.34372
leite,2026-11,2444930.236666667,random_forest,2026,0.284,0.00689,694360.1872133333
leite,2026-12,2446183.723333333,random_forest,2026,0.284,0.00689,694716.1774266666
leite,2027-01,2442928.4366666665,random_forest,2027,0.2909,0.00689,710647.8822263333
leite,2027-02,2416196.946666667,random_forest,2027,0.2909,0.00689,702871.6917853333
leite,2027-03,2415265.276666667,random_forest,2027,0.2909,0.00689,702600.6689823334
leite,2027-04,2414480.623333333,random_forest,2027,0.2909,0.00689,702372.4133276666
leite,2027-05,2440742.33,random_forest,2027,0.2909,0.00689,710011.943797
leite,2027-06,2443506.796666667,random_forest,2027,0.2909,0.00689,710816.1271503334
leite,2027-07,2444092.94,random_forest,2027,0.2909,0.00689,710986.636246
leite,2027-08,2445528.39,random_forest,2027,0.2909,0.00689,711404.208651
leite,2027-09,2445124.1933333334,random_forest,2027,0.2909,0.00689,711286.6278406667
leite,2027-10,2447437.83,random_forest,2027,0.2909,0.00689,711959.664747
leite,2027-11,2444930.236666667,random_forest,2027,0.2909,0.00689,711230.2058463334
leite,2027-12,2446183.723333333,random_forest,2027,0.2909,0.00689,711594.8451176666
