categoria,data,modelo,observado,previsto
bovinos,2024-01,regressao_linear,830291531.0,766521565.5580987
bovinos,2024-02,regressao_linear,807276435.0,731878542.0591834
bovinos,2024-03,regressao_linear,793906314.0,718234228.4060978
bovinos,2024-04,regressao_linear,869885080.0,705924786.0838565
bovinos,2024-05,regressao_linear,887433521.0,732816377.9609947
bovinos,2024-06,regressao_linear,850261747.0,726826206.309258
bovinos,2024-07,regressao_linear,953585498.0,736697231.0152369
bovinos,2024-08,regressao_linear,945216362.0,765902644.2410306
bovinos,2024-09,regressao_linear,885539133.0,755315068.0457875
bovinos,2024-10,regressao_linear,895153485.0,775562233.0826051
bovinos,2024-11,regressao_linear,813745719.0,778909947.1285961
bovinos,2024-12,regressao_linear,823648355.0,780916371.6830121
bovinos,2025-01,regressao_linear,855707828.0,774650909.9431818
bovinos,2025-02,regressao_linear,820657367.0,762788216.7504572
bovinos,2025-03,regressao_linear,831097307.0,752974165.7689633
bovinos,2025-04,regressao_linear,852553618.0,741775006.0596508
bovinos,2025-05,regressao_linear,921887008.0,742293152.2196664
bovinos,2025-06,regressao_linear,903807311.0,736348824.8284546
bovinos,2025-07,regressao_linear,1004233990.0,736488431.3050768
bovinos,2025-08,regressao_linear,969441045.0,743904242.9703695
bovinos,2025-09,regressao_linear,1006379779.0,742587908.8967787
bovinos,2025-10,regressao_linear,1039118750.0,750660381.5218047
bovinos,2025-11,regressao_linear,928161617.0,754779113.2715881
bovinos,2025-12,regressao_linear,970169531.0,759062471.5052416
bovinos,2024-01,random_forest,830291531.0,800207713.84
bovinos,2024-02,random_forest,807276435.0,771119345.2266667
bovinos,2024-03,random_forest,793906314.0,776515107.56
bovinos,2024-04,random_forest,869885080.0,790905517.7933333
bovinos,2024-05,random_forest,887433521.0,808988896.65
bovinos,2024-06,random_forest,850261747.0,806457155.8466667
bovinos,2024-07,random_forest,953585498.0,810289519.4633334
bovinos,2024-08,random_forest,945216362.0,812513165.5833334
bovinos,2024-09,random_forest,885539133.0,811985188.5233333
bovinos,2024-10,random_forest,895153485.0,810186421.9866667
bovinos,2024-11,random_forest,813745719.0,808742264.2033334
bovinos,2024-12,random_forest,823648355.0,807107002.1733333
bovinos,2025-01,random_forest,855707828.0,806274163.36
bovinos,2025-02,random_forest,820657367.0,796839337.9666667
bovinos,2025-03,random_forest,831097307.0,797171771.84
bovinos,2025-04,random_forest,852553618.0,800553835.0166667
bovinos,2025-05,random_forest,921887008.0,808695290.4033333
bovinos,2025-06,random_forest,903807311.0,808464363.6766666
bovinos,2025-07,random_forest,1004233990.0,810289519.4633334
bovinos,2025-08,random_forest,969441045.0,812513165.5833334
bovinos,2025-09,random_forest,1006379779.0,812204085.64
bovinos,2025-10,random_forest,1039118750.0,810186421.9866667
bovinos,2025-11,random_forest,928161617.0,808742264.2033334
bovinos,2025-12,random_forest,970169531.0,807107002.1733333
bovinos,2024-01,baseline_sazonal,830291531.0,675814267.0
bovinos,2024-02,baseline_sazonal,807276435.0,614534547.0
bovinos,2024-03,baseline_sazonal,793906314.0,642812494.0
bovinos,2024-04,baseline_sazonal,869885080.0,661194969.0
bovinos,2024-05,baseline_sazonal,887433521.0,785487380.0
bovinos,2024-06,baseline_sazonal,850261747.0,753118775.0
bovinos,2024-07,baseline_sazonal,953585498.0,769547613.0
bovinos,2024-08,baseline_sazonal,945216362.0,850128808.0
bovinos,2024-09,baseline_sazonal,885539133.0,776761423.0
bovinos,2024-10,baseline_sazonal,895153485.0,822354936.0
bovinos,2024-11,baseline_sazonal,813745719.0,811900784.0
bovinos,2024-12,baseline_sazonal,823648355.0,798766957.0
bovinos,2025-01,baseline_sazonal,855707828.0,675814267.0
bovinos,2025-02,baseline_sazonal,820657367.0,614534547.0
bovinos,2025-03,baseline_sazonal,831097307.0,642812494.0
bovinos,2025-04,baseline_sazonal,852553618.0,661194969.0
bovinos,2025-05,baseline_sazonal,921887008.0,785487380.0
bovinos,2025-06,baseline_sazonal,903807311.0,753118775.0
bovinos,2025-07,baseline_sazonal,1004233990.0,769547613.0
bovinos,2025-08,baseline_sazonal,969441045.0,850128808.0
bovinos,2025-09,baseline_sazonal,1006379779.0,776761423.0
bovinos,2025-10,baseline_sazonal,1039118750.0,822354936.0
bovinos,2025-11,baseline_sazonal,928161617.0,811900784.0
bovinos,2025-12,baseline_sazonal,970169531.0,798766957.0
suinos,2024-01,regressao_linear,444276507.0,442371075.08025765
suinos,2024-02,regressao_linear,429210280.0,427201594.12910575
suinos,2024-03,regressao_linear,418928769.0,458378284.6555425
suinos,2024-04,regressao_linear,451103714.0,430172735.1373795
suinos,2024-05,regressao_linear,449290101.0,466258494.9335899
suinos,2024-06,regressao_linear,436690903.0,463259843.92269176
suinos,2024-07,regressao_linear,491272626.0,465526188.952679
suinos,2024-08,regressao_linear,474309280.0,483415722.93071604
suinos,2024-09,regressao_linear,437415993.0,463319595.90407914
suinos,2024-10,regressao_linear,471031426.0,470562900.2847454
suinos,2024-11,regressao_linear,427042840.0,463356263.37650603
suinos,2024-12,regressao_linear,428324759.0,459925901.085338
suinos,2025-01,regressao_linear,455183503.0,465724637.0958282
suinos,2025-02,regressao_linear,429184837.0,457453543.80359554
suinos,2025-03,regressao_linear,448744107.0,471420205.63090116
suinos,2025-04,regressao_linear,457980487.0,459115279.3510395
suinos,2025-05,regressao_linear,490802196.0,476274392.0507997
suinos,2025-06,regressao_linear,472885808.0,475563323.41670185
suinos,2025-07,regressao_linear,524833173.0,479106409.6545197
suinos,2025-08,regressao_linear,481383734.0,490114298.3513817
suinos,2025-09,regressao_linear,483907138.0,483192061.0548261
suinos,2025-10,regressao_linear,503686696.0,489496075.3455523
suinos,2025-11,regressao_linear,448035876.0,486997999.86482537
suinos,2025-12,regressao_linear,459773516.0,485877062.4070936
suinos,2024-01,random_forest,444276507.0,434865911.5566667
suinos,2024-02,random_forest,429210280.0,403964420.9266667
suinos,2024-03,random_forest,418928769.0,459104938.62666667
suinos,2024-04,random_forest,451103714.0,403204757.63666666
suinos,2024-05,random_forest,449290101.0,462964323.19
suinos,2024-06,random_forest,436690903.0,461541894.67333335
suinos,2024-07,random_forest,491272626.0,460828970.55333334
suinos,2024-08,random_forest,474309280.0,464139421.4
suinos,2024-09,random_forest,437415993.0,439252293.06333333
suinos,2024-10,random_forest,471031426.0,444018918.04
suinos,2024-11,random_forest,427042840.0,434391427.87666667
suinos,2024-12,random_forest,428324759.0,434524211.50333333
suinos,2025-01,random_forest,455183503.0,434650571.95
suinos,2025-02,random_forest,429184837.0,405046269.80333334
suinos,2025-03,random_forest,448744107.0,457226373.6766667
suinos,2025-04,random_forest,457980487.0,405049025.11333334
suinos,2025-05,random_forest,490802196.0,462956656.5966667
suinos,2025-06,random_forest,472885808.0,461541894.67333335
suinos,2025-07,random_forest,524833173.0,462714850.38
suinos,2025-08,random_forest,481383734.0,464139421.4
suinos,2025-09,random_forest,483907138.0,437882213.75
suinos,2025-10,random_forest,503686696.0,443651415.0233333
suinos,2025-11,random_forest,448035876.0,433948889.87333333
suinos,2025-12,random_forest,459773516.0,434120693.01666665
suinos,2024-01,baseline_sazonal,444276507.0,429380594.0
suinos,2024-02,baseline_sazonal,429210280.0,398544345.0
suinos,2024-03,baseline_sazonal,418928769.0,464325515.0
suinos,2024-04,baseline_sazonal,451103714.0,396824032.0
suinos,2024-05,baseline_sazonal,449290101.0,471316937.0
suinos,2024-06,baseline_sazonal,436690903.0,462495956.0
suinos,2024-07,baseline_sazonal,491272626.0,456801471.0
suinos,2024-08,baseline_sazonal,474309280.0,484498572.0
suinos,2024-09,baseline_sazonal,437415993.0,434614236.0
suinos,2024-10,baseline_sazonal,471031426.0,442725606.0
suinos,2024-11,baseline_sazonal,427042840.0,430056895.0
suinos,2024-12,baseline_sazonal,428324759.0,426982072.0
suinos,2025-01,baseline_sazonal,455183503.0,429380594.0
suinos,2025-02,baseline_sazonal,429184837.0,398544345.0
suinos,2025-03,baseline_sazonal,448744107.0,464325515.0
suinos,2025-04,baseline_sazonal,457980487.0,396824032.0
suinos,2025-05,baseline_sazonal,490802196.0,471316937.0
suinos,2025-06,baseline_sazonal,472885808.0,462495956.0
suinos,2025-07,baseline_sazonal,524833173.0,456801471.0
suinos,2025-08,baseline_sazonal,481383734.0,484498572.0
suinos,2025-09,baseline_sazonal,483907138.0,434614236.0
suinos,2025-10,baseline_sazonal,503686696.0,442725606.0
suinos,2025-11,baseline_sazonal,448035876.0,430056895.0
suinos,2025-12,baseline_sazonal,459773516.0,426982072.0
frangos,2024-01,regressao_linear,1172438617.0,1103109946.139635
frangos,2024-02,regressao_linear,1112499862.0,1057686745.4029713
frangos,2024-03,regressao_linear,1101582838.0,1135244813.12098
frangos,2024-04,regressao_linear,1188715132.0,1067791649.2154092
frangos,2024-05,regressao_linear,1158981400.0,1139078065.3180304
frangos,2024-06,regressao_linear,1112900033.0,1115158188.5995798
frangos,2024-07,regressao_linear,1226124789.0,1113002651.733974
frangos,2024-08,regressao_linear,1167310413.0,1148835812.5492966
frangos,2024-09,regressao_linear,1095219848.0,1097449324.0664568
frangos,2024-10,regressao_linear,1194067795.0,1127652253.369732
frangos,2024-11,regressao_linear,1111356113.0,1105308239.441905
frangos,2024-12,regressao_linear,1073504854.0,1096435876.301721
frangos,2025-01,regressao_linear,1224795946.0,1118203331.781556
frangos,2025-02,regressao_linear,1119748135.0,1088815110.4496288
frangos,2025-03,regressao_linear,1147855274.0,1123792626.3294299
frangos,2025-04,regressao_linear,1156342777.0,1093530250.645616
frangos,2025-05,regressao_linear,1261758913.0,1124447443.5638487
frangos,2025-06,regressao_linear,1140351085.0,1114691320.860319
frangos,2025-07,regressao_linear,1267345087.0,1116324039.1271996
frangos,2025-08,regressao_linear,1154889243.0,1136404984.9334083
frangos,2025-09,regressao_linear,1175930943.0,1114211441.1226146
frangos,2025-10,regressao_linear,1267185875.0,1134892901.9261873
frangos,2025-11,regressao_linear,1166959544.0,1123822304.86456
frangos,2025-12,regressao_linear,1221098674.0,1121430584.065835
frangos,2024-01,random_forest,1172438617.0,1116792680.8366666
frangos,2024-02,random_forest,1112499862.0,1124841177.5633333
frangos,2024-03,random_forest,1101582838.0,1137472767.1066666
frangos,2024-04,random_forest,1188715132.0,1106743235.6633334
frangos,2024-05,random_forest,1158981400.0,1150689745.7466667
frangos,2024-06,random_forest,1112900033.0,1139012185.12
frangos,2024-07,random_forest,1226124789.0,1134784987.4966667
frangos,2024-08,random_forest,1167310413.0,1132564114.47
frangos,2024-09,random_forest,1095219848.0,1087322418.0066667
frangos,2024-10,random_forest,1194067795.0,1116726736.2666667
frangos,2024-11,random_forest,1111356113.0,1095272469.6566668
frangos,2024-12,random_forest,1073504854.0,1093512217.8533332
frangos,2025-01,random_forest,1224795946.0,1115074686.55
frangos,2025-02,random_forest,1119748135.0,1118520281.4366667
frangos,2025-03,random_forest,1147855274.0,1132652353.8966668
frangos,2025-04,random_forest,1156342777.0,1136140724.19
frangos,2025-05,random_forest,1261758913.0,1133287479.06
frangos,2025-06,random_forest,1140351085.0,1119214544.11
frangos,2025-07,random_forest,1267345087.0,1115009578.6966667
frangos,2025-08,random_forest,1154889243.0,1124750216.1166666
frangos,2025-09,random_forest,1175930943.0,1113877010.4533334
frangos,2025-10,random_forest,1267185875.0,1110991613.7966666
frangos,2025-11,random_forest,1166959544.0,1117042655.5066667
frangos,2025-12,random_forest,1221098674.0,1108577315.35
frangos,2024-01,baseline_sazonal,1172438617.0,1153039591.0
frangos,2024-02,baseline_sazonal,1112499862.0,1075568222.0
frangos,2024-03,baseline_sazonal,1101582838.0,1226709256.0
frangos,2024-04,baseline_sazonal,1188715132.0,1043444580.0
frangos,2024-05,baseline_sazonal,1158981400.0,1188316639.0
frangos,2024-06,baseline_sazonal,1112900033.0,1129139565.0
frangos,2024-07,baseline_sazonal,1226124789.0,1105101750.0
frangos,2024-08,baseline_sazonal,1167310413.0,1160144333.0
frangos,2024-09,baseline_sazonal,1095219848.0,1048852392.0
frangos,2024-10,baseline_sazonal,1194067795.0,1088885557.0
frangos,2024-11,baseline_sazonal,1111356113.0,1055701303.0
frangos,2024-12,baseline_sazonal,1073504854.0,1046960122.0
frangos,2025-01,baseline_sazonal,1224795946.0,1153039591.0
frangos,2025-02,baseline_sazonal,1119748135.0,1075568222.0
frangos,2025-03,baseline_sazonal,1147855274.0,1226709256.0
frangos,2025-04,baseline_sazonal,1156342777.0,1043444580.0
frangos,2025-05,baseline_sazonal,1261758913.0,1188316639.0
frangos,2025-06,baseline_sazonal,1140351085.0,1129139565.0
frangos,2025-07,baseline_sazonal,1267345087.0,1105101750.0
frangos,2025-08,baseline_sazonal,1154889243.0,1160144333.0
frangos,2025-09,baseline_sazonal,1175930943.0,1048852392.0
frangos,2025-10,baseline_sazonal,1267185875.0,1088885557.0
frangos,2025-11,baseline_sazonal,1166959544.0,1055701303.0
frangos,2025-12,baseline_sazonal,1221098674.0,1046960122.0
ovos,2024-01,regressao_linear,374345.0,362597.43983098853
ovos,2024-02,regressao_linear,356641.0,340683.1673771343
ovos,2024-03,regressao_linear,373789.0,364701.6738369982
ovos,2024-04,regressao_linear,386502.0,355685.9323828749
ovos,2024-05,regressao_linear,395943.0,369800.1791279701
ovos,2024-06,regressao_linear,386183.0,364838.3468720338
ovos,2024-07,regressao_linear,406731.0,376031.6030526083
ovos,2024-08,regressao_linear,404641.0,385629.6327284676
ovos,2024-09,regressao_linear,394019.0,378262.15513177647
ovos,2024-10,regressao_linear,408970.0,385692.0772362015
ovos,2024-11,regressao_linear,397488.0,378720.9722198326
ovos,2024-12,regressao_linear,403095.0,379220.8987730101
ovos,2025-01,regressao_linear,409792.0,383467.124061976
ovos,2025-02,regressao_linear,381703.0,362908.42892508116
ovos,2025-03,regressao_linear,418766.0,379350.62406251894
ovos,2025-04,regressao_linear,413619.0,368117.11422533577
ovos,2025-05,regressao_linear,422402.0,378004.1014766563
ovos,2025-06,regressao_linear,407026.0,374926.82659079845
ovos,2025-07,regressao_linear,415751.0,383620.42969700275
ovos,2025-08,regressao_linear,413695.0,394827.1652300095
ovos,2025-09,regressao_linear,412194.0,393207.0682453293
ovos,2025-10,regressao_linear,425199.0,405149.3649923663
ovos,2025-11,regressao_linear,412484.0,403774.9843327295
ovos,2025-12,regressao_linear,421490.0,407517.0229832514
ovos,2024-01,random_forest,374345.0,357141.21
ovos,2024-02,random_forest,356641.0,341168.3
ovos,2024-03,random_forest,373789.0,357398.85
ovos,2024-04,random_forest,386502.0,353084.62666666665
ovos,2024-05,random_forest,395943.0,356717.2733333333
ovos,2024-06,random_forest,386183.0,357334.8566666667
ovos,2024-07,random_forest,406731.0,358141.5466666667
ovos,2024-08,random_forest,404641.0,358464.4033333333
ovos,2024-09,random_forest,394019.0,357537.9533333333
ovos,2024-10,random_forest,408970.0,357471.29
ovos,2024-11,random_forest,397488.0,357234.33666666667
ovos,2024-12,random_forest,403095.0,357137.05333333334
ovos,2025-01,random_forest,409792.0,357245.24666666664
ovos,2025-02,random_forest,381703.0,354543.14
ovos,2025-03,random_forest,418766.0,357361.49333333335
ovos,2025-04,random_forest,413619.0,357740.52
ovos,2025-05,random_forest,422402.0,358240.39
ovos,2025-06,random_forest,407026.0,358291.69
ovos,2025-07,random_forest,415751.0,358385.82
ovos,2025-08,random_forest,413695.0,358464.4033333333
ovos,2025-09,random_forest,412194.0,357537.9533333333
ovos,2025-10,random_forest,425199.0,357471.29
ovos,2025-11,random_forest,412484.0,357234.33666666667
ovos,2025-12,random_forest,421490.0,357137.05333333334
ovos,2024-01,baseline_sazonal,374345.0,352466.0
ovos,2024-02,baseline_sazonal,356641.0,326468.0
ovos,2024-03,baseline_sazonal,373789.0,356903.0
ovos,2024-04,baseline_sazonal,386502.0,347007.0
ovos,2024-05,baseline_sazonal,395943.0,361313.0
ovos,2024-06,baseline_sazonal,386183.0,349427.0
ovos,2024-07,baseline_sazonal,406731.0,361763.0
ovos,2024-08,baseline_sazonal,404641.0,368889.0
ovos,2024-09,baseline_sazonal,394019.0,355788.0
ovos,2024-10,baseline_sazonal,408970.0,361080.0
ovos,2024-11,baseline_sazonal,397488.0,353369.0
ovos,2024-12,baseline_sazonal,403095.0,356329.0
ovos,2025-01,baseline_sazonal,409792.0,352466.0
ovos,2025-02,baseline_sazonal,381703.0,326468.0
ovos,2025-03,baseline_sazonal,418766.0,356903.0
ovos,2025-04,baseline_sazonal,413619.0,347007.0
ovos,2025-05,baseline_sazonal,422402.0,361313.0
ovos,2025-06,baseline_sazonal,407026.0,349427.0
ovos,2025-07,baseline_sazonal,415751.0,361763.0
ovos,2025-08,baseline_sazonal,413695.0,368889.0
ovos,2025-09,baseline_sazonal,412194.0,355788.0
ovos,2025-10,baseline_sazonal,425199.0,361080.0
ovos,2025-11,baseline_sazonal,412484.0,353369.0
ovos,2025-12,baseline_sazonal,421490.0,356329.0
leite,2024-01,regressao_linear,2216612.0,2140257.4657283393
leite,2024-02,regressao_linear,2009192.0,1992011.8875858898
leite,2024-03,regressao_linear,2054718.0,1991855.6500216683
leite,2024-04,regressao_linear,1983187.0,1921262.9917115257
leite,2024-05,regressao_linear,1997163.0,1954073.4842010816
leite,2024-06,regressao_linear,1962870.0,1939981.436667458
leite,2024-07,regressao_linear,2087888.0,2021987.094202387
leite,2024-08,regressao_linear,2139456.0,2085938.23679035
leite,2024-09,regressao_linear,2131011.0,2104782.7007245705
leite,2024-10,regressao_linear,2207913.0,2153079.3587586517
leite,2024-11,regressao_linear,2236580.0,2124902.455222952
leite,2024-12,regressao_linear,2339505.0,2157922.61253242
leite,2025-01,regressao_linear,2339641.0,2135147.475645543
leite,2025-02,regressao_linear,2058927.0,2052159.3191732962
leite,2025-03,regressao_linear,2209793.0,2014498.444907036
leite,2025-04,regressao_linear,2123617.0,1954329.6721911868
leite,2025-05,regressao_linear,2222069.0,1955402.7295850234
leite,2025-06,regressao_linear,2203702.0,1945350.9765735425
leite,2025-07,regressao_linear,2327930.0,1994151.5803002452
leite,2025-08,regressao_linear,2392893.0,2046294.2297242125
leite,2025-09,regressao_linear,2366938.0,2083139.8702357854
leite,2025-10,regressao_linear,2485625.0,2123915.18176325
leite,2025-11,regressao_linear,2414590.0,2121733.3449859135
leite,2025-12,regressao_linear,2467293.0,2139583.355571938
leite,2024-01,random_forest,2216612.0,2175645.19
leite,2024-02,random_forest,2009192.0,1912573.9966666666
leite,2024-03,random_forest,2054718.0,2005968.7866666666
leite,2024-04,random_forest,1983187.0,1898312.7533333334
leite,2024-05,random_forest,1997163.0,1946288.9233333333
leite,2024-06,random_forest,1962870.0,1925644.04
leite,2024-07,random_forest,2087888.0,2050658.68
leite,2024-08,random_forest,2139456.0,2116501.9566666665
leite,2024-09,random_forest,2131011.0,2098838.8766666665
leite,2024-10,random_forest,2207913.0,2166026.8133333335
leite,2024-11,random_forest,2236580.0,2166467.0833333335
leite,2024-12,random_forest,2339505.0,2221645.303333333
leite,2025-01,random_forest,2339641.0,2206826.3233333332
leite,2025-02,random_forest,2058927.0,1935561.0833333333
leite,2025-03,random_forest,2209793.0,2049076.2566666666
leite,2025-04,random_forest,2123617.0,1903733.45
leite,2025-05,random_forest,2222069.0,1943554.9466666668
leite,2025-06,random_forest,2203702.0,1927418.6066666667
leite,2025-07,random_forest,2327930.0,2051900.3933333333
leite,2025-08,random_forest,2392893.0,2115472.033333333
leite,2025-09,random_forest,2366938.0,2095272.0033333334
leite,2025-10,random_forest,2485625.0,2163020.1366666667
leite,2025-11,random_forest,2414590.0,2180201.1033333335
leite,2025-12,random_forest,2467293.0,2223954.2
leite,2024-01,baseline_sazonal,2216612.0,2139462.0
leite,2024-02,baseline_sazonal,2009192.0,1870822.0
leite,2024-03,baseline_sazonal,2054718.0,1996500.0
leite,2024-04,baseline_sazonal,1983187.0,1890588.0
leite,2024-05,baseline_sazonal,1997163.0,1965775.0
leite,2024-06,baseline_sazonal,1962870.0,1933254.0
leite,2024-07,baseline_sazonal,2087888.0,2069064.0
leite,2024-08,baseline_sazonal,2139456.0,2139720.0
leite,2024-09,baseline_sazonal,2131011.0,2109897.0
leite,2024-10,baseline_sazonal,2207913.0,2188598.0
leite,2024-11,baseline_sazonal,2236580.0,2114669.0
leite,2024-12,baseline_sazonal,2339505.0,2187250.0
leite,2025-01,baseline_sazonal,2339641.0,2139462.0
leite,2025-02,baseline_sazonal,2058927.0,1870822.0
leite,2025-03,baseline_sazonal,2209793.0,1996500.0
leite,2025-04,baseline_sazonal,2123617.0,1890588.0
leite,2025-05,baseline_sazonal,2222069.0,1965775.0
leite,2025-06,baseline_sazonal,2203702.0,1933254.0
leite,2025-07,baseline_sazonal,2327930.0,2069064.0
leite,2025-08,baseline_sazonal,2392893.0,2139720.0
leite,2025-09,baseline_sazonal,2366938.0,2109897.0
leite,2025-10,baseline_sazonal,2485625.0,2188598.0
leite,2025-11,baseline_sazonal,2414590.0,2114669.0
leite,2025-12,baseline_sazonal,2467293.0,2187250.0
