ano,categoria,modelo_producao,ano_validacao_modelo1,mape_validacao_linear_pct,mape_validacao_rf_pct,ultimo_ano_treino_producao,primeiro_ano_treino_fcr,ultimo_ano_treino_fcr,fcr_tendencia,fcr_ultimo,producao_prevista_unidade_fcr,racao_prevista_toneladas,racao_baseline_toneladas,racao_referencia_toneladas,erro_pipeline_pct,erro_baseline_pct,erro_fcr_tendencia_isolado_pct,erro_fcr_ultimo_isolado_pct
2024,bovinos,random_forest,2023,11.586670568711684,11.447337428338123,2023,2021,2023,0.7482666666666518,0.7364,9615017.29885,7194596.944152683,6600000.0,7200000.0,0.07504244232384716,8.333333333333337,7.62509838177563,5.918285524333333
2024,frangos,regressao_linear,2023,4.155755328425576,4.508252212965541,2023,2021,2023,2.7088333333333097,2.7399,13306753.565259691,36045777.61602731,36500000.0,36900000.0,2.31496581022409,1.0840108401083959,0.6797861935772476,1.8344476189447123
2024,leite,random_forest,2023,5.287805570454179,3.6319762234628348,2023,2021,2023,0.24159999999999826,0.2438,24684572.403333332,5963792.69264529,6000000.0,7100000.0,16.002919821897322,15.492957746478876,13.683823211268232,12.897831535211267
2024,ovos,regressao_linear,2023,2.2576681925783255,2.537991947513148,2023,2021,2023,1.5308333333333337,1.6232,4441864.0785698965,6799753.593610751,6900000.0,7200000.0,5.5589778665173455,4.1666666666666625,0.3183629745370009,5.696178477777769
2024,suinos,regressao_linear,2023,4.289382114531989,4.329153790319986,2023,2021,2023,3.8772666666666282,3.9256,5493748.600392631,21300728.32334879,20800000.0,21600000.0,1.3855170215333779,3.703703703703709,3.806141315284284,2.6070053681999883
2025,bovinos,random_forest,2024,13.049194534964622,6.9042649208156766,2024,2021,2024,0.6792500000000246,0.6953,10319395.034699999,7009449.077320227,7200000.0,7800000.0,10.135268239484263,7.692307692307687,3.3095013933715056,1.0248013526884536
2025,frangos,random_forest,2024,3.77028900458282,3.333861665581416,2024,2021,2024,2.6590000000000344,2.6905,13551500.869246665,36033440.81132735,36900000.0,37900000.0,4.924958281458169,2.638522427440637,0.35628316059233,1.5451597756939162
2025,leite,random_forest,2024,2.9943424986695693,2.68237276539487,2024,2021,2024,0.2743999999999964,0.2799,25737138.39333333,7062270.775130574,7100000.0,7700000.0,8.282197725576967,7.792207792207795,1.5972449454558224,0.3751134831168734
2025,ovos,regressao_linear,2024,5.2273105713379735,8.839956208019894,2024,2021,2024,1.4513500000000477,1.5357,4983390.6260505235,7232643.985118665,7200000.0,7400000.0,2.2615677686666946,2.7027027027026973,2.835628197969786,2.811400266216224
2025,suinos,regressao_linear,2024,4.489824207501038,4.550545844868247,2024,2021,2024,3.98285,4.0307,5512921.26594485,21957138.464068446,21600000.0,22500000.0,2.412717937473574,4.0000000000000036,0.1270978028104608,1.3300257639097923
