ano,item,participacao_base,participacao_ajustada,demanda_base_toneladas,demanda_ajustada_toneladas,diferenca_toneladas
2026,milho,0.5552,0.5553,47482004.1,47483199.8,1195.7
2026,farelo_soja_46pb,0.2162,0.2163,18490412.3,18491200.6,788.3
2026,sorgo,0.0598,0.0598,5114475.9,5114243.6,-232.3
2026,coprodutos_gordura_vegetal_ddgs,0.0431,0.0429,3683530.4,3681778.4,-1752.0
2027,milho,0.5432,0.5378,47316873.5,46848145.4,-468728.1
2027,farelo_soja_46pb,0.2163,0.2119,18841147.9,18457185.1,-383962.8
2027,sorgo,0.0659,0.0659,5737848.5,5737288.9,-559.6
2027,coprodutos_gordura_vegetal_ddgs,0.0464,0.0562,4038556.8,4891807.4,853250.6
2028,milho,0.5313,0.5259,23394646.1,23157686.0,-236960.1
2028,farelo_soja_46pb,0.2164,0.212,9529966.6,9335858.5,-194108.1
2028,sorgo,0.0719,0.0719,3168192.4,3167909.3,-283.1
2028,coprodutos_gordura_vegetal_ddgs,0.0497,0.0595,2186807.2,2618158.5,431351.3
