data,ano,categoria,item,racao_modelo2_toneladas,participacao_2025_na_cadeia,ingrediente_previsto_toneladas
2026-01,2026,bovinos,milho,636540.4156081381,0.3239975778502132,206237.5528608048
2026-01,2026,bovinos,farelo_soja_46pb,636540.4156081381,0.20099990981357177,127944.56612992924
2026-01,2026,bovinos,sorgo,636540.4156081381,0.12278495690377109,78157.58749795378
2026-01,2026,bovinos,coprodutos_gordura_vegetal_ddgs,636540.4156081381,0.1449999355811227,92298.31925796109
2026-02,2026,bovinos,milho,628977.9036165321,0.3239975778502132,203787.31729306126
2026-02,2026,bovinos,farelo_soja_46pb,628977.9036165321,0.20099990981357177,126424.50190165239
2026-02,2026,bovinos,sorgo,628977.9036165321,0.12278495690377109,77229.02478898018
2026-02,2026,bovinos,coprodutos_gordura_vegetal_ddgs,628977.9036165321,0.1449999355811227,91201.75550634676
2026-03,2026,bovinos,milho,629632.266919009,0.3239975778502132,203999.32941809786
2026-03,2026,bovinos,farelo_soja_46pb,629632.266919009,0.20099990981357177,126556.02886643556
2026-03,2026,bovinos,sorgo,629632.266919009,0.12278495690377109,77309.37075887423
2026-03,2026,bovinos,coprodutos_gordura_vegetal_ddgs,629632.266919009,0.1449999355811227,91296.63814305257
2026-04,2026,bovinos,milho,630951.7740165673,0.3239975778502132,204426.8465216629
2026-04,2026,bovinos,farelo_soja_46pb,630951.7740165673,0.20099990981357177,126821.24967404314
2026-04,2026,bovinos,sorgo,630951.7740165673,0.12278495690377109,77471.38638098212
2026-04,2026,bovinos,coprodutos_gordura_vegetal_ddgs,630951.7740165673,0.1449999355811227,91487.96658719734
2026-05,2026,bovinos,milho,650011.7601721911,0.3239975778502132,210602.2358699436
2026-05,2026,bovinos,farelo_soja_46pb,650011.7601721911,0.20099990981357177,130652.30517237145
2026-05,2026,bovinos,sorgo,650011.7601721911,0.12278495690377109,79811.66595968687
2026-05,2026,bovinos,coprodutos_gordura_vegetal_ddgs,650011.7601721911,0.1449999355811227,94251.66335193989
2026-06,2026,bovinos,milho,652566.2957517895,0.3239975778502132,211429.89921026566
2026-06,2026,bovinos,farelo_soja_46pb,652566.2957517895,0.20099990981357177,131165.76659348627
2026-06,2026,bovinos,sorgo,652566.2957517895,0.12278495690377109,80125.32450073701
2026-06,2026,bovinos,coprodutos_gordura_vegetal_ddgs,652566.2957517895,0.1449999355811227,94622.07084642134
2026-07,2026,bovinos,milho,655828.6099422036,0.3239975778502132,212486.88110614623
2026-07,2026,bovinos,farelo_soja_46pb,655828.6099422036,0.20099990981357177,131821.49145154306
2026-07,2026,bovinos,sorgo,655828.6099422036,0.12278495690377109,80525.88760801357
2026-07,2026,bovinos,coprodutos_gordura_vegetal_ddgs,655828.6099422036,0.1449999355811227,95095.10619387677
2026-08,2026,bovinos,milho,657038.9495735551,0.3239975778502132,212879.02821508024
2026-08,2026,bovinos,farelo_soja_46pb,657038.9495735551,0.20099990981357177,132064.7696082885
2026-08,2026,bovinos,sorgo,657038.9495735551,0.12278495690377109,80674.499107488
2026-08,2026,bovinos,coprodutos_gordura_vegetal_ddgs,657038.9495735551,0.1449999355811227,95270.60536245402
2026-09,2026,bovinos,milho,657707.1936192436,0.3239975778502132,213095.53766729613
2026-09,2026,bovinos,farelo_soja_46pb,657707.1936192436,0.20099990981357177,132199.08660120534
2026-09,2026,bovinos,sorgo,657707.1936192436,0.12278495690377109,80756.54942383905
2026-09,2026,bovinos,coprodutos_gordura_vegetal_ddgs,657707.1936192436,0.1449999355811227,95367.50070603131
2026-10,2026,bovinos,milho,656614.4154609885,0.3239975778502132,212741.48019089387
2026-10,2026,bovinos,farelo_soja_46pb,656614.4154609885,0.20099990981357177,131979.43828994985
2026-10,2026,bovinos,sorgo,656614.4154609885,0.12278495690377109,80622.37270477232
2026-10,2026,bovinos,coprodutos_gordura_vegetal_ddgs,656614.4154609885,0.1449999355811227,95209.04794347988
2026-11,2026,bovinos,milho,654943.6067343238,0.3239975778502132,212200.1422104035
2026-11,2026,bovinos,farelo_soja_46pb,654943.6067343238,0.20099990981357177,131643.60588657449
2026-11,2026,bovinos,sorgo,654943.6067343238,0.12278495690377109,80417.22252727434
2026-11,2026,bovinos,coprodutos_gordura_vegetal_ddgs,654943.6067343238,0.1449999355811227,94966.78078574511
2026-12,2026,bovinos,milho,657231.199644763,0.3239975778502132,212941.31677249313
2026-12,2026,bovinos,farelo_soja_46pb,657231.199644763,0.20099990981357177,132103.41185526294
2026-12,2026,bovinos,sorgo,657231.199644763,0.12278495690377109,80698.104524196
2026-12,2026,bovinos,coprodutos_gordura_vegetal_ddgs,657231.199644763,0.1449999355811227,95298.48161039464
2027-01,2027,bovinos,milho,627889.7693850192,0.3239975778502132,203434.76443767519
2027-01,2027,bovinos,farelo_soja_46pb,627889.7693850192,0.20099990981357177,126205.78701925324
2027-01,2027,bovinos,sorgo,627889.7693850192,0.12278495690377109,77095.41827425835
2027-01,2027,bovinos,coprodutos_gordura_vegetal_ddgs,627889.7693850192,0.1449999355811227,91043.97611287377
2027-02,2027,bovinos,milho,629098.1453535106,0.3239975778502132,203826.2753245988
2027-02,2027,bovinos,farelo_soja_46pb,629098.1453535106,0.20099990981357177,126448.6704799409
2027-02,2027,bovinos,sorgo,629098.1453535106,0.12278495690377109,77243.78866547313
2027-02,2027,bovinos,coprodutos_gordura_vegetal_ddgs,629098.1453535106,0.1449999355811227,91219.19055046281
2027-03,2027,bovinos,milho,630585.7085549134,0.3239975778502132,204308.2421987524
2027-03,2027,bovinos,farelo_soja_46pb,630585.7085549134,0.20099990981357177,126747.67054926485
2027-03,2027,bovinos,sorgo,630585.7085549134,0.12278495690377109,77426.439049049
2027-03,2027,bovinos,coprodutos_gordura_vegetal_ddgs,630585.7085549134,0.1449999355811227,91434.88711883906
2027-04,2027,bovinos,milho,628143.3329823819,0.3239975778502132,203516.9184290517
2027-04,2027,bovinos,farelo_soja_46pb,628143.3329823819,0.20099990981357177,126256.75327945515
2027-04,2027,bovinos,sorgo,628143.3329823819,0.12278495690377109,77126.55206963289
2027-04,2027,bovinos,coprodutos_gordura_vegetal_ddgs,628143.3329823819,0.1449999355811227,91080.74281815709
2027-05,2027,bovinos,milho,629453.961399808,0.3239975778502132,203941.55886175937
2027-05,2027,bovinos,farelo_soja_46pb,629453.961399808,0.20099990981357177,126520.18947315689
2027-05,2027,bovinos,sorgo,629453.961399808,0.12278495690377109,77287.47752338341
2027-05,2027,bovinos,coprodutos_gordura_vegetal_ddgs,629453.961399808,0.1449999355811227,91270.78385425465
2027-06,2027,bovinos,milho,630487.5503195854,0.3239975778502132,204276.43916826008
2027-06,2027,bovinos,farelo_soja_46pb,630487.5503195854,0.20099990981357177,126727.94075281644
2027-06,2027,bovinos,sorgo,630487.5503195854,0.12278495690377109,77414.3866943545
2027-06,2027,bovinos,coprodutos_gordura_vegetal_ddgs,630487.5503195854,0.1449999355811227,91420.65418103973
2027-07,2027,bovinos,milho,629271.8510054994,0.3239975778502132,203882.55553510206
2027-07,2027,bovinos,farelo_soja_46pb,629271.8510054994,0.20099990981357177,126483.58530032475
2027-07,2027,bovinos,sorgo,629271.8510054994,0.12278495690377109,77265.1171064665
2027-07,2027,bovinos,coprodutos_gordura_vegetal_ddgs,629271.8510054994,0.1449999355811227,91244.37785881125
2027-08,2027,bovinos,milho,630050.7541842513,0.3239975778502132,204134.9182783975
2027-08,2027,bovinos,farelo_soja_46pb,630050.7541842513,0.20099990981357177,126640.14476900738
2027-08,2027,bovinos,sorgo,630050.7541842513,0.12278495690377109,77360.75469970176
2027-08,2027,bovinos,coprodutos_gordura_vegetal_ddgs,630050.7541842513,0.1449999355811227,91357.31876955421
2027-09,2027,bovinos,milho,632167.2955717813,0.3239975778502132,204820.67256137697
2027-09,2027,bovinos,farelo_soja_46pb,632167.2955717813,0.20099990981357177,127065.56939701762
2027-09,2027,bovinos,sorgo,632167.2955717813,0.12278495690377109,77620.63414275469
2027-09,2027,bovinos,coprodutos_gordura_vegetal_ddgs,632167.2955717813,0.1449999355811227,91664.21713440085
2027-10,2027,bovinos,milho,630685.5413037459,0.3239975778502132,204340.58776756428
2027-10,2027,bovinos,farelo_soja_46pb,630685.5413037459,0.20099990981357177,126767.73692277663
2027-10,2027,bovinos,sorgo,630685.5413037459,0.12278495690377109,77438.69700881199
2027-10,2027,bovinos,coprodutos_gordura_vegetal_ddgs,630685.5413037459,0.1449999355811227,91449.36286098867
2027-11,2027,bovinos,milho,628083.7568091005,0.3239975778502132,203497.61589321092
2027-11,2027,bovinos,farelo_soja_46pb,628083.7568091005,0.20099990981357177,126244.77847399855
2027-11,2027,bovinos,sorgo,628083.7568091005,0.12278495690377109,77119.23701176404
2027-11,2027,bovinos,coprodutos_gordura_vegetal_ddgs,628083.7568091005,0.1449999355811227,91072.10427686911
2027-12,2027,bovinos,milho,630664.0095998733,0.3239975778502132,204333.6115476626
2027-12,2027,bovinos,farelo_soja_46pb,630664.0095998733,0.20099990981357177,126763.4090522401
2027-12,2027,bovinos,sorgo,630664.0095998733,0.12278495690377109,77436.05323947992
2027-12,2027,bovinos,coprodutos_gordura_vegetal_ddgs,630664.0095998733,0.1449999355811227,91446.24076531419
2026-01,2026,suinos,milho,1882766.4885339823,0.6315917704626335,1189139.8198608933
2026-01,2026,suinos,farelo_soja_46pb,1882766.4885339823,0.20502019572953736,386005.1539922508
2026-01,2026,suinos,sorgo,1882766.4885339823,0.04,75310.65954135929
2026-01,2026,suinos,coprodutos_gordura_vegetal_ddgs,1882766.4885339823,0.034632918149466195,65205.69769195529
2026-02,2026,suinos,milho,1810366.994413754,0.6315917704626335,1143412.8951888995
2026-02,2026,suinos,farelo_soja_46pb,1810366.994413754,0.20502019572953736,371161.7955370021
2026-02,2026,suinos,sorgo,1810366.994413754,0.04,72414.67977655015
2026-02,2026,suinos,coprodutos_gordura_vegetal_ddgs,1810366.994413754,0.034632918149466195,62698.29193802667
2026-03,2026,suinos,milho,1863691.622206515,0.6315917704626335,1177092.2912657901
2026-03,2026,suinos,farelo_soja_46pb,1863691.622206515,0.20502019572953736,382094.4211642787
2026-03,2026,suinos,sorgo,1863691.622206515,0.04,74547.6648882606
2026-03,2026,suinos,coprodutos_gordura_vegetal_ddgs,1863691.622206515,0.034632918149466195,64545.07940772411
2026-04,2026,suinos,milho,1875225.680889526,0.6315917704626335,1184377.107810013
2026-04,2026,suinos,farelo_soja_46pb,1875225.680889526,0.20502019572953736,384459.1361330256
2026-04,2026,suinos,sorgo,1875225.680889526,0.04,75009.02723558104
2026-04,2026,suinos,coprodutos_gordura_vegetal_ddgs,1875225.680889526,0.034632918149466195,64944.537518023964
2026-05,2026,suinos,milho,1934733.8494645031,0.6315917704626335,1221961.9773572718
2026-05,2026,suinos,farelo_soja_46pb,1934733.8494645031,0.20502019572953736,396659.5125017737
2026-05,2026,suinos,sorgo,1934733.8494645031,0.04,77389.35397858013
2026-05,2026,suinos,coprodutos_gordura_vegetal_ddgs,1934733.8494645031,0.034632918149466195,67005.47904950578
2026-06,2026,suinos,milho,1920735.2190229276,0.6315917704626335,1213120.5575726249
2026-06,2026,suinos,farelo_soja_46pb,1920735.2190229276,0.20502019572953736,393789.51054869645
2026-06,2026,suinos,sorgo,1920735.2190229276,0.04,76829.40876091711
2026-06,2026,suinos,coprodutos_gordura_vegetal_ddgs,1920735.2190229276,0.034632918149466195,66520.66562721807
2026-07,2026,suinos,milho,2030243.1891888536,0.6315917704626335,1282284.8903294913
2026-07,2026,suinos,farelo_soja_46pb,2030243.1891888536,0.20502019572953736,416240.8560260589
2026-07,2026,suinos,sorgo,2030243.1891888536,0.04,81209.72756755415
2026-07,2026,suinos,coprodutos_gordura_vegetal_ddgs,2030243.1891888536,0.034632918149466195,70313.24619468878
2026-08,2026,suinos,milho,1968837.2770439908,0.6315917704626335,1243501.4215610446
2026-08,2026,suinos,farelo_soja_46pb,1968837.2770439908,0.20502019572953736,403651.40389916836
2026-08,2026,suinos,sorgo,1968837.2770439908,0.04,78753.49108175964
2026-08,2026,suinos,coprodutos_gordura_vegetal_ddgs,1968837.2770439908,0.034632918149466195,68186.58026548244
2026-09,2026,suinos,milho,1995715.6245234837,0.6315917704626335,1260477.5646327273
2026-09,2026,suinos,farelo_soja_46pb,1995715.6245234837,0.20502019572953736,409162.00796030054
2026-09,2026,suinos,sorgo,1995715.6245234837,0.04,79828.62498093935
2026-09,2026,suinos,coprodutos_gordura_vegetal_ddgs,1995715.6245234837,0.034632918149466195,69117.45587373262
2026-10,2026,suinos,milho,2037694.0475029268,0.6315917704626335,1286990.7911235432
2026-10,2026,suinos,farelo_soja_46pb,2037694.0475029268,0.20502019572953736,417768.4324559633
2026-10,2026,suinos,sorgo,2037694.0475029268,0.04,81507.76190011707
2026-10,2026,suinos,coprodutos_gordura_vegetal_ddgs,2037694.0475029268,0.034632918149466195,70571.29116082334
2026-11,2026,suinos,milho,1937426.578479181,0.6315917704626335,1223662.6828430283
2026-11,2026,suinos,farelo_soja_46pb,1937426.578479181,0.20502019572953736,397211.57633140957
2026-11,2026,suinos,sorgo,1937426.578479181,0.04,77497.06313916725
2026-11,2026,suinos,coprodutos_gordura_vegetal_ddgs,1937426.578479181,0.034632918149466195,67098.73611306983
2026-12,2026,suinos,milho,1967804.899593455,0.6315917704626335,1242849.3804592749
2026-12,2026,suinos,farelo_soja_46pb,1967804.899593455,0.20502019572953736,403439.7456721928
2026-12,2026,suinos,sorgo,1967804.899593455,0.04,78712.1959837382
2026-12,2026,suinos,coprodutos_gordura_vegetal_ddgs,1967804.899593455,0.034632918149466195,68150.82602173867
2027-01,2027,suinos,milho,1974336.5930771304,0.6315917704626335,1246974.7443107488
2027-01,2027,suinos,farelo_soja_46pb,1974336.5930771304,0.20502019572953736,404778.87474866124
2027-01,2027,suinos,sorgo,1974336.5930771304,0.04,78973.46372308522
2027-01,2027,suinos,coprodutos_gordura_vegetal_ddgs,1974336.5930771304,0.034632918149466195,68377.0376275362
2027-02,2027,suinos,milho,1931576.4653375763,0.6315917704626335,1219967.7995265154
2027-02,2027,suinos,farelo_soja_46pb,1931576.4653375763,0.20502019572953736,396012.18499007786
2027-02,2027,suinos,sorgo,1931576.4653375763,0.04,77263.05861350306
2027-02,2027,suinos,coprodutos_gordura_vegetal_ddgs,1931576.4653375763,0.034632918149466195,66896.12962347151
2027-03,2027,suinos,milho,1960542.5130640091,0.6315917704626335,1238262.5168933582
2027-03,2027,suinos,farelo_soja_46pb,1960542.5130640091,0.20502019572953736,401950.80976446223
2027-03,2027,suinos,sorgo,1960542.5130640091,0.04,78421.70052256036
2027-03,2027,suinos,coprodutos_gordura_vegetal_ddgs,1960542.5130640091,0.034632918149466195,67899.30838349459
2027-04,2027,suinos,milho,1958071.820866232,0.6315917704626335,1236702.048033896
2027-04,2027,suinos,farelo_soja_46pb,1958071.820866232,0.20502019572953736,401444.2679664865
2027-04,2027,suinos,sorgo,1958071.820866232,0.04,78322.87283464929
2027-04,2027,suinos,coprodutos_gordura_vegetal_ddgs,1958071.820866232,0.034632918149466195,67813.74110283644
2027-05,2027,suinos,milho,1984120.0268299668,0.6315917704626335,1253153.8805559066
2027-05,2027,suinos,farelo_soja_46pb,1984120.0268299668,0.20502019572953736,406784.6762515747
2027-05,2027,suinos,sorgo,1984120.0268299668,0.04,79364.80107319867
2027-05,2027,suinos,coprodutos_gordura_vegetal_ddgs,1984120.0268299668,0.034632918149466195,68715.86648791892
2027-06,2027,suinos,milho,1984876.477856125,0.6315917704626335,1253631.648798786
2027-06,2027,suinos,farelo_soja_46pb,1984876.477856125,0.20502019572953736,406939.76398901746
2027-06,2027,suinos,sorgo,1984876.477856125,0.04,79395.059114245
2027-06,2027,suinos,coprodutos_gordura_vegetal_ddgs,1984876.477856125,0.034632918149466195,68742.06459439192
2027-07,2027,suinos,milho,2040448.5193983028,0.6315917704626335,1288730.4929046333
2027-07,2027,suinos,farelo_soja_46pb,2040448.5193983028,0.20502019572953736,418333.15482308477
2027-07,2027,suinos,sorgo,2040448.5193983028,0.04,81617.94077593212
2027-07,2027,suinos,coprodutos_gordura_vegetal_ddgs,2040448.5193983028,0.034632918149466195,70666.6865605209
2027-08,2027,suinos,milho,2022442.268949412,0.6315917704626335,1277357.8933042246
2027-08,2027,suinos,farelo_soja_46pb,2022442.268949412,0.20502019572953736,414641.5098316981
2027-08,2027,suinos,sorgo,2022442.268949412,0.04,80897.69075797648
2027-08,2027,suinos,coprodutos_gordura_vegetal_ddgs,2022442.268949412,0.034632918149466195,70043.07756254569
2027-09,2027,suinos,milho,2048352.400775164,0.6315917704626335,1293722.5193369715
2027-09,2027,suinos,farelo_soja_46pb,2048352.400775164,0.20502019572953736,419953.61012999184
2027-09,2027,suinos,sorgo,2048352.400775164,0.04,81934.09603100656
2027-09,2027,suinos,coprodutos_gordura_vegetal_ddgs,2048352.400775164,0.034632918149466195,70940.42103730883
2027-10,2027,suinos,milho,2075047.6538715863,0.6315917704626335,1310583.021503089
2027-10,2027,suinos,farelo_soja_46pb,2075047.6538715863,0.20502019572953736,425426.67614486994
2027-10,2027,suinos,sorgo,2075047.6538715863,0.04,83001.90615486345
2027-10,2027,suinos,coprodutos_gordura_vegetal_ddgs,2075047.6538715863,0.034632918149466195,71864.9555527765
2027-11,2027,suinos,milho,2035879.341072764,0.6315917704626335,1285844.6374764466
2027-11,2027,suinos,farelo_soja_46pb,2035879.341072764,0.20502019572953736,417396.3809884596
2027-11,2027,suinos,sorgo,2035879.341072764,0.04,81435.17364291057
2027-11,2027,suinos,coprodutos_gordura_vegetal_ddgs,2035879.341072764,0.034632918149466195,70508.44258156221
2027-12,2027,suinos,milho,2059016.861406508,0.6315917704626335,1300458.104908151
2027-12,2027,suinos,farelo_soja_46pb,2059016.861406508,0.20502019572953736,422140.03993597993
2027-12,2027,suinos,sorgo,2059016.861406508,0.04,82360.67445626031
2027-12,2027,suinos,coprodutos_gordura_vegetal_ddgs,2059016.861406508,0.034632918149466195,71309.76242946237
2026-01,2026,frangos,milho,3165022.81490787,0.631335640686922,1998191.7066385855
2026-01,2026,frangos,farelo_soja_46pb,3165022.81490787,0.253,800750.7721716911
2026-01,2026,frangos,sorgo,3165022.81490787,0.0367,116156.33730711883
2026-01,2026,frangos,coprodutos_gordura_vegetal_ddgs,3165022.81490787,0.0085,26902.693926716896
2026-02,2026,frangos,milho,3088625.3035251605,0.631335640686922,1949959.2348428962
2026-02,2026,frangos,farelo_soja_46pb,3088625.3035251605,0.253,781422.2017918656
2026-02,2026,frangos,sorgo,3088625.3035251605,0.0367,113352.5486393734
2026-02,2026,frangos,coprodutos_gordura_vegetal_ddgs,3088625.3035251605,0.0085,26253.315079963868
2026-03,2026,frangos,milho,3130083.9157121107,0.631335640686922,1976133.5343299352
2026-03,2026,frangos,farelo_soja_46pb,3130083.9157121107,0.253,791911.230675164
2026-03,2026,frangos,sorgo,3130083.9157121107,0.0367,114874.07970663447
2026-03,2026,frangos,coprodutos_gordura_vegetal_ddgs,3130083.9157121107,0.0085,26605.713283552945
2026-04,2026,frangos,milho,3126728.9005149747,0.631335640686922,1974015.393660937
2026-04,2026,frangos,farelo_soja_46pb,3126728.9005149747,0.253,791062.4118302886
2026-04,2026,frangos,sorgo,3126728.9005149747,0.0367,114750.95064889958
2026-04,2026,frangos,coprodutos_gordura_vegetal_ddgs,3126728.9005149747,0.0085,26577.195654377287
2026-05,2026,frangos,milho,3192124.277948339,0.631335640686922,2015301.826170793
2026-05,2026,frangos,farelo_soja_46pb,3192124.277948339,0.253,807607.4423209297
2026-05,2026,frangos,sorgo,3192124.277948339,0.0367,117150.96100070405
2026-05,2026,frangos,coprodutos_gordura_vegetal_ddgs,3192124.277948339,0.0085,27133.056362560885
2026-06,2026,frangos,milho,3114263.1856145253,0.631335640686922,1966145.3435576411
2026-06,2026,frangos,farelo_soja_46pb,3114263.1856145253,0.253,787908.5859604749
2026-06,2026,frangos,sorgo,3114263.1856145253,0.0367,114293.45891205309
2026-06,2026,frangos,coprodutos_gordura_vegetal_ddgs,3114263.1856145253,0.0085,26471.23707772347
2026-07,2026,frangos,milho,3198838.412523705,0.631335640686922,2019540.69862459
2026-07,2026,frangos,farelo_soja_46pb,3198838.412523705,0.253,809306.1183684974
2026-07,2026,frangos,sorgo,3198838.412523705,0.0367,117397.36973961999
2026-07,2026,frangos,coprodutos_gordura_vegetal_ddgs,3198838.412523705,0.0085,27190.126506451496
2026-08,2026,frangos,milho,3106976.0489311954,0.631335640686922,1961544.7144508979
2026-08,2026,frangos,farelo_soja_46pb,3106976.0489311954,0.253,786064.9403795925
2026-08,2026,frangos,sorgo,3106976.0489311954,0.0367,114026.02099577489
2026-08,2026,frangos,coprodutos_gordura_vegetal_ddgs,3106976.0489311954,0.0085,26409.296415915163
2026-09,2026,frangos,milho,3145887.7113533104,0.631335640686922,1986111.033776357
2026-09,2026,frangos,farelo_soja_46pb,3145887.7113533104,0.253,795909.5909723876
2026-09,2026,frangos,sorgo,3145887.7113533104,0.0367,115454.0790066665
2026-09,2026,frangos,coprodutos_gordura_vegetal_ddgs,3145887.7113533104,0.0085,26740.04554650314
2026-10,2026,frangos,milho,3165252.602694105,0.631335640686922,1998336.7798578301
2026-10,2026,frangos,farelo_soja_46pb,3165252.602694105,0.253,800808.9084816085
2026-10,2026,frangos,sorgo,3165252.602694105,0.0367,116164.77051887366
2026-10,2026,frangos,coprodutos_gordura_vegetal_ddgs,3165252.602694105,0.0085,26904.647122899893
2026-11,2026,frangos,milho,3132546.2499819603,0.631335640686922,1977688.093713776
2026-11,2026,frangos,farelo_soja_46pb,3132546.2499819603,0.253,792534.201245436
2026-11,2026,frangos,sorgo,3132546.2499819603,0.0367,114964.44737433795
2026-11,2026,frangos,coprodutos_gordura_vegetal_ddgs,3132546.2499819603,0.0085,26626.643124846665
2026-12,2026,frangos,milho,3182796.39963453,0.631335640686922,2009412.8041392947
2026-12,2026,frangos,farelo_soja_46pb,3182796.39963453,0.253,805247.489107536
2026-12,2026,frangos,sorgo,3182796.39963453,0.0367,116808.62786658725
2026-12,2026,frangos,coprodutos_gordura_vegetal_ddgs,3182796.39963453,0.0085,27053.769396893505
2027-01,2027,frangos,milho,3116214.2132085967,0.631335640686922,1967377.096813742
2027-01,2027,frangos,farelo_soja_46pb,3116214.2132085967,0.253,788402.195941775
2027-01,2027,frangos,sorgo,3116214.2132085967,0.0367,114365.06162475552
2027-01,2027,frangos,coprodutos_gordura_vegetal_ddgs,3116214.2132085967,0.0085,26487.820812273072
2027-02,2027,frangos,milho,3085393.185727452,0.631335640686922,1947918.6836823043
2027-02,2027,frangos,farelo_soja_46pb,3085393.185727452,0.253,780604.4759890453
2027-02,2027,frangos,sorgo,3085393.185727452,0.0367,113233.92991619749
2027-02,2027,frangos,coprodutos_gordura_vegetal_ddgs,3085393.185727452,0.0085,26225.842078683345
2027-03,2027,frangos,milho,3121836.176414273,0.631335640686922,1970926.4425561163
2027-03,2027,frangos,farelo_soja_46pb,3121836.176414273,0.253,789824.5526328111
2027-03,2027,frangos,sorgo,3121836.176414273,0.0367,114571.38767440384
2027-03,2027,frangos,coprodutos_gordura_vegetal_ddgs,3121836.176414273,0.0085,26535.607499521324
2027-04,2027,frangos,milho,3110486.418487309,0.631335640686922,1963760.9358636548
2027-04,2027,frangos,farelo_soja_46pb,3110486.418487309,0.253,786953.0638772892
2027-04,2027,frangos,sorgo,3110486.418487309,0.0367,114154.85155848425
2027-04,2027,frangos,coprodutos_gordura_vegetal_ddgs,3110486.418487309,0.0085,26439.13455714213
2027-05,2027,frangos,milho,3134522.032215656,0.631335640686922,1978935.475456144
2027-05,2027,frangos,farelo_soja_46pb,3134522.032215656,0.253,793034.0741505609
2027-05,2027,frangos,sorgo,3134522.032215656,0.0367,115036.95858231458
2027-05,2027,frangos,coprodutos_gordura_vegetal_ddgs,3134522.032215656,0.0085,26643.437273833075
2027-06,2027,frangos,milho,3087013.1266812403,0.631335640686922,1948941.4101422392
2027-06,2027,frangos,farelo_soja_46pb,3087013.1266812403,0.253,781014.3210503538
2027-06,2027,frangos,sorgo,3087013.1266812403,0.0367,113293.38174920152
2027-06,2027,frangos,coprodutos_gordura_vegetal_ddgs,3087013.1266812403,0.0085,26239.611576790543
2027-07,2027,frangos,milho,3148845.399267589,0.631335640686922,1987978.3275706703
2027-07,2027,frangos,farelo_soja_46pb,3148845.399267589,0.253,796657.8860147
2027-07,2027,frangos,sorgo,3148845.399267589,0.0367,115562.62615312054
2027-07,2027,frangos,coprodutos_gordura_vegetal_ddgs,3148845.399267589,0.0085,26765.18589377451
2027-08,2027,frangos,milho,3071459.3655379084,0.631335640686922,1939121.7663857224
2027-08,2027,frangos,farelo_soja_46pb,3071459.3655379084,0.253,777079.2194810908
2027-08,2027,frangos,sorgo,3071459.3655379084,0.0367,112722.55871524125
2027-08,2027,frangos,coprodutos_gordura_vegetal_ddgs,3071459.3655379084,0.0085,26107.40460707222
2027-09,2027,frangos,milho,3133606.992579289,0.631335640686922,1978357.7783210643
2027-09,2027,frangos,farelo_soja_46pb,3133606.992579289,0.253,792802.5691225601
2027-09,2027,frangos,sorgo,3133606.992579289,0.0367,115003.3766276599
2027-09,2027,frangos,coprodutos_gordura_vegetal_ddgs,3133606.992579289,0.0085,26635.659436923957
2027-10,2027,frangos,milho,3118506.363912711,0.631335640686922,1968824.213247075
2027-10,2027,frangos,farelo_soja_46pb,3118506.363912711,0.253,788982.1100699159
2027-10,2027,frangos,sorgo,3118506.363912711,0.0367,114449.18355559651
2027-10,2027,frangos,coprodutos_gordura_vegetal_ddgs,3118506.363912711,0.0085,26507.304093258044
2027-11,2027,frangos,milho,3117342.530021872,0.631335640686922,1968089.443431949
2027-11,2027,frangos,farelo_soja_46pb,3117342.530021872,0.253,788687.6600955336
2027-11,2027,frangos,sorgo,3117342.530021872,0.0367,114406.4708518027
2027-11,2027,frangos,coprodutos_gordura_vegetal_ddgs,3117342.530021872,0.0085,26497.41150518591
2027-12,2027,frangos,milho,3118277.0106132817,0.631335640686922,1968679.4143348362
2027-12,2027,frangos,farelo_soja_46pb,3118277.0106132817,0.253,788924.0836851603
2027-12,2027,frangos,sorgo,3118277.0106132817,0.0367,114440.76628950745
2027-12,2027,frangos,coprodutos_gordura_vegetal_ddgs,3118277.0106132817,0.0085,26505.354590212897
2026-01,2026,ovos,milho,603363.7858463406,0.6525645028869836,393733.7889708257
2026-01,2026,ovos,farelo_soja_46pb,603363.7858463406,0.19523425618110607,117797.27993632648
2026-01,2026,ovos,sorgo,603363.7858463406,0.01648730130957348,9947.840536533584
2026-01,2026,ovos,coprodutos_gordura_vegetal_ddgs,603363.7858463406,0.04479198912502187,27025.864134061314
2026-02,2026,ovos,milho,575745.8199410224,0.6525645028869836,375711.2847790721
2026-02,2026,ovos,farelo_soja_46pb,575745.8199410224,0.19523425618110607,112405.30690556654
2026-02,2026,ovos,sorgo,575745.8199410224,0.01648730130957348,9492.494811095077
2026-02,2026,ovos,coprodutos_gordura_vegetal_ddgs,575745.8199410224,0.04479198912502187,25788.800505575076
2026-03,2026,ovos,milho,617548.9153992955,0.6525645028869836,402990.5009859372
2026-03,2026,ovos,farelo_soja_46pb,617548.9153992955,0.19523425618110607,120566.70315343027
2026-03,2026,ovos,sorgo,617548.9153992955,0.01648730130957348,10181.715041588488
2026-03,2026,ovos,coprodutos_gordura_vegetal_ddgs,617548.9153992955,0.04479198912502187,27661.244302734296
2026-04,2026,ovos,milho,614861.4334919278,0.6525645028869836,401236.745691038
2026-04,2026,ovos,farelo_soja_46pb,614861.4334919278,0.19523425618110607,120042.01462224514
2026-04,2026,ovos,sorgo,614861.4334919278,0.01648730130957348,10137.405717617688
2026-04,2026,ovos,coprodutos_gordura_vegetal_ddgs,614861.4334919278,0.04479198912502187,27540.86664236579
2026-05,2026,ovos,milho,633149.9414274184,0.6525645028869836,413171.1767805061
2026-05,2026,ovos,farelo_soja_46pb,633149.9414274184,0.19523425618110607,123612.5578656929
2026-05,2026,ovos,sorgo,633149.9414274184,0.01648730130957348,10438.933858452649
2026-05,2026,ovos,coprodutos_gordura_vegetal_ddgs,633149.9414274184,0.04479198912502187,28360.045290925158
2026-06,2026,ovos,milho,629933.0628014953,0.6525645028869836,411071.95597913285
2026-06,2026,ovos,farelo_soja_46pb,629933.0628014953,0.19523425618110607,122984.51295993592
2026-06,2026,ovos,sorgo,629933.0628014953,0.01648730130957348,10385.896211270727
2026-06,2026,ovos,coprodutos_gordura_vegetal_ddgs,629933.0628014953,0.04479198912502187,28215.954898496297
2026-07,2026,ovos,milho,640783.9621038674,0.6525645028869836,418152.867688262
2026-07,2026,ovos,farelo_soja_46pb,640783.9621038674,0.19523425618110607,125102.98021413061
2026-07,2026,ovos,sorgo,640783.9621038674,0.01648730130957348,10564.798257548777
2026-07,2026,ovos,coprodutos_gordura_vegetal_ddgs,640783.9621038674,0.04479198912502187,28701.98826204486
2026-08,2026,ovos,milho,640158.0961093423,0.6525645028869836,417744.44975667086
2026-08,2026,ovos,farelo_soja_46pb,640158.0961093423,0.19523425618110607,124980.78973222045
2026-08,2026,ovos,sorgo,640158.0961093423,0.01648730130957348,10554.479416317625
2026-08,2026,ovos,coprodutos_gordura_vegetal_ddgs,640158.0961093423,0.04479198912502187,28673.954479224365
2026-09,2026,ovos,milho,636401.3736893493,0.6525645028869836,415292.94605818373
2026-09,2026,ovos,farelo_soja_46pb,636401.3736893493,0.19523425618110607,124247.34882487424
2026-09,2026,ovos,sorgo,636401.3736893493,0.01648730130957348,10492.54120184277
2026-09,2026,ovos,coprodutos_gordura_vegetal_ddgs,636401.3736893493,0.04479198912502187,28505.683409442314
2026-10,2026,ovos,milho,647989.5397881691,0.6525645028869836,422854.97190783184
2026-10,2026,ovos,farelo_soja_46pb,647989.5397881691,0.19523425618110607,126509.75581368043
2026-10,2026,ovos,sorgo,647989.5397881691,0.01648730130957348,10683.598787939398
2026-10,2026,ovos,coprodutos_gordura_vegetal_ddgs,647989.5397881691,0.04479198912502187,29024.740419319598
2026-11,2026,ovos,milho,631603.1622859188,0.6525645028869836,412161.80361895746
2026-11,2026,ovos,farelo_soja_46pb,631603.1622859188,0.19523425618110607,123310.57359052579
2026-11,2026,ovos,sorgo,631603.1622859188,0.01648730130957348,10413.431644687382
2026-11,2026,ovos,coprodutos_gordura_vegetal_ddgs,631603.1622859188,0.04479198912502187,28290.761976440303
2026-12,2026,ovos,milho,637961.7401303883,0.6525645028869836,416311.1858091019
2026-12,2026,ovos,farelo_soja_46pb,637961.7401303883,0.19523425618110607,124551.98580636045
2026-12,2026,ovos,sorgo,637961.7401303883,0.01648730130957348,10518.267433509527
2026-12,2026,ovos,coprodutos_gordura_vegetal_ddgs,637961.7401303883,0.04479198912502187,28575.57532610038
2027-01,2027,ovos,milho,609901.481221872,0.6525645028869836,398000.0569035859
2027-01,2027,ovos,farelo_soja_46pb,609901.481221872,0.19523425618110607,119073.66203010702
2027-01,2027,ovos,sorgo,609901.481221872,0.01648730130957348,10055.629490060177
2027-01,2027,ovos,coprodutos_gordura_vegetal_ddgs,609901.481221872,0.04479198912502187,27318.700514224824
2027-02,2027,ovos,milho,587403.4826962542,0.6525645028869836,383318.661679764
2027-02,2027,ovos,farelo_soja_46pb,587403.4826962542,0.19523425618110607,114681.28202239439
2027-02,2027,ovos,sorgo,587403.4826962542,0.01648730130957348,9684.698209505974
2027-02,2027,ovos,coprodutos_gordura_vegetal_ddgs,587403.4826962542,0.04479198912502187,26310.97040893059
2027-03,2027,ovos,milho,615166.3859205204,0.6525645028869836,401435.74682100676
2027-03,2027,ovos,farelo_soja_46pb,615166.3859205204,0.19523425618110607,120101.55178281205
2027-03,2027,ovos,sorgo,615166.3859205204,0.01648730130957348,10142.433560192982
2027-03,2027,ovos,coprodutos_gordura_vegetal_ddgs,615166.3859205204,0.04479198912502187,27554.52606823096
2027-04,2027,ovos,milho,611782.9280190186,0.6525645028869836,399227.8222974742
2027-04,2027,ovos,farelo_soja_46pb,611782.9280190186,0.19523425618110607,119440.98489609225
2027-04,2027,ovos,sorgo,611782.9280190186,0.01648730130957348,10086.649470302664
2027-04,2027,ovos,coprodutos_gordura_vegetal_ddgs,611782.9280190186,0.04479198912502187,27402.97425870192
2027-05,2027,ovos,milho,628933.6432201522,0.6525645028869836,410419.77023685817
2027-05,2027,ovos,farelo_soja_46pb,628933.6432201522,0.19523425618110607,122789.39202135957
2027-05,2027,ovos,sorgo,628933.6432201522,0.01648730130957348,10369.418479498436
2027-05,2027,ovos,coprodutos_gordura_vegetal_ddgs,628933.6432201522,0.04479198912502187,28171.188907477444
2027-06,2027,ovos,milho,636463.0836218339,0.6525645028869836,415333.2157695988
2027-06,2027,ovos,farelo_soja_46pb,636463.0836218339,0.19523425618110607,124259.39671764187
2027-06,2027,ovos,sorgo,636463.0836218339,0.01648730130957348,10493.558632093438
2027-06,2027,ovos,coprodutos_gordura_vegetal_ddgs,636463.0836218339,0.04479198912502187,28508.44752006707
2027-07,2027,ovos,milho,650241.939762809,0.6525645028869836,424324.8081775854
2027-07,2027,ovos,farelo_soja_46pb,650241.939762809,0.19523425618110607,126949.50144735159
2027-07,2027,ovos,sorgo,650241.939762809,0.01648730130957348,10720.73478499096
2027-07,2027,ovos,coprodutos_gordura_vegetal_ddgs,650241.939762809,0.04479198912502187,29125.629894488866
2027-08,2027,ovos,milho,658778.892896509,0.6525645028869836,429895.72075544787
2027-08,2027,ovos,farelo_soja_46pb,658778.892896509,0.19523425618110607,128616.20714246249
2027-08,2027,ovos,sorgo,658778.892896509,0.01648730130957348,10861.48610357198
2027-08,2027,ovos,coprodutos_gordura_vegetal_ddgs,658778.892896509,0.04479198912502187,29508.017006414382
2027-09,2027,ovos,milho,662711.383190091,0.6525645028869836,432461.9243289871
2027-09,2027,ovos,farelo_soja_46pb,662711.383190091,0.19523425618110607,129383.96395986938
2027-09,2027,ovos,sorgo,662711.383190091,0.01648730130957348,10926.32225593924
2027-09,2027,ovos,coprodutos_gordura_vegetal_ddgs,662711.383190091,0.04479198912502187,29684.16106887876
2027-10,2027,ovos,milho,676547.3293428654,0.6525645028869836,441490.77165214333
2027-10,2027,ovos,farelo_soja_46pb,676547.3293428654,0.19523425618110607,132085.2146155681
2027-10,2027,ovos,sorgo,676547.3293428654,0.01648730130957348,11154.439669063066
2027-10,2027,ovos,coprodutos_gordura_vegetal_ddgs,676547.3293428654,0.04479198912502187,30303.900618488216
2027-11,2027,ovos,milho,668868.2654988357,0.6525645028869836,436479.6871721267
2027-11,2027,ovos,farelo_soja_46pb,668868.2654988357,0.19523425618110607,130585.99829781176
2027-11,2027,ovos,sorgo,668868.2654988357,0.01648730130957348,11027.832629691096
2027-11,2027,ovos,coprodutos_gordura_vegetal_ddgs,668868.2654988357,0.04479198912502187,29959.94007429609
2027-12,2027,ovos,milho,675113.0659736474,0.6525645028869836,440554.8222896006
2027-12,2027,ovos,farelo_soja_46pb,675113.0659736474,0.19523425618110607,131805.19727351103
2027-12,2027,ovos,sorgo,675113.0659736474,0.01648730130957348,11130.792536737485
2027-12,2027,ovos,coprodutos_gordura_vegetal_ddgs,675113.0659736474,0.04479198912502187,30239.657109251788
2026-01,2026,leite,milho,692932.6668933333,0.384661194984146,266544.3076907408
2026-01,2026,leite,farelo_soja_46pb,692932.6668933333,0.2110000391455824,146208.81983974614
2026-01,2026,leite,sorgo,692932.6668933333,0.19323446899017446,133898.4759330787
2026-01,2026,leite,coprodutos_gordura_vegetal_ddgs,692932.6668933333,0.06,41575.9600136
2026-02,2026,leite,milho,671012.8416266666,0.384661194984146,258112.6015098211
2026-02,2026,leite,farelo_soja_46pb,671012.8416266666,0.2110000391455824,141583.73585041513
2026-02,2026,leite,sorgo,671012.8416266666,0.19323446899017446,129662.81013731695
2026-02,2026,leite,coprodutos_gordura_vegetal_ddgs,671012.8416266666,0.06,40260.770497599995
2026-03,2026,leite,milho,685216.5582399999,0.384661194984146,263576.22011552204
2026-03,2026,leite,farelo_soja_46pb,685216.5582399999,0.2110000391455824,144580.72061184124
2026-03,2026,leite,sorgo,685216.5582399999,0.19323446899017446,132407.45777478133
2026-03,2026,leite,coprodutos_gordura_vegetal_ddgs,685216.5582399999,0.06,41112.99349439999
2026-04,2026,leite,milho,677146.8042666666,0.384661194984146,260472.09890891163
2026-04,2026,leite,farelo_soja_46pb,677146.8042666666,0.2110000391455824,142878.0022075727
2026-04,2026,leite,sorgo,677146.8042666666,0.19323446899017446,130848.10315086294
2026-04,2026,leite,coprodutos_gordura_vegetal_ddgs,677146.8042666666,0.06,40628.808256
2026-05,2026,leite,milho,693150.5905066666,0.384661194984146,266628.1344482608
2026-05,2026,leite,farelo_soja_46pb,693150.5905066666,0.2110000391455824,146254.8017306902
2026-05,2026,leite,sorgo,693150.5905066666,0.19323446899017446,133940.5862867816
2026-05,2026,leite,coprodutos_gordura_vegetal_ddgs,693150.5905066666,0.06,41589.03543039999
2026-06,2026,leite,milho,692355.1386933333,0.384661194984146,266322.1550031917
2026-06,2026,leite,farelo_soja_46pb,692355.1386933333,0.2110000391455824,146086.96136693846
2026-06,2026,leite,sorgo,692355.1386933333,0.19323446899017446,133786.87757802484
2026-06,2026,leite,coprodutos_gordura_vegetal_ddgs,692355.1386933333,0.06,41541.308321599994
2026-07,2026,leite,milho,694032.1738399998,0.384661194984146,266967.2453467389
2026-07,2026,leite,farelo_soja_46pb,694032.1738399998,0.2110000391455824,146440.81584853362
2026-07,2026,leite,sorgo,694032.1738399998,0.19323446899017446,134110.93857406883
2026-07,2026,leite,coprodutos_gordura_vegetal_ddgs,694032.1738399998,0.06,41641.93043039999
2026-08,2026,leite,milho,694668.8971066666,0.384661194984146,267212.1680793691
2026-08,2026,leite,farelo_soja_46pb,694668.8971066666,0.2110000391455824,146575.1644827252
2026-08,2026,leite,sorgo,694668.8971066666,0.19323446899017446,134233.97545639685
2026-08,2026,leite,coprodutos_gordura_vegetal_ddgs,694668.8971066666,0.06,41680.13382639999
2026-09,2026,leite,milho,694415.2709066666,0.384661194984146,267114.6079221979
2026-09,2026,leite,farelo_soja_46pb,694415.2709066666,0.2110000391455824,146521.64934459687
2026-09,2026,leite,sorgo,694415.2709066666,0.19323446899017446,134184.96613231787
2026-09,2026,leite,coprodutos_gordura_vegetal_ddgs,694415.2709066666,0.06,41664.9162544
2026-10,2026,leite,milho,695072.34372,0.384661194984146,267367.3583357663
2026-10,2026,leite,farelo_soja_46pb,695072.34372,0.2110000391455824,146660.29173393172
2026-10,2026,leite,sorgo,695072.34372,0.19323446899017446,134311.93524849022
2026-10,2026,leite,coprodutos_gordura_vegetal_ddgs,695072.34372,0.06,41704.3406232
2026-11,2026,leite,milho,694360.1872133333,0.384661194984146,267093.4193628961
2026-11,2026,leite,farelo_soja_46pb,694360.1872133333,0.2110000391455824,146510.02668314727
2026-11,2026,leite,sorgo,694360.1872133333,0.19323446899017446,134174.3220640866
2026-11,2026,leite,coprodutos_gordura_vegetal_ddgs,694360.1872133333,0.06,41661.611232799994
2026-12,2026,leite,milho,694716.1774266666,0.384661194984146,267230.3549837596
2026-12,2026,leite,farelo_soja_46pb,694716.1774266666,0.2110000391455824,146585.14063209604
2026-12,2026,leite,sorgo,694716.1774266666,0.19323446899017446,134243.11164392575
2026-12,2026,leite,coprodutos_gordura_vegetal_ddgs,694716.1774266666,0.06,41682.97064559999
2027-01,2027,leite,milho,710647.8822263333,0.384661194984146,273358.663590134
2027-01,2027,leite,farelo_soja_46pb,710647.8822263333,0.2110000391455824,149946.73096848154
2027-01,2027,leite,sorgo,710647.8822263333,0.19323446899017446,137321.66616099756
2027-01,2027,leite,coprodutos_gordura_vegetal_ddgs,710647.8822263333,0.06,42638.872933579994
2027-02,2027,leite,milho,702871.6917853333,0.384661194984146,270367.4648826747
2027-02,2027,leite,farelo_soja_46pb,702871.6917853333,0.2110000391455824,148305.95448102706
2027-02,2027,leite,sorgo,702871.6917853333,0.19323446899017446,135819.03813036447
2027-02,2027,leite,coprodutos_gordura_vegetal_ddgs,702871.6917853333,0.06,42172.30150712
2027-03,2027,leite,milho,702600.6689823334,0.384661194984146,270263.2129274048
2027-03,2027,leite,farelo_soja_46pb,702600.6689823334,0.2110000391455824,148248.76865898474
2027-03,2027,leite,sorgo,702600.6689823334,0.19323446899017446,135766.66718294253
2027-03,2027,leite,coprodutos_gordura_vegetal_ddgs,702600.6689823334,0.06,42156.04013894
2027-04,2027,leite,milho,702372.4133276666,0.384661194984146,270175.4118345188
2027-04,2027,leite,farelo_soja_46pb,702372.4133276666,0.2110000391455824,148200.60670691484
2027-04,2027,leite,sorgo,702372.4133276666,0.19323446899017446,135722.560322719
2027-04,2027,leite,coprodutos_gordura_vegetal_ddgs,702372.4133276666,0.06,42142.34479965999
2027-05,2027,leite,milho,710011.943797,0.384661194984146,273114.04275397037
2027-05,2027,leite,farelo_soja_46pb,710011.943797,0.2110000391455824,149812.54793499806
2027-05,2027,leite,sorgo,710011.943797,0.19323446899017446,137198.78093629488
2027-05,2027,leite,coprodutos_gordura_vegetal_ddgs,710011.943797,0.06,42600.716627819995
2027-06,2027,leite,milho,710816.1271503334,0.384661194984146,273423.3808836499
2027-06,2027,leite,farelo_soja_46pb,710816.1271503334,0.2110000391455824,149982.23065403162
2027-06,2027,leite,sorgo,710816.1271503334,0.19323446899017446,137354.176879547
2027-06,2027,leite,coprodutos_gordura_vegetal_ddgs,710816.1271503334,0.06,42648.96762902
2027-07,2027,leite,milho,710986.636246,0.384661194984146,273488.9691161447
2027-07,2027,leite,farelo_soja_46pb,710986.636246,0.2110000391455824,150018.20807989195
2027-07,2027,leite,sorgo,710986.636246,0.19323446899017446,137387.12511410614
2027-07,2027,leite,coprodutos_gordura_vegetal_ddgs,710986.636246,0.06,42659.19817475999
2027-08,2027,leite,milho,711404.208651,0.384661194984146,273649.5930164444
2027-08,2027,leite,farelo_soja_46pb,711404.208651,0.2110000391455824,150106.3158736931
2027-08,2027,leite,sorgo,711404.208651,0.19323446899017446,137467.8144960513
2027-08,2027,leite,coprodutos_gordura_vegetal_ddgs,711404.208651,0.06,42684.25251906
2027-09,2027,leite,milho,711286.6278406667,0.384661194984146,273604.3642414344
2027-09,2027,leite,farelo_soja_46pb,711286.6278406667,0.2110000391455824,150081.50631810998
2027-09,2027,leite,sorgo,711286.6278406667,0.19323446899017446,137445.09383060306
2027-09,2027,leite,coprodutos_gordura_vegetal_ddgs,711286.6278406667,0.06,42677.19767044
2027-10,2027,leite,milho,711959.664747,0.384661194984146,273863.255422093
2027-10,2027,leite,farelo_soja_46pb,711959.664747,0.2110000391455824,150223.51713169273
2027-10,2027,leite,sorgo,711959.664747,0.19323446899017446,137575.14775980916
2027-10,2027,leite,coprodutos_gordura_vegetal_ddgs,711959.664747,0.06,42717.57988482
2027-11,2027,leite,milho,711230.2058463334,0.384661194984146,273582.6608896708
2027-11,2027,leite,farelo_soja_46pb,711230.2058463334,0.2110000391455824,150069.601275097
2027-11,2027,leite,sorgo,711230.2058463334,0.19323446899017446,137434.19115648873
2027-11,2027,leite,coprodutos_gordura_vegetal_ddgs,711230.2058463334,0.06,42673.812350780005
2027-12,2027,leite,milho,711594.8451176666,0.384661194984146,273722.92346752
2027-12,2027,leite,farelo_soja_46pb,711594.8451176666,0.2110000391455824,150146.5401756223
2027-12,2027,leite,sorgo,711594.8451176666,0.19323446899017446,137504.65203245776
2027-12,2027,leite,coprodutos_gordura_vegetal_ddgs,711594.8451176666,0.06,42695.69070706
