origem_pesos,periodo,grupo,metodo,n_comparacoes,mape_participacao_pct,mape_volume_pct
modelo2_backtest,todos_os_anos,tres_comparaveis,mix_por_cadeia,6,1.8602117832919876,4.09615661962932
modelo2_backtest,todos_os_anos,tres_comparaveis,ultima_participacao_5_cadeias,6,1.6618254217557453,4.176643812201363
modelo2_backtest,todos_os_anos,quatro_grupos,mix_por_cadeia,8,6.889191707325649,9.369482161398928
modelo2_backtest,todos_os_anos,quatro_grupos,ultima_participacao_5_cadeias,8,7.09956496033416,9.77702143927631
modelo2_backtest,2024,tres_comparaveis,mix_por_cadeia,3,2.443080915989461,2.951962912544154
modelo2_backtest,2024,tres_comparaveis,ultima_participacao_5_cadeias,3,2.1833106978965025,3.1930276489182554
modelo2_backtest,2024,quatro_grupos,mix_por_cadeia,4,9.602373711315519,10.572012349856607
modelo2_backtest,2024,quatro_grupos,ultima_participacao_5_cadeias,4,10.16817745801923,11.487485520885846
modelo2_backtest,2025,tres_comparaveis,mix_por_cadeia,3,1.277342650594514,5.240350326714486
modelo2_backtest,2025,tres_comparaveis,ultima_participacao_5_cadeias,3,1.140340145614988,5.160259975484471
modelo2_backtest,2025,quatro_grupos,mix_por_cadeia,4,4.176009703335779,8.166951972941249
modelo2_backtest,2025,quatro_grupos,ultima_participacao_5_cadeias,4,4.03095246264909,8.066557357666778
racao_do_ano_diagnostico,todos_os_anos,tres_comparaveis,mix_por_cadeia,21,5.77993952620582,5.779939526205821
racao_do_ano_diagnostico,todos_os_anos,tres_comparaveis,ultima_participacao_5_cadeias,21,4.94982457747544,4.94982457747544
racao_do_ano_diagnostico,todos_os_anos,quatro_grupos,mix_por_cadeia,28,12.207269445217875,12.207269445217877
racao_do_ano_diagnostico,todos_os_anos,quatro_grupos,ultima_participacao_5_cadeias,28,12.181571992229452,12.181571992229454
racao_do_ano_diagnostico,2019,tres_comparaveis,mix_por_cadeia,3,7.680258057935714,7.680258057935717
racao_do_ano_diagnostico,2019,tres_comparaveis,ultima_participacao_5_cadeias,3,2.773303646232222,2.773303646232226
racao_do_ano_diagnostico,2019,quatro_grupos,mix_por_cadeia,4,5.760193543451786,5.760193543451788
racao_do_ano_diagnostico,2019,quatro_grupos,ultima_participacao_5_cadeias,4,6.779972520612013,6.779972520612015
racao_do_ano_diagnostico,2020,tres_comparaveis,mix_por_cadeia,3,7.988138096501774e-06,7.988138095505909e-06
racao_do_ano_diagnostico,2020,tres_comparaveis,ultima_participacao_5_cadeias,3,0.0801473217072403,0.08014732170723438
racao_do_ano_diagnostico,2020,quatro_grupos,mix_por_cadeia,4,5.99110357237633e-06,5.9911035716294315e-06
racao_do_ano_diagnostico,2020,quatro_grupos,ultima_participacao_5_cadeias,4,0.13058673425183565,0.13058673425183287
racao_do_ano_diagnostico,2021,tres_comparaveis,mix_por_cadeia,3,4.747382137653756,4.747382137653762
racao_do_ano_diagnostico,2021,tres_comparaveis,ultima_participacao_5_cadeias,3,4.545006796434216,4.545006796434223
racao_do_ano_diagnostico,2021,quatro_grupos,mix_por_cadeia,4,14.55154317536069,14.551543175360695
racao_do_ano_diagnostico,2021,quatro_grupos,ultima_participacao_5_cadeias,4,14.220883940465892,14.2208839404659
racao_do_ano_diagnostico,2022,tres_comparaveis,mix_por_cadeia,3,8.729533824634435,8.729533824634437
racao_do_ano_diagnostico,2022,tres_comparaveis,ultima_participacao_5_cadeias,3,8.248237120068664,8.248237120068664
racao_do_ano_diagnostico,2022,quatro_grupos,mix_por_cadeia,4,19.680041826274124,19.680041826274127
racao_do_ano_diagnostico,2022,quatro_grupos,ultima_participacao_5_cadeias,4,19.265447957462204,19.265447957462204
racao_do_ano_diagnostico,2023,tres_comparaveis,mix_por_cadeia,3,15.520404841375537,15.520404841375537
racao_do_ano_diagnostico,2023,tres_comparaveis,ultima_participacao_5_cadeias,3,15.678426314374255,15.67842631437425
racao_do_ano_diagnostico,2023,quatro_grupos,mix_por_cadeia,4,32.2872069213583,32.2872069213583
racao_do_ano_diagnostico,2023,quatro_grupos,ultima_participacao_5_cadeias,4,30.674982872145897,30.674982872145893
racao_do_ano_diagnostico,2024,tres_comparaveis,mix_por_cadeia,3,3.168569421524689,3.168569421524689
racao_do_ano_diagnostico,2024,tres_comparaveis,ultima_participacao_5_cadeias,3,2.1833106978965025,2.1833106978964993
racao_do_ano_diagnostico,2024,quatro_grupos,mix_por_cadeia,4,9.955349109431939,9.955349109431943
racao_do_ano_diagnostico,2024,quatro_grupos,ultima_participacao_5_cadeias,4,10.16817745801923,10.16817745801923
racao_do_ano_diagnostico,2025,tres_comparaveis,mix_por_cadeia,3,0.6134204121785122,0.6134204121785125
racao_do_ano_diagnostico,2025,tres_comparaveis,ultima_participacao_5_cadeias,3,1.140340145614988,1.1403401456149838
racao_do_ano_diagnostico,2025,quatro_grupos,mix_por_cadeia,4,3.216545549544717,3.2165455495447155
racao_do_ano_diagnostico,2025,quatro_grupos,ultima_participacao_5_cadeias,4,4.03095246264909,4.030952462649088
