ano,origem_pesos,item,metodo,participacao_real,participacao_prevista,erro_participacao_pp,mape_participacao_pct,toneladas_referencia,toneladas_previstas,mape_volume_pct,racao_prevista_5_cadeias,racao_referencia_5_cadeias
2019,racao_do_ano_diagnostico,milho,ultima_participacao_5_cadeias,0.6234411517043893,0.6291274456053509,0.5686293900961648,0.9120818998579451,42868250,43259243.549035855,0.9120818998579477,68760700.0,68760700
2019,racao_do_ano_diagnostico,milho,mix_por_cadeia,0.6234411517043893,0.6174018506258653,0.6039301078524018,0.9687042733726392,42868250,42452983.430329934,0.9687042733726389,68760700.0,68760700
2019,racao_do_ano_diagnostico,farelo_soja_46pb,ultima_participacao_5_cadeias,0.23534098693003416,0.23013549710991713,0.5205489820117037,2.2118925768185917,16182211,15824277.876125878,2.211892576818596,68760700.0,68760700
2019,racao_do_ano_diagnostico,farelo_soja_46pb,mix_por_cadeia,0.23534098693003416,0.23097025417733158,0.4370732752702583,1.8571914776587484,16182211,15881676.356411243,1.8571914776587521,68760700.0,68760700
2019,racao_do_ano_diagnostico,sorgo,ultima_participacao_5_cadeias,0.02874429725119145,0.030237832672817558,0.14935354216261063,5.1959364620201285,1976478,2079174.5410658063,5.195936462020134,68760700.0,68760700
2019,racao_do_ano_diagnostico,sorgo,mix_por_cadeia,0.02874429725119145,0.03455492199400108,0.5810624742809627,20.214878422775758,1976478,2376020.62475291,20.214878422775758,68760700.0,68760700
2019,racao_do_ano_diagnostico,coprodutos_gordura_vegetal_ddgs,ultima_participacao_5_cadeias,0.009947280932276722,0.00807719419163834,0.18700867406383823,18.799979143751386,683982,555393.5266529864,18.799979143751383,68760700.0,68760700
2019,racao_do_ano_diagnostico,coprodutos_gordura_vegetal_ddgs,mix_por_cadeia,0.009947280932276722,0.009947280932276722,0.0,0.0,683982,683982.0,0.0,68760700.0,68760700
2020,racao_do_ano_diagnostico,milho,ultima_participacao_5_cadeias,0.6233236449986808,0.6234411517043893,0.01175067057085366,0.018851636168684936,44886159,44894620.77538478,0.01885163616868241,72011000.0,72011000
2020,racao_do_ano_diagnostico,milho,mix_por_cadeia,0.6233236449986808,0.6233236628194598,1.7820779074639859e-06,2.858992951354761e-06,44886159,44886160.28329212,2.8589929518924314e-06,72011000.0,72011000
2020,racao_do_ano_diagnostico,farelo_soja_46pb,ultima_participacao_5_cadeias,0.23530210662259932,0.23534098693003416,0.0038880307434846495,0.016523569632636806,16944340,16947139.80981869,0.01652356963262529,72011000.0,72011000
2020,racao_do_ano_diagnostico,farelo_soja_46pb,mix_por_cadeia,0.23530210662259932,0.2353021126259581,6.003358782313839e-07,2.5513408564346672e-06,16944340,16944340.43230787,2.5513408559786815e-06,72011000.0,72011000
2020,racao_do_ano_diagnostico,sorgo,ultima_participacao_5_cadeias,0.028803363375039925,0.02874429725119145,0.005906612384847312,0.20506675932039914,2074159,2069905.5893555477,0.20506675932039542,72011000.0,72011000
2020,racao_do_ano_diagnostico,sorgo,mix_por_cadeia,0.028803363375039925,0.028803368719239147,5.344199222045987e-07,1.855408048171589e-05,2074159,2074159.38484113,1.8554080478646614e-05,72011000.0,72011000
2020,racao_do_ano_diagnostico,coprodutos_gordura_vegetal_ddgs,ultima_participacao_5_cadeias,0.009919317881990252,0.009947280932276722,0.0027963050286470073,0.28190497188562175,714300,716313.647214179,0.2819049718856284,72011000.0,72011000
2020,racao_do_ano_diagnostico,coprodutos_gordura_vegetal_ddgs,mix_por_cadeia,0.009919317881990252,0.009919317881990252,0.0,0.0,714300,714300.0,0.0,72011000.0,72011000
2021,racao_do_ano_diagnostico,milho,ultima_participacao_5_cadeias,0.6335518979819423,0.6233236449986808,1.0228252983261577,1.6144301699421482,47156137,46394834.09729274,1.6144301699421568,74431372.0,74431372
2021,racao_do_ano_diagnostico,milho,mix_por_cadeia,0.6335518979819423,0.6233530574172292,1.0198840564713096,1.6097877059795005,47156137,46397023.303959146,1.6097877059795078,74431372.0,74431372
2021,racao_do_ano_diagnostico,farelo_soja_46pb,ultima_participacao_5_cadeias,0.22879683045477114,0.23530210662259932,0.6505276167828172,2.843254495657947,17029662,17513858.630410355,2.843254495657956,74431372.0,74431372
2021,racao_do_ano_diagnostico,farelo_soja_46pb,mix_por_cadeia,0.22879683045477114,0.2354641121561546,0.6667281701383448,2.914062090865129,17029662,17525916.924544465,2.914062090865132,74431372.0,74431372
2021,racao_do_ano_diagnostico,sorgo,ultima_participacao_5_cadeias,0.02638218196488438,0.028803363375039925,0.24211814101555462,9.177335723702553,1963662,2143873.854218772,9.177335723702559,74431372.0,74431372
2021,racao_do_ano_diagnostico,sorgo,mix_por_cadeia,0.02638218196488438,0.02894608066203547,0.25638986971510924,9.718296616116637,1963662,2154496.4976979685,9.718296616116648,74431372.0,74431372
2021,racao_do_ano_diagnostico,coprodutos_gordura_vegetal_ddgs,ultima_participacao_5_cadeias,0.017478516988777257,0.009919317881990252,0.7559199106787006,43.248515372560924,1300950,738308.4392606686,43.24851537256093,74431372.0,74431372
2021,racao_do_ano_diagnostico,coprodutos_gordura_vegetal_ddgs,mix_por_cadeia,0.017478516988777257,0.00979425718499452,0.7684259803782737,43.96402628848149,1300950,729000.0,43.96402628848149,74431372.0,74431372
2022,racao_do_ano_diagnostico,milho,ultima_participacao_5_cadeias,0.629179056924384,0.6335518979819423,0.43728410575583077,0.6950074083733916,47394800,47724197.37118375,0.6950074083733934,75328000.0,75328000
2022,racao_do_ano_diagnostico,milho,mix_por_cadeia,0.629179056924384,0.6345820986469761,0.5403041722592095,0.8587446869264505,47394800,47801800.32687942,0.8587446869264548,75328000.0,75328000
2022,racao_do_ano_diagnostico,farelo_soja_46pb,ultima_participacao_5_cadeias,0.2244358007646559,0.22879683045477114,0.4361029690115231,1.9431078621401496,16906300,17234807.644497,1.943107862140147,75328000.0,75328000
2022,racao_do_ano_diagnostico,farelo_soja_46pb,mix_por_cadeia,0.2244358007646559,0.22850413493323268,0.40683341685767704,1.812693943976807,16906300,17212759.47625055,1.8126939439768113,75328000.0,75328000
2022,racao_do_ano_diagnostico,sorgo,ultima_participacao_5_cadeias,0.03386959696261682,0.02638218196488438,0.7487414997732443,22.106596089692452,2551329,1987317.0030508104,22.106596089692452,75328000.0,75328000
2022,racao_do_ano_diagnostico,sorgo,mix_por_cadeia,0.03386959696261682,0.025904428690650426,0.7965168271966395,23.517162843000047,2551329,1951328.8044093153,23.517162843000047,75328000.0,75328000
2022,racao_do_ano_diagnostico,coprodutos_gordura_vegetal_ddgs,ultima_participacao_5_cadeias,0.03665571898895497,0.017478516988777257,1.9177202000177713,52.31708046964282,2761202,1316621.7277306132,52.31708046964282,75328000.0,75328000
2022,racao_do_ano_diagnostico,coprodutos_gordura_vegetal_ddgs,mix_por_cadeia,0.03665571898895497,0.017399895837374904,1.9255823151580067,52.53156583119319,2761202,1310699.3536377768,52.53156583119319,75328000.0,75328000
2023,racao_do_ano_diagnostico,milho,ultima_participacao_5_cadeias,0.6106671723329533,0.629179056924384,1.8511884591430716,3.031419639066091,46898630,48320324.28027294,3.031419639066084,76799003.0,76799003
2023,racao_do_ano_diagnostico,milho,mix_por_cadeia,0.6106671723329533,0.6274367584663373,1.6769586133383974,2.746108992451409,46898630,48186517.49576651,2.7461089924514064,76799003.0,76799003
2023,racao_do_ano_diagnostico,farelo_soja_46pb,ultima_participacao_5_cadeias,0.21806300011472804,0.2244358007646559,0.6372800649927873,2.9224584851969357,16747021,17236445.73623221,2.9224584851969193,76799003.0,76799003
2023,racao_do_ano_diagnostico,farelo_soja_46pb,mix_por_cadeia,0.21806300011472804,0.22452717831414254,0.64641781994145,2.9643626823503046,16747021,17243463.44092937,2.9643626823503006,76799003.0,76799003
2023,racao_do_ano_diagnostico,sorgo,ultima_participacao_5_cadeias,0.05748540772072262,0.03386959696261682,2.36158107581058,41.081400818859734,4414822,2601151.2787408,41.08140081885974,76799003.0,76799003
2023,racao_do_ano_diagnostico,sorgo,mix_por_cadeia,0.05748540772072262,0.03400219163684426,2.3483216083878364,40.8507428493249,4414822,2611334.417524577,40.8507428493249,76799003.0,76799003
2023,racao_do_ano_diagnostico,coprodutos_gordura_vegetal_ddgs,ultima_participacao_5_cadeias,0.020866872451456173,0.03665571898895497,1.5788846537498797,75.66465254546083,1602555,2815122.67259991,75.66465254546083,76799003.0,76799003
2023,racao_do_ano_diagnostico,coprodutos_gordura_vegetal_ddgs,mix_por_cadeia,0.020866872451456173,0.03810032435052805,1.7233451899071877,82.58761316130658,1602555,2926066.9240971766,82.58761316130658,76799003.0,76799003
2024,racao_do_ano_diagnostico,milho,ultima_participacao_5_cadeias,0.587424743146513,0.6106671723329533,2.324242918644026,3.956664995407459,47015068,48875296.738123015,3.9566649954074604,80035900.0,80035900
2024,racao_do_ano_diagnostico,milho,mix_por_cadeia,0.587424743146513,0.6066523115049279,1.9227568358414882,3.2731968788756354,47015068,48553963.73837726,3.2731968788756367,80035900.0,80035900
2024,racao_do_ano_diagnostico,farelo_soja_46pb,ultima_participacao_5_cadeias,0.22367847428466475,0.21806300011472804,0.5615474169936713,2.5105116564726613,17902308,17452868.470882364,2.5105116564726537,80035900.0,80035900
2024,racao_do_ano_diagnostico,farelo_soja_46pb,mix_por_cadeia,0.22367847428466475,0.217463381449953,0.621509283471175,2.7785833458440448,17902308,17404877.451390292,2.7785833458440528,80035900.0,80035900
2024,racao_do_ano_diagnostico,sorgo,ultima_participacao_5_cadeias,0.05743787475370427,0.05748540772072262,0.004753296701835025,0.08275544180938686,4597092,4600896.343794984,0.08275544180938323,80035900.0,80035900
2024,racao_do_ano_diagnostico,sorgo,mix_por_cadeia,0.05743787475370427,0.05942173761531891,0.19838628616146367,3.4539280398543886,4597092,4755872.2496059025,3.4539280398543792,80035900.0,80035900
2024,racao_do_ano_diagnostico,coprodutos_gordura_vegetal_ddgs,ultima_participacao_5_cadeias,0.03167539816507342,0.020866872451456173,1.0808525713617247,34.12277773838741,2535169,1670098.916837501,34.12277773838742,80035900.0,80035900
2024,racao_do_ano_diagnostico,coprodutos_gordura_vegetal_ddgs,mix_por_cadeia,0.03167539816507342,0.022072783229744916,0.9602614935328504,30.315688173153692,2535169,1766615.071297541,30.315688173153703,80035900.0,80035900
2025,racao_do_ano_diagnostico,milho,ultima_participacao_5_cadeias,0.5818987970230317,0.587424743146513,0.552594612348134,0.9496404102829967,48405426,48865103.48606563,0.9496404102829993,83185300.0,83185300
2025,racao_do_ano_diagnostico,milho,mix_por_cadeia,0.5818987970230317,0.5855826302355935,0.36838332125618267,0.6330711167316642,48405426,48711866.77093692,0.6330711167316682,83185300.0,83185300
2025,racao_do_ano_diagnostico,farelo_soja_46pb,ultima_participacao_5_cadeias,0.2261531424422344,0.22367847428466475,0.24746681575696372,1.0942444269602551,18812617,18606760.986912124,1.0942444269602476,83185300.0,83185300
2025,racao_do_ano_diagnostico,farelo_soja_46pb,mix_por_cadeia,0.2261531424422344,0.22342307444845488,0.2730067993779506,1.2071766787308025,18812617,18585515.474917054,1.2071766787307998,83185300.0,83185300
2025,racao_do_ano_diagnostico,sorgo,ultima_participacao_5_cadeias,0.058239917389250266,0.05743787475370427,0.08020426355459936,1.3771355996017123,4844705,4777986.842749316,1.3771355996017043,83185300.0,83185300
2025,racao_do_ano_diagnostico,sorgo,mix_por_cadeia,0.058239917389250266,0.05823992521732012,7.828069852056085e-07,1.3441073069758449e-05,4844705,4844705.651180339,1.3441073069378272e-05,83185300.0,83185300
2025,racao_do_ano_diagnostico,coprodutos_gordura_vegetal_ddgs,ultima_participacao_5_cadeias,0.036284547870837756,0.03167539816507342,0.4609149705764336,12.702789413751395,3018341,2634927.498981082,12.7027894137514,83185300.0,83185300
2025,racao_do_ano_diagnostico,coprodutos_gordura_vegetal_ddgs,mix_por_cadeia,0.036284547870837756,0.03228384230130955,0.40007055695282095,11.025920961643331,3018341,2685541.1069871252,11.025920961643324,83185300.0,83185300
2024,modelo2_backtest,milho,ultima_participacao_5_cadeias,0.587424743146513,0.6106671723329533,2.324242918644026,3.956664995407459,47015068,47207411.51670349,0.40911036585863586,77304649.16978483,80035900
2024,modelo2_backtest,milho,mix_por_cadeia,0.587424743146513,0.6091077476857335,2.168300453922045,3.6911970073096443,47015068,47086860.74144345,0.15270155823968556,77304649.16978483,80035900
2024,modelo2_backtest,farelo_soja_46pb,ultima_participacao_5_cadeias,0.22367847428466475,0.21806300011472804,0.5615474169936713,2.5105116564726613,17902308,16857283.7207798,5.837371802675952,77304649.16978483,80035900
2024,modelo2_backtest,farelo_soja_46pb,mix_por_cadeia,0.22367847428466475,0.21743502140664758,0.6243452878017169,2.7912622785827077,17902308,16808738.047065545,6.108541719505971,77304649.16978483,80035900
2024,modelo2_backtest,sorgo,ultima_participacao_5_cadeias,0.05743787475370427,0.05748540772072262,0.004753296701835025,0.08275544180938686,4597092,4443889.276232502,3.3326007782201787,77304649.16978483,80035900
2024,modelo2_backtest,sorgo,mix_por_cadeia,0.05743787475370427,0.057924249178086584,0.048637442438231177,0.8467834620760314,4597092,4477813.7611351805,2.594645459886805,77304649.16978483,80035900
2024,modelo2_backtest,coprodutos_gordura_vegetal_ddgs,ultima_participacao_5_cadeias,0.03167539816507342,0.020866872451456173,1.0808525713617247,34.12277773838741,2535169,1613106.2541304673,36.37085913678862,77304649.16978483,80035900
2024,modelo2_backtest,coprodutos_gordura_vegetal_ddgs,mix_por_cadeia,0.03167539816507342,0.02183060456254706,0.9844793602526359,31.08025209729369,2535169,1687607.2268720046,33.432160661793965,77304649.16978483,80035900
2025,modelo2_backtest,milho,ultima_participacao_5_cadeias,0.5818987970230317,0.587424743146513,0.552594612348134,0.9496404102829967,48405426,46579811.59095099,3.7715077831336754,79294943.11296527,83185300
2025,modelo2_backtest,milho,mix_por_cadeia,0.5818987970230317,0.5878872023216717,0.5988405298639976,1.0291145692818735,48405426,46616482.26493726,3.6957504207539476,79294943.11296527,83185300
2025,modelo2_backtest,farelo_soja_46pb,ultima_participacao_5_cadeias,0.2261531424422344,0.22367847428466475,0.24746681575696372,1.0942444269602551,18812617,17736571.893997356,5.719805522020906,79294943.11296527,83185300
2025,modelo2_backtest,farelo_soja_46pb,mix_por_cadeia,0.2261531424422344,0.2233813719322964,0.27717705099379875,1.2256166242067463,18812617,17713013.17986758,5.845033788400729,79294943.11296527,83185300
2025,modelo2_backtest,sorgo,ultima_participacao_5_cadeias,0.058239917389250266,0.05743787475370427,0.08020426355459936,1.3771355996017123,4844705,4554533.011124604,5.989466621298833,79294943.11296527,83185300
2025,modelo2_backtest,sorgo,mix_por_cadeia,0.058239917389250266,0.05732130106023598,0.09186163290142851,1.5772967582949222,4844705,4545289.306732568,6.180266770988782,79294943.11296527,83185300
2025,modelo2_backtest,coprodutos_gordura_vegetal_ddgs,ultima_participacao_5_cadeias,0.036284547870837756,0.03167539816507342,0.4609149705764336,12.702789413751395,3018341,2511698.895580021,16.785449504213698,79294943.11296527,83185300
2025,modelo2_backtest,coprodutos_gordura_vegetal_ddgs,mix_por_cadeia,0.036284547870837756,0.03161399692783574,0.4670550943002019,12.872010861559573,3018341,2506830.0879661934,16.946756911621534,79294943.11296527,83185300
