ano_teste,item,real,pred_naive,mape_naive,pred_trend,mape_trend
2021,milho,0.6143085544874459,0.6080543373989267,1.0180905088872674,0.6045849250947608,1.582857559390186
2021,farelo_soja_46pb,0.21935888824161012,0.2252206208135406,2.672211105243272,0.23017329071793213,4.930004233250226
2021,sorgo,0.024290935456126154,0.02793620004508777,15.006686735245864,0.02705080341192967,11.361719522034623
2021,coprodutos_gordura_vegetal_ddgs,0.02198836701821148,0.015727603445818444,28.473071998514794,0.01541663888329059,29.8872950841596
2022,milho,0.60961845983589,0.6143085544874459,0.7693491848685942,0.6115748723773312,0.3209240976672289
2022,farelo_soja_46pb,0.21501887759888133,0.21935888824161012,2.0184323772841477,0.22299127387928974,3.707765741053189
2022,sorgo,0.031102478472296,0.024290935456126154,21.900322259646003,0.02363273724560999,24.016546569880447
2022,coprodutos_gordura_vegetal_ddgs,0.039687155022326344,0.02198836701821148,44.59575899093362,0.021769155282350017,45.14810832345228
2023,milho,0.5912350375111076,0.60961845983589,3.1093255910830613,0.6101931490518686,3.2065270726457618
2023,farelo_soja_46pb,0.21058176289440997,0.21501887759888133,2.1070745365049595,0.21700142174974735,3.048535052181289
2023,sorgo,0.052840794930249686,0.031102478472296,41.13926841306694,0.028122371629701375,46.77905268680543
2023,coprodutos_gordura_vegetal_ddgs,0.026521289727592566,0.039687155022326344,49.6426283561772,0.037855861778943733,42.73763518958415
2024,milho,0.5685865443276829,0.5912350375111076,3.9832974257604286,0.5973465322240941,5.058154854933835
2024,farelo_soja_46pb,0.21517568126252515,0.21058176289440997,2.1349616932363134,0.21151523481822299,1.7011431881264656
2024,sorgo,0.05255977082249079,0.052840794930249686,0.5346752913135688,0.0446091101448145,15.126893731192089
2024,coprodutos_gordura_vegetal_ddgs,0.03744464013112583,0.026521289727592566,29.171999958555446,0.0356353870639845,4.83180786570675
2025,milho,0.5634186155533824,0.5685865443276829,0.9172449457007431,0.5779960759768645,2.5873231769533196
2025,farelo_soja_46pb,0.21762951832100316,0.21517568126252515,1.1275295177828815,0.2114834100171925,2.8241151987227924
2025,sorgo,0.0533816485217143,0.05255977082249079,1.5396259238588184,0.05269133779450286,1.293161126207338
2025,coprodutos_gordura_vegetal_ddgs,0.041572490158832694,0.03744464013112583,9.929282590328171,0.04038592803334051,2.8542002679146186
2026,milho,0.5629635346207513,0.5634186155533824,0.08083666252692487,0.564709741041229,0.3101810886657131
2026,farelo_soja_46pb,0.21767466474320113,0.21762951832100316,0.020740320078695355,0.2128251463760722,2.227874508432156
2026,sorgo,0.053501442529749525,0.0533816485217143,0.22390799644068127,0.05742734263601612,7.337933185789515
2026,coprodutos_gordura_vegetal_ddgs,0.041748261216490806,0.041572490158832694,0.4210260560233392,0.04488973971283805,7.524812782158079
