data,variavel,valor,unidade
1997-07,preco_soja_parana,18.06,R$/saca de 60 kg
1997-08,preco_soja_parana,18.26,R$/saca de 60 kg
1997-09,preco_soja_parana,19.48,R$/saca de 60 kg
1997-10,preco_soja_parana,18.97,R$/saca de 60 kg
1997-11,preco_soja_parana,20.22,R$/saca de 60 kg
1997-12,preco_soja_parana,19.97,R$/saca de 60 kg
1998-01,preco_soja_parana,17.15,R$/saca de 60 kg
1998-02,preco_soja_parana,15.62,R$/saca de 60 kg
1998-03,preco_soja_parana,14.44,R$/saca de 60 kg
1998-04,preco_soja_parana,14.17,R$/saca de 60 kg
1998-05,preco_soja_parana,14.61,R$/saca de 60 kg
1998-06,preco_soja_parana,14.23,R$/saca de 60 kg
1998-07,preco_soja_parana,14.19,R$/saca de 60 kg
1998-08,preco_soja_parana,13.87,R$/saca de 60 kg
1998-09,preco_soja_parana,14.62,R$/saca de 60 kg
1998-10,preco_soja_parana,14.81,R$/saca de 60 kg
1998-11,preco_soja_parana,14.9,R$/saca de 60 kg
1998-12,preco_soja_parana,14.52,R$/saca de 60 kg
1999-01,preco_soja_parana,15.57,R$/saca de 60 kg
1999-02,preco_soja_parana,18.3,R$/saca de 60 kg
1999-03,preco_soja_parana,17.3,R$/saca de 60 kg
1999-04,preco_soja_parana,15.79,R$/saca de 60 kg
1999-05,preco_soja_parana,15.87,R$/saca de 60 kg
1999-06,preco_soja_parana,16.65,R$/saca de 60 kg
1999-07,preco_soja_parana,16.3,R$/saca de 60 kg
1999-08,preco_soja_parana,18.59,R$/saca de 60 kg
1999-09,preco_soja_parana,20.74,R$/saca de 60 kg
1999-10,preco_soja_parana,21.92,R$/saca de 60 kg
1999-11,preco_soja_parana,20.74,R$/saca de 60 kg
1999-12,preco_soja_parana,19.74,R$/saca de 60 kg
2000-01,preco_soja_parana,19.96,R$/saca de 60 kg
2000-02,preco_soja_parana,19.3,R$/saca de 60 kg
2000-03,preco_soja_parana,18.26,R$/saca de 60 kg
2000-04,preco_soja_parana,18.71,R$/saca de 60 kg
2000-05,preco_soja_parana,19.54,R$/saca de 60 kg
2000-06,preco_soja_parana,18.58,R$/saca de 60 kg
2000-07,preco_soja_parana,17.62,R$/saca de 60 kg
2000-08,preco_soja_parana,17.88,R$/saca de 60 kg
2000-09,preco_soja_parana,19.04,R$/saca de 60 kg
2000-10,preco_soja_parana,19.03,R$/saca de 60 kg
2000-11,preco_soja_parana,20.06,R$/saca de 60 kg
2000-12,preco_soja_parana,21.95,R$/saca de 60 kg
2001-01,preco_soja_parana,20.53,R$/saca de 60 kg
2001-02,preco_soja_parana,18.27,R$/saca de 60 kg
2001-03,preco_soja_parana,17.69,R$/saca de 60 kg
2001-04,preco_soja_parana,18.01,R$/saca de 60 kg
2001-05,preco_soja_parana,19.62,R$/saca de 60 kg
2001-06,preco_soja_parana,22.04,R$/saca de 60 kg
2001-07,preco_soja_parana,25.98,R$/saca de 60 kg
2001-08,preco_soja_parana,27.65,R$/saca de 60 kg
2001-09,preco_soja_parana,29.2,R$/saca de 60 kg
2001-10,preco_soja_parana,29.68,R$/saca de 60 kg
2001-11,preco_soja_parana,29.81,R$/saca de 60 kg
2001-12,preco_soja_parana,27.19,R$/saca de 60 kg
2002-01,preco_soja_parana,25.15,R$/saca de 60 kg
2002-02,preco_soja_parana,22.39,R$/saca de 60 kg
2002-03,preco_soja_parana,21.22,R$/saca de 60 kg
2002-04,preco_soja_parana,22.44,R$/saca de 60 kg
2002-05,preco_soja_parana,25.42,R$/saca de 60 kg
2002-06,preco_soja_parana,29.36,R$/saca de 60 kg
2002-07,preco_soja_parana,33.01,R$/saca de 60 kg
2002-08,preco_soja_parana,36.15,R$/saca de 60 kg
2002-09,preco_soja_parana,41.65,R$/saca de 60 kg
2002-10,preco_soja_parana,46.46,R$/saca de 60 kg
2002-11,preco_soja_parana,46.94,R$/saca de 60 kg
2002-12,preco_soja_parana,48.91,R$/saca de 60 kg
2003-01,preco_soja_parana,43.1,R$/saca de 60 kg
2003-02,preco_soja_parana,42.79,R$/saca de 60 kg
2003-03,preco_soja_parana,39.71,R$/saca de 60 kg
2003-04,preco_soja_parana,37.2,R$/saca de 60 kg
2003-05,preco_soja_parana,37.18,R$/saca de 60 kg
2003-06,preco_soja_parana,36.9,R$/saca de 60 kg
2003-07,preco_soja_parana,35.64,R$/saca de 60 kg
2003-08,preco_soja_parana,36.55,R$/saca de 60 kg
2003-09,preco_soja_parana,39.76,R$/saca de 60 kg
2003-10,preco_soja_parana,45.82,R$/saca de 60 kg
2003-11,preco_soja_parana,48.1,R$/saca de 60 kg
2003-12,preco_soja_parana,46.48,R$/saca de 60 kg
2004-01,preco_soja_parana,46.29,R$/saca de 60 kg
2004-02,preco_soja_parana,45.23,R$/saca de 60 kg
2004-03,preco_soja_parana,51.11,R$/saca de 60 kg
2004-04,preco_soja_parana,51.81,R$/saca de 60 kg
2004-05,preco_soja_parana,49.21,R$/saca de 60 kg
2004-06,preco_soja_parana,45.04,R$/saca de 60 kg
2004-07,preco_soja_parana,40.44,R$/saca de 60 kg
2004-08,preco_soja_parana,39.13,R$/saca de 60 kg
2004-09,preco_soja_parana,37.82,R$/saca de 60 kg
2004-10,preco_soja_parana,34.47,R$/saca de 60 kg
2004-11,preco_soja_parana,33.75,R$/saca de 60 kg
2004-12,preco_soja_parana,32.63,R$/saca de 60 kg
2005-01,preco_soja_parana,32.84,R$/saca de 60 kg
2005-02,preco_soja_parana,29.53,R$/saca de 60 kg
2005-03,preco_soja_parana,35.12,R$/saca de 60 kg
2005-04,preco_soja_parana,32.88,R$/saca de 60 kg
2005-05,preco_soja_parana,31.47,R$/saca de 60 kg
2005-06,preco_soja_parana,33.08,R$/saca de 60 kg
2005-07,preco_soja_parana,32.87,R$/saca de 60 kg
2005-08,preco_soja_parana,31.62,R$/saca de 60 kg
2005-09,preco_soja_parana,29.75,R$/saca de 60 kg
2005-10,preco_soja_parana,28.9,R$/saca de 60 kg
2005-11,preco_soja_parana,28.17,R$/saca de 60 kg
2005-12,preco_soja_parana,29.66,R$/saca de 60 kg
2006-01,preco_soja_parana,29.25,R$/saca de 60 kg
2006-02,preco_soja_parana,27.53,R$/saca de 60 kg
2006-03,preco_soja_parana,25.7,R$/saca de 60 kg
2006-04,preco_soja_parana,24.91,R$/saca de 60 kg
2006-05,preco_soja_parana,26.46,R$/saca de 60 kg
2006-06,preco_soja_parana,27.59,R$/saca de 60 kg
2006-07,preco_soja_parana,27.73,R$/saca de 60 kg
2006-08,preco_soja_parana,27.3,R$/saca de 60 kg
2006-09,preco_soja_parana,28.11,R$/saca de 60 kg
2006-10,preco_soja_parana,30.54,R$/saca de 60 kg
2006-11,preco_soja_parana,33.06,R$/saca de 60 kg
2006-12,preco_soja_parana,31.93,R$/saca de 60 kg
2007-01,preco_soja_parana,32.0,R$/saca de 60 kg
2007-02,preco_soja_parana,32.58,R$/saca de 60 kg
2007-03,preco_soja_parana,31.8,R$/saca de 60 kg
2007-04,preco_soja_parana,30.01,R$/saca de 60 kg
2007-05,preco_soja_parana,30.08,R$/saca de 60 kg
2007-06,preco_soja_parana,30.71,R$/saca de 60 kg
2007-07,preco_soja_parana,31.34,R$/saca de 60 kg
2007-08,preco_soja_parana,34.56,R$/saca de 60 kg
2007-09,preco_soja_parana,38.67,R$/saca de 60 kg
2007-10,preco_soja_parana,39.91,R$/saca de 60 kg
2007-11,preco_soja_parana,42.07,R$/saca de 60 kg
2007-12,preco_soja_parana,43.98,R$/saca de 60 kg
2008-01,preco_soja_parana,46.23,R$/saca de 60 kg
2008-02,preco_soja_parana,47.71,R$/saca de 60 kg
2008-03,preco_soja_parana,45.83,R$/saca de 60 kg
2008-04,preco_soja_parana,44.33,R$/saca de 60 kg
2008-05,preco_soja_parana,44.7,R$/saca de 60 kg
2008-06,preco_soja_parana,49.99,R$/saca de 60 kg
2008-07,preco_soja_parana,50.58,R$/saca de 60 kg
2008-08,preco_soja_parana,44.7,R$/saca de 60 kg
2008-09,preco_soja_parana,46.08,R$/saca de 60 kg
2008-10,preco_soja_parana,44.63,R$/saca de 60 kg
2008-11,preco_soja_parana,45.13,R$/saca de 60 kg
2008-12,preco_soja_parana,44.61,R$/saca de 60 kg
2009-01,preco_soja_parana,49.21,R$/saca de 60 kg
2009-02,preco_soja_parana,47.56,R$/saca de 60 kg
2009-03,preco_soja_parana,45.35,R$/saca de 60 kg
2009-04,preco_soja_parana,47.95,R$/saca de 60 kg
2009-05,preco_soja_parana,50.39,R$/saca de 60 kg
2009-06,preco_soja_parana,49.89,R$/saca de 60 kg
2009-07,preco_soja_parana,47.83,R$/saca de 60 kg
2009-08,preco_soja_parana,48.2,R$/saca de 60 kg
2009-09,preco_soja_parana,46.07,R$/saca de 60 kg
2009-10,preco_soja_parana,44.67,R$/saca de 60 kg
2009-11,preco_soja_parana,44.06,R$/saca de 60 kg
2009-12,preco_soja_parana,42.87,R$/saca de 60 kg
2010-01,preco_soja_parana,39.8,R$/saca de 60 kg
2010-02,preco_soja_parana,35.73,R$/saca de 60 kg
2010-03,preco_soja_parana,34.14,R$/saca de 60 kg
2010-04,preco_soja_parana,34.49,R$/saca de 60 kg
2010-05,preco_soja_parana,35.59,R$/saca de 60 kg
2010-06,preco_soja_parana,36.16,R$/saca de 60 kg
2010-07,preco_soja_parana,38.58,R$/saca de 60 kg
2010-08,preco_soja_parana,41.32,R$/saca de 60 kg
2010-09,preco_soja_parana,42.59,R$/saca de 60 kg
2010-10,preco_soja_parana,44.88,R$/saca de 60 kg
2010-11,preco_soja_parana,48.96,R$/saca de 60 kg
2010-12,preco_soja_parana,48.52,R$/saca de 60 kg
2011-01,preco_soja_parana,49.63,R$/saca de 60 kg
2011-02,preco_soja_parana,49.28,R$/saca de 60 kg
2011-03,preco_soja_parana,46.32,R$/saca de 60 kg
2011-04,preco_soja_parana,44.37,R$/saca de 60 kg
2011-05,preco_soja_parana,44.94,R$/saca de 60 kg
2011-06,preco_soja_parana,45.13,R$/saca de 60 kg
2011-07,preco_soja_parana,45.77,R$/saca de 60 kg
2011-08,preco_soja_parana,46.5,R$/saca de 60 kg
2011-09,preco_soja_parana,49.05,R$/saca de 60 kg
2011-10,preco_soja_parana,46.21,R$/saca de 60 kg
2011-11,preco_soja_parana,45.35,R$/saca de 60 kg
2011-12,preco_soja_parana,45.23,R$/saca de 60 kg
2012-01,preco_soja_parana,46.8,R$/saca de 60 kg
2012-02,preco_soja_parana,47.06,R$/saca de 60 kg
2012-03,preco_soja_parana,52.23,R$/saca de 60 kg
2012-04,preco_soja_parana,57.57,R$/saca de 60 kg
2012-05,preco_soja_parana,61.11,R$/saca de 60 kg
2012-06,preco_soja_parana,65.22,R$/saca de 60 kg
2012-07,preco_soja_parana,76.32,R$/saca de 60 kg
2012-08,preco_soja_parana,82.01,R$/saca de 60 kg
2012-09,preco_soja_parana,82.92,R$/saca de 60 kg
2012-10,preco_soja_parana,74.41,R$/saca de 60 kg
2012-11,preco_soja_parana,74.6,R$/saca de 60 kg
2012-12,preco_soja_parana,73.25,R$/saca de 60 kg
2013-01,preco_soja_parana,64.62,R$/saca de 60 kg
2013-02,preco_soja_parana,59.93,R$/saca de 60 kg
2013-03,preco_soja_parana,57.83,R$/saca de 60 kg
2013-04,preco_soja_parana,55.76,R$/saca de 60 kg
2013-05,preco_soja_parana,58.71,R$/saca de 60 kg
2013-06,preco_soja_parana,65.29,R$/saca de 60 kg
2013-07,preco_soja_parana,65.26,R$/saca de 60 kg
2013-08,preco_soja_parana,66.22,R$/saca de 60 kg
2013-09,preco_soja_parana,70.81,R$/saca de 60 kg
2013-10,preco_soja_parana,72.43,R$/saca de 60 kg
2013-11,preco_soja_parana,74.05,R$/saca de 60 kg
2013-12,preco_soja_parana,74.05,R$/saca de 60 kg
2014-01,preco_soja_parana,67.43,R$/saca de 60 kg
2014-02,preco_soja_parana,66.87,R$/saca de 60 kg
2014-03,preco_soja_parana,68.78,R$/saca de 60 kg
2014-04,preco_soja_parana,67.89,R$/saca de 60 kg
2014-05,preco_soja_parana,67.81,R$/saca de 60 kg
2014-06,preco_soja_parana,67.54,R$/saca de 60 kg
2014-07,preco_soja_parana,63.72,R$/saca de 60 kg
2014-08,preco_soja_parana,63.45,R$/saca de 60 kg
2014-09,preco_soja_parana,58.94,R$/saca de 60 kg
2014-10,preco_soja_parana,59.58,R$/saca de 60 kg
2014-11,preco_soja_parana,63.01,R$/saca de 60 kg
2014-12,preco_soja_parana,62.42,R$/saca de 60 kg
2015-01,preco_soja_parana,59.29,R$/saca de 60 kg
2015-02,preco_soja_parana,60.2,R$/saca de 60 kg
2015-03,preco_soja_parana,64.35,R$/saca de 60 kg
2015-04,preco_soja_parana,62.99,R$/saca de 60 kg
2015-05,preco_soja_parana,62.1,R$/saca de 60 kg
2015-06,preco_soja_parana,62.97,R$/saca de 60 kg
2015-07,preco_soja_parana,67.84,R$/saca de 60 kg
2015-08,preco_soja_parana,72.18,R$/saca de 60 kg
2015-09,preco_soja_parana,76.62,R$/saca de 60 kg
2015-10,preco_soja_parana,78.14,R$/saca de 60 kg
2015-11,preco_soja_parana,75.55,R$/saca de 60 kg
2015-12,preco_soja_parana,77.07,R$/saca de 60 kg
2016-01,preco_soja_parana,78.46,R$/saca de 60 kg
2016-02,preco_soja_parana,73.32,R$/saca de 60 kg
2016-03,preco_soja_parana,69.95,R$/saca de 60 kg
2016-04,preco_soja_parana,73.42,R$/saca de 60 kg
2016-05,preco_soja_parana,82.29,R$/saca de 60 kg
2016-06,preco_soja_parana,90.54,R$/saca de 60 kg
2016-07,preco_soja_parana,82.84,R$/saca de 60 kg
2016-08,preco_soja_parana,77.57,R$/saca de 60 kg
2016-09,preco_soja_parana,76.14,R$/saca de 60 kg
2016-10,preco_soja_parana,73.93,R$/saca de 60 kg
2016-11,preco_soja_parana,74.9,R$/saca de 60 kg
2016-12,preco_soja_parana,74.71,R$/saca de 60 kg
2017-01,preco_soja_parana,71.57,R$/saca de 60 kg
2017-02,preco_soja_parana,68.78,R$/saca de 60 kg
2017-03,preco_soja_parana,64.92,R$/saca de 60 kg
2017-04,preco_soja_parana,61.16,R$/saca de 60 kg
2017-05,preco_soja_parana,64.06,R$/saca de 60 kg
2017-06,preco_soja_parana,63.59,R$/saca de 60 kg
2017-07,preco_soja_parana,66.23,R$/saca de 60 kg
2017-08,preco_soja_parana,63.86,R$/saca de 60 kg
2017-09,preco_soja_parana,65.0,R$/saca de 60 kg
2017-10,preco_soja_parana,66.48,R$/saca de 60 kg
2017-11,preco_soja_parana,69.03,R$/saca de 60 kg
2017-12,preco_soja_parana,70.03,R$/saca de 60 kg
2018-01,preco_soja_parana,67.42,R$/saca de 60 kg
2018-02,preco_soja_parana,69.43,R$/saca de 60 kg
2018-03,preco_soja_parana,73.64,R$/saca de 60 kg
2018-04,preco_soja_parana,79.6,R$/saca de 60 kg
2018-05,preco_soja_parana,80.32,R$/saca de 60 kg
2018-06,preco_soja_parana,78.44,R$/saca de 60 kg
2018-07,preco_soja_parana,81.97,R$/saca de 60 kg
2018-08,preco_soja_parana,83.64,R$/saca de 60 kg
2018-09,preco_soja_parana,88.84,R$/saca de 60 kg
2018-10,preco_soja_parana,84.18,R$/saca de 60 kg
2018-11,preco_soja_parana,78.33,R$/saca de 60 kg
2018-12,preco_soja_parana,75.6,R$/saca de 60 kg
2019-01,preco_soja_parana,72.02,R$/saca de 60 kg
2019-02,preco_soja_parana,72.78,R$/saca de 60 kg
2019-03,preco_soja_parana,73.02,R$/saca de 60 kg
2019-04,preco_soja_parana,71.78,R$/saca de 60 kg
2019-05,preco_soja_parana,72.91,R$/saca de 60 kg
2019-06,preco_soja_parana,76.26,R$/saca de 60 kg
2019-07,preco_soja_parana,73.78,R$/saca de 60 kg
2019-08,preco_soja_parana,78.74,R$/saca de 60 kg
2019-09,preco_soja_parana,80.44,R$/saca de 60 kg
2019-10,preco_soja_parana,82.63,R$/saca de 60 kg
2019-11,preco_soja_parana,84.28,R$/saca de 60 kg
2019-12,preco_soja_parana,83.31,R$/saca de 60 kg
2020-01,preco_soja_parana,82.6,R$/saca de 60 kg
2020-02,preco_soja_parana,81.45,R$/saca de 60 kg
2020-03,preco_soja_parana,88.23,R$/saca de 60 kg
2020-04,preco_soja_parana,95.19,R$/saca de 60 kg
2020-05,preco_soja_parana,103.34,R$/saca de 60 kg
2020-06,preco_soja_parana,103.43,R$/saca de 60 kg
2020-07,preco_soja_parana,109.45,R$/saca de 60 kg
2020-08,preco_soja_parana,122.52,R$/saca de 60 kg
2020-09,preco_soja_parana,136.72,R$/saca de 60 kg
2020-10,preco_soja_parana,158.41,R$/saca de 60 kg
2020-11,preco_soja_parana,164.55,R$/saca de 60 kg
2020-12,preco_soja_parana,145.12,R$/saca de 60 kg
2021-01,preco_soja_parana,163.9,R$/saca de 60 kg
2021-02,preco_soja_parana,161.56,R$/saca de 60 kg
2021-03,preco_soja_parana,164.51,R$/saca de 60 kg
2021-04,preco_soja_parana,170.8,R$/saca de 60 kg
2021-05,preco_soja_parana,171.36,R$/saca de 60 kg
2021-06,preco_soja_parana,157.16,R$/saca de 60 kg
2021-07,preco_soja_parana,162.65,R$/saca de 60 kg
2021-08,preco_soja_parana,168.09,R$/saca de 60 kg
2021-09,preco_soja_parana,169.57,R$/saca de 60 kg
2021-10,preco_soja_parana,168.22,R$/saca de 60 kg
2021-11,preco_soja_parana,162.38,R$/saca de 60 kg
2021-12,preco_soja_parana,166.74,R$/saca de 60 kg
2022-01,preco_soja_parana,176.31,R$/saca de 60 kg
2022-02,preco_soja_parana,191.63,R$/saca de 60 kg
2022-03,preco_soja_parana,195.85,R$/saca de 60 kg
2022-04,preco_soja_parana,182.2,R$/saca de 60 kg
2022-05,preco_soja_parana,188.96,R$/saca de 60 kg
2022-06,preco_soja_parana,189.82,R$/saca de 60 kg
2022-07,preco_soja_parana,184.63,R$/saca de 60 kg
2022-08,preco_soja_parana,181.86,R$/saca de 60 kg
2022-09,preco_soja_parana,181.72,R$/saca de 60 kg
2022-10,preco_soja_parana,179.71,R$/saca de 60 kg
2022-11,preco_soja_parana,182.44,R$/saca de 60 kg
2022-12,preco_soja_parana,177.28,R$/saca de 60 kg
2023-01,preco_soja_parana,170.87,R$/saca de 60 kg
2023-02,preco_soja_parana,165.56,R$/saca de 60 kg
2023-03,preco_soja_parana,155.19,R$/saca de 60 kg
2023-04,preco_soja_parana,139.11,R$/saca de 60 kg
2023-05,preco_soja_parana,131.16,R$/saca de 60 kg
2023-06,preco_soja_parana,128.43,R$/saca de 60 kg
2023-07,preco_soja_parana,137.38,R$/saca de 60 kg
2023-08,preco_soja_parana,139.84,R$/saca de 60 kg
2023-09,preco_soja_parana,139.16,R$/saca de 60 kg
2023-10,preco_soja_parana,136.91,R$/saca de 60 kg
2023-11,preco_soja_parana,138.17,R$/saca de 60 kg
2023-12,preco_soja_parana,139.12,R$/saca de 60 kg
2024-01,preco_soja_parana,121.18,R$/saca de 60 kg
2024-02,preco_soja_parana,111.93,R$/saca de 60 kg
2024-03,preco_soja_parana,117.28,R$/saca de 60 kg
2024-04,preco_soja_parana,122.66,R$/saca de 60 kg
2024-05,preco_soja_parana,130.96,R$/saca de 60 kg
2024-06,preco_soja_parana,133.98,R$/saca de 60 kg
2024-07,preco_soja_parana,133.5,R$/saca de 60 kg
2024-08,preco_soja_parana,129.24,R$/saca de 60 kg
2024-09,preco_soja_parana,136.65,R$/saca de 60 kg
2024-10,preco_soja_parana,139.71,R$/saca de 60 kg
2024-11,preco_soja_parana,140.47,R$/saca de 60 kg
2024-12,preco_soja_parana,138.38,R$/saca de 60 kg
2025-01,preco_soja_parana,129.56,R$/saca de 60 kg
2025-02,preco_soja_parana,126.01,R$/saca de 60 kg
2025-03,preco_soja_parana,127.95,R$/saca de 60 kg
2025-04,preco_soja_parana,129.83,R$/saca de 60 kg
2025-05,preco_soja_parana,128.14,R$/saca de 60 kg
2025-06,preco_soja_parana,129.06,R$/saca de 60 kg
2025-07,preco_soja_parana,130.47,R$/saca de 60 kg
2025-08,preco_soja_parana,134.07,R$/saca de 60 kg
2025-09,preco_soja_parana,133.02,R$/saca de 60 kg
2025-10,preco_soja_parana,132.66,R$/saca de 60 kg
2025-11,preco_soja_parana,134.76,R$/saca de 60 kg
2025-12,preco_soja_parana,135.68,R$/saca de 60 kg
2026-01,preco_soja_parana,125.07,R$/saca de 60 kg
2026-02,preco_soja_parana,120.1,R$/saca de 60 kg
2026-03,preco_soja_parana,122.44,R$/saca de 60 kg
2026-04,preco_soja_parana,121.35,R$/saca de 60 kg
2026-05,preco_soja_parana,123.03,R$/saca de 60 kg
2026-06,preco_soja_parana,125.22,R$/saca de 60 kg
2026-07,preco_soja_parana,134.6,R$/saca de 60 kg
2026-08,preco_soja_parana,142.55,R$/saca de 60 kg
2026-09,preco_soja_parana,153.78,R$/saca de 60 kg
2004-01,preco_milho,20.25,R$/saca de 60 kg
2004-07,preco_milho,18.14,R$/saca de 60 kg
2004-08,preco_milho,18.37,R$/saca de 60 kg
2004-09,preco_milho,19.05,R$/saca de 60 kg
2004-10,preco_milho,18.27,R$/saca de 60 kg
2004-11,preco_milho,17.7,R$/saca de 60 kg
2004-12,preco_milho,17.14,R$/saca de 60 kg
2005-01,preco_milho,17.82,R$/saca de 60 kg
2005-02,preco_milho,17.47,R$/saca de 60 kg
2005-03,preco_milho,20.06,R$/saca de 60 kg
2005-04,preco_milho,19.35,R$/saca de 60 kg
2005-05,preco_milho,19.02,R$/saca de 60 kg
2005-06,preco_milho,19.55,R$/saca de 60 kg
2005-07,preco_milho,19.26,R$/saca de 60 kg
2005-08,preco_milho,18.64,R$/saca de 60 kg
2005-09,preco_milho,18.36,R$/saca de 60 kg
2005-10,preco_milho,17.78,R$/saca de 60 kg
2005-11,preco_milho,16.5,R$/saca de 60 kg
2005-12,preco_milho,16.74,R$/saca de 60 kg
2006-01,preco_milho,17.55,R$/saca de 60 kg
2006-02,preco_milho,16.52,R$/saca de 60 kg
2006-03,preco_milho,14.62,R$/saca de 60 kg
2006-04,preco_milho,14.44,R$/saca de 60 kg
2006-05,preco_milho,15.25,R$/saca de 60 kg
2006-06,preco_milho,16.47,R$/saca de 60 kg
2006-07,preco_milho,16.69,R$/saca de 60 kg
2006-08,preco_milho,16.86,R$/saca de 60 kg
2006-09,preco_milho,17.94,R$/saca de 60 kg
2006-10,preco_milho,21.09,R$/saca de 60 kg
2006-11,preco_milho,22.93,R$/saca de 60 kg
2006-12,preco_milho,24.96,R$/saca de 60 kg
2007-01,preco_milho,25.02,R$/saca de 60 kg
2007-02,preco_milho,22.02,R$/saca de 60 kg
2007-03,preco_milho,20.2,R$/saca de 60 kg
2007-04,preco_milho,19.21,R$/saca de 60 kg
2007-05,preco_milho,18.93,R$/saca de 60 kg
2007-06,preco_milho,19.58,R$/saca de 60 kg
2007-07,preco_milho,18.97,R$/saca de 60 kg
2007-08,preco_milho,22.13,R$/saca de 60 kg
2007-09,preco_milho,26.95,R$/saca de 60 kg
2007-10,preco_milho,27.36,R$/saca de 60 kg
2007-11,preco_milho,31.72,R$/saca de 60 kg
2007-12,preco_milho,33.8,R$/saca de 60 kg
2008-01,preco_milho,30.93,R$/saca de 60 kg
2008-02,preco_milho,27.79,R$/saca de 60 kg
2008-03,preco_milho,27.19,R$/saca de 60 kg
2008-04,preco_milho,26.62,R$/saca de 60 kg
2008-05,preco_milho,27.43,R$/saca de 60 kg
2008-06,preco_milho,26.88,R$/saca de 60 kg
2008-07,preco_milho,27.76,R$/saca de 60 kg
2008-08,preco_milho,24.56,R$/saca de 60 kg
2008-09,preco_milho,23.78,R$/saca de 60 kg
2008-10,preco_milho,22.32,R$/saca de 60 kg
2008-11,preco_milho,20.51,R$/saca de 60 kg
2008-12,preco_milho,20.75,R$/saca de 60 kg
2009-01,preco_milho,23.67,R$/saca de 60 kg
2009-02,preco_milho,22.26,R$/saca de 60 kg
2009-03,preco_milho,20.62,R$/saca de 60 kg
2009-04,preco_milho,21.29,R$/saca de 60 kg
2009-05,preco_milho,22.25,R$/saca de 60 kg
2009-06,preco_milho,22.24,R$/saca de 60 kg
2009-07,preco_milho,20.55,R$/saca de 60 kg
2009-08,preco_milho,19.42,R$/saca de 60 kg
2009-09,preco_milho,19.12,R$/saca de 60 kg
2009-10,preco_milho,20.6,R$/saca de 60 kg
2009-11,preco_milho,20.41,R$/saca de 60 kg
2009-12,preco_milho,20.02,R$/saca de 60 kg
2010-01,preco_milho,19.66,R$/saca de 60 kg
2010-02,preco_milho,18.35,R$/saca de 60 kg
2010-03,preco_milho,18.47,R$/saca de 60 kg
2010-04,preco_milho,18.16,R$/saca de 60 kg
2010-05,preco_milho,18.67,R$/saca de 60 kg
2010-06,preco_milho,19.43,R$/saca de 60 kg
2010-07,preco_milho,18.84,R$/saca de 60 kg
2010-08,preco_milho,20.56,R$/saca de 60 kg
2010-09,preco_milho,24.36,R$/saca de 60 kg
2010-10,preco_milho,25.15,R$/saca de 60 kg
2010-11,preco_milho,28.29,R$/saca de 60 kg
2010-12,preco_milho,28.36,R$/saca de 60 kg
2011-01,preco_milho,30.35,R$/saca de 60 kg
2011-02,preco_milho,31.68,R$/saca de 60 kg
2011-03,preco_milho,31.44,R$/saca de 60 kg
2011-04,preco_milho,29.94,R$/saca de 60 kg
2011-05,preco_milho,28.69,R$/saca de 60 kg
2011-06,preco_milho,30.75,R$/saca de 60 kg
2011-07,preco_milho,30.31,R$/saca de 60 kg
2011-08,preco_milho,30.2,R$/saca de 60 kg
2011-09,preco_milho,31.92,R$/saca de 60 kg
2011-10,preco_milho,30.75,R$/saca de 60 kg
2011-11,preco_milho,29.81,R$/saca de 60 kg
2011-12,preco_milho,28.18,R$/saca de 60 kg
2012-01,preco_milho,31.08,R$/saca de 60 kg
2012-02,preco_milho,28.4,R$/saca de 60 kg
2012-03,preco_milho,28.89,R$/saca de 60 kg
2012-04,preco_milho,25.83,R$/saca de 60 kg
2012-05,preco_milho,24.91,R$/saca de 60 kg
2012-06,preco_milho,24.13,R$/saca de 60 kg
2012-07,preco_milho,29.01,R$/saca de 60 kg
2012-08,preco_milho,33.25,R$/saca de 60 kg
2012-09,preco_milho,32.23,R$/saca de 60 kg
2012-10,preco_milho,31.35,R$/saca de 60 kg
2012-11,preco_milho,34.09,R$/saca de 60 kg
2012-12,preco_milho,34.96,R$/saca de 60 kg
2013-01,preco_milho,32.75,R$/saca de 60 kg
2013-02,preco_milho,32.34,R$/saca de 60 kg
2013-03,preco_milho,30.71,R$/saca de 60 kg
2013-04,preco_milho,26.41,R$/saca de 60 kg
2013-05,preco_milho,26.02,R$/saca de 60 kg
2013-06,preco_milho,26.45,R$/saca de 60 kg
2013-07,preco_milho,25.0,R$/saca de 60 kg
2013-08,preco_milho,24.04,R$/saca de 60 kg
2013-09,preco_milho,25.07,R$/saca de 60 kg
2013-10,preco_milho,24.12,R$/saca de 60 kg
2013-11,preco_milho,25.59,R$/saca de 60 kg
2013-12,preco_milho,26.45,R$/saca de 60 kg
2014-01,preco_milho,26.83,R$/saca de 60 kg
2014-02,preco_milho,30.62,R$/saca de 60 kg
2014-03,preco_milho,32.84,R$/saca de 60 kg
2014-04,preco_milho,31.18,R$/saca de 60 kg
2014-05,preco_milho,28.75,R$/saca de 60 kg
2014-06,preco_milho,26.38,R$/saca de 60 kg
2014-07,preco_milho,23.66,R$/saca de 60 kg
2014-08,preco_milho,22.91,R$/saca de 60 kg
2014-09,preco_milho,22.02,R$/saca de 60 kg
2014-10,preco_milho,23.62,R$/saca de 60 kg
2014-11,preco_milho,27.66,R$/saca de 60 kg
2014-12,preco_milho,27.67,R$/saca de 60 kg
2015-01,preco_milho,27.41,R$/saca de 60 kg
2015-02,preco_milho,27.99,R$/saca de 60 kg
2015-03,preco_milho,29.44,R$/saca de 60 kg
2015-04,preco_milho,27.61,R$/saca de 60 kg
2015-05,preco_milho,25.34,R$/saca de 60 kg
2015-06,preco_milho,25.03,R$/saca de 60 kg
2015-07,preco_milho,25.99,R$/saca de 60 kg
2015-08,preco_milho,27.4,R$/saca de 60 kg
2015-09,preco_milho,31.04,R$/saca de 60 kg
2015-10,preco_milho,32.83,R$/saca de 60 kg
2015-11,preco_milho,33.57,R$/saca de 60 kg
2015-12,preco_milho,35.33,R$/saca de 60 kg
2016-01,preco_milho,41.65,R$/saca de 60 kg
2016-02,preco_milho,42.98,R$/saca de 60 kg
2016-03,preco_milho,47.79,R$/saca de 60 kg
2016-04,preco_milho,48.92,R$/saca de 60 kg
2016-05,preco_milho,51.48,R$/saca de 60 kg
2016-06,preco_milho,49.12,R$/saca de 60 kg
2016-07,preco_milho,44.42,R$/saca de 60 kg
2016-08,preco_milho,45.43,R$/saca de 60 kg
2016-09,preco_milho,41.91,R$/saca de 60 kg
2016-10,preco_milho,42.12,R$/saca de 60 kg
2016-11,preco_milho,38.77,R$/saca de 60 kg
2016-12,preco_milho,38.29,R$/saca de 60 kg
2017-01,preco_milho,35.92,R$/saca de 60 kg
2017-02,preco_milho,36.21,R$/saca de 60 kg
2017-03,preco_milho,33.77,R$/saca de 60 kg
2017-04,preco_milho,28.32,R$/saca de 60 kg
2017-05,preco_milho,27.76,R$/saca de 60 kg
2017-06,preco_milho,26.75,R$/saca de 60 kg
2017-07,preco_milho,26.33,R$/saca de 60 kg
2017-08,preco_milho,26.67,R$/saca de 60 kg
2017-09,preco_milho,29.11,R$/saca de 60 kg
2017-10,preco_milho,31.26,R$/saca de 60 kg
2017-11,preco_milho,31.75,R$/saca de 60 kg
2017-12,preco_milho,32.38,R$/saca de 60 kg
2018-01,preco_milho,32.7,R$/saca de 60 kg
2018-02,preco_milho,34.76,R$/saca de 60 kg
2018-03,preco_milho,41.37,R$/saca de 60 kg
2018-04,preco_milho,39.92,R$/saca de 60 kg
2018-05,preco_milho,42.69,R$/saca de 60 kg
2018-06,preco_milho,40.55,R$/saca de 60 kg
2018-07,preco_milho,37.22,R$/saca de 60 kg
2018-08,preco_milho,41.17,R$/saca de 60 kg
2018-09,preco_milho,40.31,R$/saca de 60 kg
2018-10,preco_milho,36.43,R$/saca de 60 kg
2018-11,preco_milho,36.56,R$/saca de 60 kg
2018-12,preco_milho,37.83,R$/saca de 60 kg
2019-01,preco_milho,38.91,R$/saca de 60 kg
2019-02,preco_milho,40.89,R$/saca de 60 kg
2019-03,preco_milho,39.82,R$/saca de 60 kg
2019-04,preco_milho,36.42,R$/saca de 60 kg
2019-05,preco_milho,34.84,R$/saca de 60 kg
2019-06,preco_milho,38.04,R$/saca de 60 kg
2019-07,preco_milho,37.1,R$/saca de 60 kg
2019-08,preco_milho,36.41,R$/saca de 60 kg
2019-09,preco_milho,37.64,R$/saca de 60 kg
2019-10,preco_milho,41.51,R$/saca de 60 kg
2019-11,preco_milho,44.54,R$/saca de 60 kg
2019-12,preco_milho,48.16,R$/saca de 60 kg
2020-01,preco_milho,51.07,R$/saca de 60 kg
2020-02,preco_milho,51.69,R$/saca de 60 kg
2020-03,preco_milho,57.41,R$/saca de 60 kg
2020-04,preco_milho,52.92,R$/saca de 60 kg
2020-05,preco_milho,50.12,R$/saca de 60 kg
2020-06,preco_milho,47.76,R$/saca de 60 kg
2020-07,preco_milho,49.7,R$/saca de 60 kg
2020-08,preco_milho,56.62,R$/saca de 60 kg
2020-09,preco_milho,60.06,R$/saca de 60 kg
2020-10,preco_milho,72.71,R$/saca de 60 kg
2020-11,preco_milho,80.31,R$/saca de 60 kg
2020-12,preco_milho,75.33,R$/saca de 60 kg
2021-01,preco_milho,83.65,R$/saca de 60 kg
2021-02,preco_milho,83.89,R$/saca de 60 kg
2021-03,preco_milho,91.51,R$/saca de 60 kg
2021-04,preco_milho,97.15,R$/saca de 60 kg
2021-05,preco_milho,100.72,R$/saca de 60 kg
2021-06,preco_milho,92.09,R$/saca de 60 kg
2021-07,preco_milho,97.48,R$/saca de 60 kg
2021-08,preco_milho,98.64,R$/saca de 60 kg
2021-09,preco_milho,92.44,R$/saca de 60 kg
2021-10,preco_milho,89.92,R$/saca de 60 kg
2021-11,preco_milho,84.19,R$/saca de 60 kg
2021-12,preco_milho,88.03,R$/saca de 60 kg
2022-01,preco_milho,96.04,R$/saca de 60 kg
2022-02,preco_milho,96.85,R$/saca de 60 kg
2022-03,preco_milho,99.69,R$/saca de 60 kg
2022-04,preco_milho,88.78,R$/saca de 60 kg
2022-05,preco_milho,87.36,R$/saca de 60 kg
2022-06,preco_milho,85.64,R$/saca de 60 kg
2022-07,preco_milho,81.98,R$/saca de 60 kg
2022-08,preco_milho,82.52,R$/saca de 60 kg
2022-09,preco_milho,84.06,R$/saca de 60 kg
2022-10,preco_milho,84.53,R$/saca de 60 kg
2022-11,preco_milho,84.99,R$/saca de 60 kg
2022-12,preco_milho,86.01,R$/saca de 60 kg
2023-01,preco_milho,86.11,R$/saca de 60 kg
2023-02,preco_milho,85.74,R$/saca de 60 kg
2023-03,preco_milho,84.88,R$/saca de 60 kg
2023-04,preco_milho,74.85,R$/saca de 60 kg
2023-05,preco_milho,58.16,R$/saca de 60 kg
2023-06,preco_milho,55.04,R$/saca de 60 kg
2023-07,preco_milho,54.98,R$/saca de 60 kg
2023-08,preco_milho,53.34,R$/saca de 60 kg
2023-09,preco_milho,54.63,R$/saca de 60 kg
2023-10,preco_milho,59.13,R$/saca de 60 kg
2023-11,preco_milho,60.65,R$/saca de 60 kg
2023-12,preco_milho,66.77,R$/saca de 60 kg
2024-01,preco_milho,65.83,R$/saca de 60 kg
2024-02,preco_milho,62.58,R$/saca de 60 kg
2024-03,preco_milho,62.72,R$/saca de 60 kg
2024-04,preco_milho,59.63,R$/saca de 60 kg
2024-05,preco_milho,58.92,R$/saca de 60 kg
2024-06,preco_milho,57.86,R$/saca de 60 kg
2024-07,preco_milho,57.22,R$/saca de 60 kg
2024-08,preco_milho,59.58,R$/saca de 60 kg
2024-09,preco_milho,62.6,R$/saca de 60 kg
2024-10,preco_milho,68.79,R$/saca de 60 kg
2024-11,preco_milho,73.68,R$/saca de 60 kg
2024-12,preco_milho,72.92,R$/saca de 60 kg
2025-01,preco_milho,74.17,R$/saca de 60 kg
2025-02,preco_milho,80.76,R$/saca de 60 kg
2025-03,preco_milho,89.12,R$/saca de 60 kg
2025-04,preco_milho,83.67,R$/saca de 60 kg
2025-05,preco_milho,73.3,R$/saca de 60 kg
2025-06,preco_milho,68.15,R$/saca de 60 kg
2025-07,preco_milho,63.63,R$/saca de 60 kg
2025-08,preco_milho,63.87,R$/saca de 60 kg
2025-09,preco_milho,64.77,R$/saca de 60 kg
2025-10,preco_milho,65.35,R$/saca de 60 kg
2025-11,preco_milho,67.54,R$/saca de 60 kg
2025-12,preco_milho,69.62,R$/saca de 60 kg
2026-01,preco_milho,67.84,R$/saca de 60 kg
2026-02,preco_milho,67.86,R$/saca de 60 kg
2026-03,preco_milho,70.9,R$/saca de 60 kg
2026-04,preco_milho,67.95,R$/saca de 60 kg
2026-05,preco_milho,65.6,R$/saca de 60 kg
2026-06,preco_milho,63.68,R$/saca de 60 kg
2026-07,preco_milho,64.84,R$/saca de 60 kg
2026-08,preco_milho,66.96,R$/saca de 60 kg
2026-09,preco_milho,70.03,R$/saca de 60 kg
2004-01,preco_sorgo_estimado,17.21,R$/saca de 60 kg
2004-07,preco_sorgo_estimado,15.42,R$/saca de 60 kg
2004-08,preco_sorgo_estimado,15.61,R$/saca de 60 kg
2004-09,preco_sorgo_estimado,16.19,R$/saca de 60 kg
2004-10,preco_sorgo_estimado,15.53,R$/saca de 60 kg
2004-11,preco_sorgo_estimado,15.04,R$/saca de 60 kg
2004-12,preco_sorgo_estimado,14.57,R$/saca de 60 kg
2005-01,preco_sorgo_estimado,15.15,R$/saca de 60 kg
2005-02,preco_sorgo_estimado,14.85,R$/saca de 60 kg
2005-03,preco_sorgo_estimado,17.05,R$/saca de 60 kg
2005-04,preco_sorgo_estimado,16.45,R$/saca de 60 kg
2005-05,preco_sorgo_estimado,16.17,R$/saca de 60 kg
2005-06,preco_sorgo_estimado,16.62,R$/saca de 60 kg
2005-07,preco_sorgo_estimado,16.37,R$/saca de 60 kg
2005-08,preco_sorgo_estimado,15.84,R$/saca de 60 kg
2005-09,preco_sorgo_estimado,15.61,R$/saca de 60 kg
2005-10,preco_sorgo_estimado,15.11,R$/saca de 60 kg
2005-11,preco_sorgo_estimado,14.03,R$/saca de 60 kg
2005-12,preco_sorgo_estimado,14.23,R$/saca de 60 kg
2006-01,preco_sorgo_estimado,14.92,R$/saca de 60 kg
2006-02,preco_sorgo_estimado,14.04,R$/saca de 60 kg
2006-03,preco_sorgo_estimado,12.43,R$/saca de 60 kg
2006-04,preco_sorgo_estimado,12.27,R$/saca de 60 kg
2006-05,preco_sorgo_estimado,12.96,R$/saca de 60 kg
2006-06,preco_sorgo_estimado,14.0,R$/saca de 60 kg
2006-07,preco_sorgo_estimado,14.19,R$/saca de 60 kg
2006-08,preco_sorgo_estimado,14.33,R$/saca de 60 kg
2006-09,preco_sorgo_estimado,15.25,R$/saca de 60 kg
2006-10,preco_sorgo_estimado,17.93,R$/saca de 60 kg
2006-11,preco_sorgo_estimado,19.49,R$/saca de 60 kg
2006-12,preco_sorgo_estimado,21.22,R$/saca de 60 kg
2007-01,preco_sorgo_estimado,21.27,R$/saca de 60 kg
2007-02,preco_sorgo_estimado,18.72,R$/saca de 60 kg
2007-03,preco_sorgo_estimado,17.17,R$/saca de 60 kg
2007-04,preco_sorgo_estimado,16.33,R$/saca de 60 kg
2007-05,preco_sorgo_estimado,16.09,R$/saca de 60 kg
2007-06,preco_sorgo_estimado,16.64,R$/saca de 60 kg
2007-07,preco_sorgo_estimado,16.12,R$/saca de 60 kg
2007-08,preco_sorgo_estimado,18.81,R$/saca de 60 kg
2007-09,preco_sorgo_estimado,22.91,R$/saca de 60 kg
2007-10,preco_sorgo_estimado,23.26,R$/saca de 60 kg
2007-11,preco_sorgo_estimado,26.96,R$/saca de 60 kg
2007-12,preco_sorgo_estimado,28.73,R$/saca de 60 kg
2008-01,preco_sorgo_estimado,26.29,R$/saca de 60 kg
2008-02,preco_sorgo_estimado,23.62,R$/saca de 60 kg
2008-03,preco_sorgo_estimado,23.11,R$/saca de 60 kg
2008-04,preco_sorgo_estimado,22.63,R$/saca de 60 kg
2008-05,preco_sorgo_estimado,23.32,R$/saca de 60 kg
2008-06,preco_sorgo_estimado,22.85,R$/saca de 60 kg
2008-07,preco_sorgo_estimado,23.6,R$/saca de 60 kg
2008-08,preco_sorgo_estimado,20.88,R$/saca de 60 kg
2008-09,preco_sorgo_estimado,20.21,R$/saca de 60 kg
2008-10,preco_sorgo_estimado,18.97,R$/saca de 60 kg
2008-11,preco_sorgo_estimado,17.43,R$/saca de 60 kg
2008-12,preco_sorgo_estimado,17.64,R$/saca de 60 kg
2009-01,preco_sorgo_estimado,20.12,R$/saca de 60 kg
2009-02,preco_sorgo_estimado,18.92,R$/saca de 60 kg
2009-03,preco_sorgo_estimado,17.53,R$/saca de 60 kg
2009-04,preco_sorgo_estimado,18.1,R$/saca de 60 kg
2009-05,preco_sorgo_estimado,18.91,R$/saca de 60 kg
2009-06,preco_sorgo_estimado,18.9,R$/saca de 60 kg
2009-07,preco_sorgo_estimado,17.47,R$/saca de 60 kg
2009-08,preco_sorgo_estimado,16.51,R$/saca de 60 kg
2009-09,preco_sorgo_estimado,16.25,R$/saca de 60 kg
2009-10,preco_sorgo_estimado,17.51,R$/saca de 60 kg
2009-11,preco_sorgo_estimado,17.35,R$/saca de 60 kg
2009-12,preco_sorgo_estimado,17.02,R$/saca de 60 kg
2010-01,preco_sorgo_estimado,16.71,R$/saca de 60 kg
2010-02,preco_sorgo_estimado,15.6,R$/saca de 60 kg
2010-03,preco_sorgo_estimado,15.7,R$/saca de 60 kg
2010-04,preco_sorgo_estimado,15.44,R$/saca de 60 kg
2010-05,preco_sorgo_estimado,15.87,R$/saca de 60 kg
2010-06,preco_sorgo_estimado,16.52,R$/saca de 60 kg
2010-07,preco_sorgo_estimado,16.01,R$/saca de 60 kg
2010-08,preco_sorgo_estimado,17.48,R$/saca de 60 kg
2010-09,preco_sorgo_estimado,20.71,R$/saca de 60 kg
2010-10,preco_sorgo_estimado,21.38,R$/saca de 60 kg
2010-11,preco_sorgo_estimado,24.05,R$/saca de 60 kg
2010-12,preco_sorgo_estimado,24.11,R$/saca de 60 kg
2011-01,preco_sorgo_estimado,25.8,R$/saca de 60 kg
2011-02,preco_sorgo_estimado,26.93,R$/saca de 60 kg
2011-03,preco_sorgo_estimado,26.72,R$/saca de 60 kg
2011-04,preco_sorgo_estimado,25.45,R$/saca de 60 kg
2011-05,preco_sorgo_estimado,24.39,R$/saca de 60 kg
2011-06,preco_sorgo_estimado,26.14,R$/saca de 60 kg
2011-07,preco_sorgo_estimado,25.76,R$/saca de 60 kg
2011-08,preco_sorgo_estimado,25.67,R$/saca de 60 kg
2011-09,preco_sorgo_estimado,27.13,R$/saca de 60 kg
2011-10,preco_sorgo_estimado,26.14,R$/saca de 60 kg
2011-11,preco_sorgo_estimado,25.34,R$/saca de 60 kg
2011-12,preco_sorgo_estimado,23.95,R$/saca de 60 kg
2012-01,preco_sorgo_estimado,26.42,R$/saca de 60 kg
2012-02,preco_sorgo_estimado,24.14,R$/saca de 60 kg
2012-03,preco_sorgo_estimado,24.56,R$/saca de 60 kg
2012-04,preco_sorgo_estimado,21.96,R$/saca de 60 kg
2012-05,preco_sorgo_estimado,21.17,R$/saca de 60 kg
2012-06,preco_sorgo_estimado,20.51,R$/saca de 60 kg
2012-07,preco_sorgo_estimado,24.66,R$/saca de 60 kg
2012-08,preco_sorgo_estimado,28.26,R$/saca de 60 kg
2012-09,preco_sorgo_estimado,27.4,R$/saca de 60 kg
2012-10,preco_sorgo_estimado,26.65,R$/saca de 60 kg
2012-11,preco_sorgo_estimado,28.98,R$/saca de 60 kg
2012-12,preco_sorgo_estimado,29.72,R$/saca de 60 kg
2013-01,preco_sorgo_estimado,27.84,R$/saca de 60 kg
2013-02,preco_sorgo_estimado,27.49,R$/saca de 60 kg
2013-03,preco_sorgo_estimado,26.1,R$/saca de 60 kg
2013-04,preco_sorgo_estimado,22.45,R$/saca de 60 kg
2013-05,preco_sorgo_estimado,22.12,R$/saca de 60 kg
2013-06,preco_sorgo_estimado,22.48,R$/saca de 60 kg
2013-07,preco_sorgo_estimado,21.25,R$/saca de 60 kg
2013-08,preco_sorgo_estimado,20.43,R$/saca de 60 kg
2013-09,preco_sorgo_estimado,21.31,R$/saca de 60 kg
2013-10,preco_sorgo_estimado,20.5,R$/saca de 60 kg
2013-11,preco_sorgo_estimado,21.75,R$/saca de 60 kg
2013-12,preco_sorgo_estimado,22.48,R$/saca de 60 kg
2014-01,preco_sorgo_estimado,22.81,R$/saca de 60 kg
2014-02,preco_sorgo_estimado,26.03,R$/saca de 60 kg
2014-03,preco_sorgo_estimado,27.91,R$/saca de 60 kg
2014-04,preco_sorgo_estimado,26.5,R$/saca de 60 kg
2014-05,preco_sorgo_estimado,24.44,R$/saca de 60 kg
2014-06,preco_sorgo_estimado,22.42,R$/saca de 60 kg
2014-07,preco_sorgo_estimado,20.11,R$/saca de 60 kg
2014-08,preco_sorgo_estimado,19.47,R$/saca de 60 kg
2014-09,preco_sorgo_estimado,18.72,R$/saca de 60 kg
2014-10,preco_sorgo_estimado,20.08,R$/saca de 60 kg
2014-11,preco_sorgo_estimado,23.51,R$/saca de 60 kg
2014-12,preco_sorgo_estimado,23.52,R$/saca de 60 kg
2015-01,preco_sorgo_estimado,23.3,R$/saca de 60 kg
2015-02,preco_sorgo_estimado,23.79,R$/saca de 60 kg
2015-03,preco_sorgo_estimado,25.02,R$/saca de 60 kg
2015-04,preco_sorgo_estimado,23.47,R$/saca de 60 kg
2015-05,preco_sorgo_estimado,21.54,R$/saca de 60 kg
2015-06,preco_sorgo_estimado,21.28,R$/saca de 60 kg
2015-07,preco_sorgo_estimado,22.09,R$/saca de 60 kg
2015-08,preco_sorgo_estimado,23.29,R$/saca de 60 kg
2015-09,preco_sorgo_estimado,26.38,R$/saca de 60 kg
2015-10,preco_sorgo_estimado,27.91,R$/saca de 60 kg
2015-11,preco_sorgo_estimado,28.53,R$/saca de 60 kg
2015-12,preco_sorgo_estimado,30.03,R$/saca de 60 kg
2016-01,preco_sorgo_estimado,35.4,R$/saca de 60 kg
2016-02,preco_sorgo_estimado,36.53,R$/saca de 60 kg
2016-03,preco_sorgo_estimado,40.62,R$/saca de 60 kg
2016-04,preco_sorgo_estimado,41.58,R$/saca de 60 kg
2016-05,preco_sorgo_estimado,43.76,R$/saca de 60 kg
2016-06,preco_sorgo_estimado,41.75,R$/saca de 60 kg
2016-07,preco_sorgo_estimado,37.76,R$/saca de 60 kg
2016-08,preco_sorgo_estimado,38.62,R$/saca de 60 kg
2016-09,preco_sorgo_estimado,35.62,R$/saca de 60 kg
2016-10,preco_sorgo_estimado,35.8,R$/saca de 60 kg
2016-11,preco_sorgo_estimado,32.95,R$/saca de 60 kg
2016-12,preco_sorgo_estimado,32.55,R$/saca de 60 kg
2017-01,preco_sorgo_estimado,30.53,R$/saca de 60 kg
2017-02,preco_sorgo_estimado,30.78,R$/saca de 60 kg
2017-03,preco_sorgo_estimado,28.7,R$/saca de 60 kg
2017-04,preco_sorgo_estimado,24.07,R$/saca de 60 kg
2017-05,preco_sorgo_estimado,23.6,R$/saca de 60 kg
2017-06,preco_sorgo_estimado,22.74,R$/saca de 60 kg
2017-07,preco_sorgo_estimado,22.38,R$/saca de 60 kg
2017-08,preco_sorgo_estimado,22.67,R$/saca de 60 kg
2017-09,preco_sorgo_estimado,24.74,R$/saca de 60 kg
2017-10,preco_sorgo_estimado,26.57,R$/saca de 60 kg
2017-11,preco_sorgo_estimado,26.99,R$/saca de 60 kg
2017-12,preco_sorgo_estimado,27.52,R$/saca de 60 kg
2018-01,preco_sorgo_estimado,27.8,R$/saca de 60 kg
2018-02,preco_sorgo_estimado,29.55,R$/saca de 60 kg
2018-03,preco_sorgo_estimado,35.16,R$/saca de 60 kg
2018-04,preco_sorgo_estimado,33.93,R$/saca de 60 kg
2018-05,preco_sorgo_estimado,36.29,R$/saca de 60 kg
2018-06,preco_sorgo_estimado,34.47,R$/saca de 60 kg
2018-07,preco_sorgo_estimado,31.64,R$/saca de 60 kg
2018-08,preco_sorgo_estimado,34.99,R$/saca de 60 kg
2018-09,preco_sorgo_estimado,34.26,R$/saca de 60 kg
2018-10,preco_sorgo_estimado,30.97,R$/saca de 60 kg
2018-11,preco_sorgo_estimado,31.08,R$/saca de 60 kg
2018-12,preco_sorgo_estimado,32.16,R$/saca de 60 kg
2019-01,preco_sorgo_estimado,33.07,R$/saca de 60 kg
2019-02,preco_sorgo_estimado,34.76,R$/saca de 60 kg
2019-03,preco_sorgo_estimado,33.85,R$/saca de 60 kg
2019-04,preco_sorgo_estimado,30.96,R$/saca de 60 kg
2019-05,preco_sorgo_estimado,29.61,R$/saca de 60 kg
2019-06,preco_sorgo_estimado,32.33,R$/saca de 60 kg
2019-07,preco_sorgo_estimado,31.54,R$/saca de 60 kg
2019-08,preco_sorgo_estimado,30.95,R$/saca de 60 kg
2019-09,preco_sorgo_estimado,31.99,R$/saca de 60 kg
2019-10,preco_sorgo_estimado,35.28,R$/saca de 60 kg
2019-11,preco_sorgo_estimado,37.86,R$/saca de 60 kg
2019-12,preco_sorgo_estimado,40.94,R$/saca de 60 kg
2020-01,preco_sorgo_estimado,43.41,R$/saca de 60 kg
2020-02,preco_sorgo_estimado,43.94,R$/saca de 60 kg
2020-03,preco_sorgo_estimado,48.8,R$/saca de 60 kg
2020-04,preco_sorgo_estimado,44.98,R$/saca de 60 kg
2020-05,preco_sorgo_estimado,42.6,R$/saca de 60 kg
2020-06,preco_sorgo_estimado,40.6,R$/saca de 60 kg
2020-07,preco_sorgo_estimado,42.25,R$/saca de 60 kg
2020-08,preco_sorgo_estimado,48.13,R$/saca de 60 kg
2020-09,preco_sorgo_estimado,51.05,R$/saca de 60 kg
2020-10,preco_sorgo_estimado,61.8,R$/saca de 60 kg
2020-11,preco_sorgo_estimado,68.26,R$/saca de 60 kg
2020-12,preco_sorgo_estimado,64.03,R$/saca de 60 kg
2021-01,preco_sorgo_estimado,71.1,R$/saca de 60 kg
2021-02,preco_sorgo_estimado,71.31,R$/saca de 60 kg
2021-03,preco_sorgo_estimado,77.78,R$/saca de 60 kg
2021-04,preco_sorgo_estimado,82.58,R$/saca de 60 kg
2021-05,preco_sorgo_estimado,85.61,R$/saca de 60 kg
2021-06,preco_sorgo_estimado,78.28,R$/saca de 60 kg
2021-07,preco_sorgo_estimado,82.86,R$/saca de 60 kg
2021-08,preco_sorgo_estimado,83.84,R$/saca de 60 kg
2021-09,preco_sorgo_estimado,78.57,R$/saca de 60 kg
2021-10,preco_sorgo_estimado,76.43,R$/saca de 60 kg
2021-11,preco_sorgo_estimado,71.56,R$/saca de 60 kg
2021-12,preco_sorgo_estimado,74.83,R$/saca de 60 kg
2022-01,preco_sorgo_estimado,81.63,R$/saca de 60 kg
2022-02,preco_sorgo_estimado,82.32,R$/saca de 60 kg
2022-03,preco_sorgo_estimado,84.74,R$/saca de 60 kg
2022-04,preco_sorgo_estimado,75.46,R$/saca de 60 kg
2022-05,preco_sorgo_estimado,74.26,R$/saca de 60 kg
2022-06,preco_sorgo_estimado,72.79,R$/saca de 60 kg
2022-07,preco_sorgo_estimado,69.68,R$/saca de 60 kg
2022-08,preco_sorgo_estimado,70.14,R$/saca de 60 kg
2022-09,preco_sorgo_estimado,71.45,R$/saca de 60 kg
2022-10,preco_sorgo_estimado,71.85,R$/saca de 60 kg
2022-11,preco_sorgo_estimado,72.24,R$/saca de 60 kg
2022-12,preco_sorgo_estimado,73.11,R$/saca de 60 kg
2023-01,preco_sorgo_estimado,73.19,R$/saca de 60 kg
2023-02,preco_sorgo_estimado,72.88,R$/saca de 60 kg
2023-03,preco_sorgo_estimado,72.15,R$/saca de 60 kg
2023-04,preco_sorgo_estimado,63.62,R$/saca de 60 kg
2023-05,preco_sorgo_estimado,49.44,R$/saca de 60 kg
2023-06,preco_sorgo_estimado,46.78,R$/saca de 60 kg
2023-07,preco_sorgo_estimado,46.73,R$/saca de 60 kg
2023-08,preco_sorgo_estimado,45.34,R$/saca de 60 kg
2023-09,preco_sorgo_estimado,46.44,R$/saca de 60 kg
2023-10,preco_sorgo_estimado,50.26,R$/saca de 60 kg
2023-11,preco_sorgo_estimado,51.55,R$/saca de 60 kg
2023-12,preco_sorgo_estimado,56.75,R$/saca de 60 kg
2024-01,preco_sorgo_estimado,55.96,R$/saca de 60 kg
2024-02,preco_sorgo_estimado,53.19,R$/saca de 60 kg
2024-03,preco_sorgo_estimado,53.31,R$/saca de 60 kg
2024-04,preco_sorgo_estimado,50.69,R$/saca de 60 kg
2024-05,preco_sorgo_estimado,50.08,R$/saca de 60 kg
2024-06,preco_sorgo_estimado,49.18,R$/saca de 60 kg
2024-07,preco_sorgo_estimado,48.64,R$/saca de 60 kg
2024-08,preco_sorgo_estimado,50.64,R$/saca de 60 kg
2024-09,preco_sorgo_estimado,53.21,R$/saca de 60 kg
2024-10,preco_sorgo_estimado,58.47,R$/saca de 60 kg
2024-11,preco_sorgo_estimado,62.63,R$/saca de 60 kg
2024-12,preco_sorgo_estimado,61.98,R$/saca de 60 kg
2025-01,preco_sorgo_estimado,63.04,R$/saca de 60 kg
2025-02,preco_sorgo_estimado,68.65,R$/saca de 60 kg
2025-03,preco_sorgo_estimado,75.75,R$/saca de 60 kg
2025-04,preco_sorgo_estimado,71.12,R$/saca de 60 kg
2025-05,preco_sorgo_estimado,62.3,R$/saca de 60 kg
2025-06,preco_sorgo_estimado,57.93,R$/saca de 60 kg
2025-07,preco_sorgo_estimado,54.09,R$/saca de 60 kg
2025-08,preco_sorgo_estimado,54.29,R$/saca de 60 kg
2025-09,preco_sorgo_estimado,55.05,R$/saca de 60 kg
2025-10,preco_sorgo_estimado,55.55,R$/saca de 60 kg
2025-11,preco_sorgo_estimado,57.41,R$/saca de 60 kg
2025-12,preco_sorgo_estimado,59.18,R$/saca de 60 kg
2026-01,preco_sorgo_estimado,57.66,R$/saca de 60 kg
2026-02,preco_sorgo_estimado,57.68,R$/saca de 60 kg
2026-03,preco_sorgo_estimado,60.27,R$/saca de 60 kg
2026-04,preco_sorgo_estimado,57.76,R$/saca de 60 kg
2026-05,preco_sorgo_estimado,55.76,R$/saca de 60 kg
2026-06,preco_sorgo_estimado,54.13,R$/saca de 60 kg
2026-07,preco_sorgo_estimado,55.11,R$/saca de 60 kg
2026-08,preco_sorgo_estimado,56.92,R$/saca de 60 kg
2026-09,preco_sorgo_estimado,59.53,R$/saca de 60 kg
