ano,tipo,item,valor,unidade,fonte,status
2021,composicao_racao,coprodutos_gordura_vegetal_ddgs,1777524,toneladas,boletim_maio22,estimativa
2022,composicao_racao,coprodutos_gordura_vegetal_ddgs,3255528,toneladas,boletim_jun23,estimativa
2022,composicao_racao,coprodutos_gordura_vegetal_ddgs,1829086,toneladas,boletim_maio22,previsao
2023,composicao_racao,coprodutos_gordura_vegetal_ddgs,3327521,toneladas,boletim_jun23,previsao
2023,composicao_racao,coprodutos_gordura_vegetal_ddgs,2215841,toneladas,boletim_maio24,estimativa
2024,composicao_racao,coprodutos_gordura_vegetal_ddgs,2292083,toneladas,boletim_maio24,previsao
2024,composicao_racao,coprodutos_gordura_vegetal_ddgs,3275061,toneladas,boletim_maio25,estimativa
2025,composicao_racao,coprodutos_gordura_vegetal_ddgs,3402572,toneladas,boletim_maio25,previsao
2025,composicao_racao,coprodutos_gordura_vegetal_ddgs,3772953,toneladas,boletim_mar26,estimativa
2026,composicao_racao,coprodutos_gordura_vegetal_ddgs,3910089,toneladas,boletim_mar26,previsao
2021,composicao_racao,farelo_soja_46pb,17732817,toneladas,boletim_maio22,estimativa
2022,composicao_racao,farelo_soja_46pb,17637948,toneladas,boletim_jun23,estimativa
2022,composicao_racao,farelo_soja_46pb,18345030,toneladas,boletim_maio22,previsao
2023,composicao_racao,farelo_soja_46pb,18003672,toneladas,boletim_jun23,previsao
2023,composicao_racao,farelo_soja_46pb,17594005,toneladas,boletim_maio24,estimativa
2024,composicao_racao,farelo_soja_46pb,18079238,toneladas,boletim_maio24,previsao
2024,composicao_racao,farelo_soja_46pb,18820143,toneladas,boletim_maio25,estimativa
2025,composicao_racao,farelo_soja_46pb,19355563,toneladas,boletim_maio25,previsao
2025,composicao_racao,farelo_soja_46pb,19751185,toneladas,boletim_mar26,estimativa
2026,composicao_racao,farelo_soja_46pb,20387132,toneladas,boletim_mar26,previsao
2021,composicao_racao,milho,49660268,toneladas,boletim_maio22,estimativa
2022,composicao_racao,milho,50006859,toneladas,boletim_jun23,estimativa
2022,composicao_racao,milho,51401641,toneladas,boletim_maio22,previsao
2023,composicao_racao,milho,51191720,toneladas,boletim_jun23,previsao
2023,composicao_racao,milho,49397403,toneladas,boletim_maio24,estimativa
2024,composicao_racao,milho,50609649,toneladas,boletim_maio24,previsao
2024,composicao_racao,milho,49730899,toneladas,boletim_maio25,estimativa
2025,composicao_racao,milho,51061176,toneladas,boletim_maio25,previsao
2025,composicao_racao,milho,51133621,toneladas,boletim_mar26,estimativa
2026,composicao_racao,milho,52726448,toneladas,boletim_mar26,previsao
2021,composicao_racao,sorgo,1963662,toneladas,boletim_maio22,estimativa
2022,composicao_racao,sorgo,2551329,toneladas,boletim_jun23,estimativa
2022,composicao_racao,sorgo,2009490,toneladas,boletim_maio22,previsao
2023,composicao_racao,sorgo,2583209,toneladas,boletim_jun23,previsao
2023,composicao_racao,sorgo,4414823,toneladas,boletim_maio24,estimativa
2024,composicao_racao,sorgo,4532860,toneladas,boletim_maio24,previsao
2024,composicao_racao,sorgo,4597092,toneladas,boletim_maio25,estimativa
2025,composicao_racao,sorgo,4752837,toneladas,boletim_maio25,previsao
2025,composicao_racao,sorgo,4844705,toneladas,boletim_mar26,estimativa
2026,composicao_racao,sorgo,5010877,toneladas,boletim_mar26,previsao
2021,producao_racao,aves_frango_corte,35400000,toneladas,boletim_maio22,estimativa
2022,producao_racao,aves_frango_corte,35700000,toneladas,boletim_jun23,estimativa
2022,producao_racao,aves_frango_corte,36800000,toneladas,boletim_maio22,previsao
2022,producao_racao,aves_frango_corte,35700000,toneladas,boletim_maio24,estimativa
2023,producao_racao,aves_frango_corte,36400000,toneladas,boletim_jun23,previsao
2023,producao_racao,aves_frango_corte,36500000,toneladas,boletim_maio24,estimativa
2024,producao_racao,aves_frango_corte,37800000,toneladas,boletim_maio24,previsao
2024,producao_racao,aves_frango_corte,36900000,toneladas,boletim_maio25,estimativa
2024,producao_racao,aves_frango_corte,36900000,toneladas,boletim_mar26,estimativa
2025,producao_racao,aves_frango_corte,37900000,toneladas,boletim_maio25,previsao
2025,producao_racao,aves_frango_corte,37900000,toneladas,boletim_mar26,estimativa
2026,producao_racao,aves_frango_corte,39100000,toneladas,boletim_mar26,previsao
2021,producao_racao,aves_poedeiras,7190000,toneladas,boletim_maio22,estimativa
2022,producao_racao,aves_poedeiras,6900000,toneladas,boletim_jun23,estimativa
2022,producao_racao,aves_poedeiras,7370000,toneladas,boletim_maio22,previsao
2022,producao_racao,aves_poedeiras,6900000,toneladas,boletim_maio24,estimativa
2023,producao_racao,aves_poedeiras,6800000,toneladas,boletim_jun23,previsao
2023,producao_racao,aves_poedeiras,6900000,toneladas,boletim_maio24,estimativa
2024,producao_racao,aves_poedeiras,6970000,toneladas,boletim_maio24,previsao
2024,producao_racao,aves_poedeiras,7200000,toneladas,boletim_maio25,estimativa
2024,producao_racao,aves_poedeiras,7200000,toneladas,boletim_mar26,estimativa
2025,producao_racao,aves_poedeiras,7400000,toneladas,boletim_maio25,previsao
2025,producao_racao,aves_poedeiras,7400000,toneladas,boletim_mar26,estimativa
2026,producao_racao,aves_poedeiras,7700000,toneladas,boletim_mar26,previsao
2021,producao_racao,aves_total,42600000,toneladas,boletim_maio22,estimativa
2022,producao_racao,aves_total,42600000,toneladas,boletim_jun23,estimativa
2022,producao_racao,aves_total,44200000,toneladas,boletim_maio22,previsao
2022,producao_racao,aves_total,42600000,toneladas,boletim_maio24,estimativa
2023,producao_racao,aves_total,43200000,toneladas,boletim_jun23,previsao
2023,producao_racao,aves_total,43400000,toneladas,boletim_maio24,estimativa
2024,producao_racao,aves_total,44700000,toneladas,boletim_maio24,previsao
2021,producao_racao,bovinos_corte,5730000,toneladas,boletim_maio22,estimativa
2022,producao_racao,bovinos_corte,5950000,toneladas,boletim_jun23,estimativa
2022,producao_racao,bovinos_corte,5870000,toneladas,boletim_maio22,previsao
2022,producao_racao,bovinos_corte,6700000,toneladas,boletim_maio24,estimativa
2023,producao_racao,bovinos_corte,6100000,toneladas,boletim_jun23,previsao
2023,producao_racao,bovinos_corte,6600000,toneladas,boletim_maio24,estimativa
2024,producao_racao,bovinos_corte,6800000,toneladas,boletim_maio24,previsao
2024,producao_racao,bovinos_corte,7200000,toneladas,boletim_maio25,estimativa
2024,producao_racao,bovinos_corte,7200000,toneladas,boletim_mar26,estimativa
2025,producao_racao,bovinos_corte,7700000,toneladas,boletim_maio25,previsao
2025,producao_racao,bovinos_corte,7800000,toneladas,boletim_mar26,estimativa
2026,producao_racao,bovinos_corte,8200000,toneladas,boletim_mar26,previsao
2021,producao_racao,bovinos_leite,6400000,toneladas,boletim_maio22,estimativa
2022,producao_racao,bovinos_leite,6200000,toneladas,boletim_jun23,estimativa
2022,producao_racao,bovinos_leite,6500000,toneladas,boletim_maio22,previsao
2022,producao_racao,bovinos_leite,6200000,toneladas,boletim_maio24,estimativa
2023,producao_racao,bovinos_leite,6200000,toneladas,boletim_jun23,previsao
2023,producao_racao,bovinos_leite,6000000,toneladas,boletim_maio24,estimativa
2024,producao_racao,bovinos_leite,6200000,toneladas,boletim_maio24,previsao
2024,producao_racao,bovinos_leite,7100000,toneladas,boletim_maio25,estimativa
2024,producao_racao,bovinos_leite,7100000,toneladas,boletim_mar26,estimativa
2025,producao_racao,bovinos_leite,7300000,toneladas,boletim_maio25,previsao
2025,producao_racao,bovinos_leite,7700000,toneladas,boletim_mar26,estimativa
2026,producao_racao,bovinos_leite,7900000,toneladas,boletim_mar26,previsao
2021,producao_racao,bovinos_total,12200000,toneladas,boletim_maio22,estimativa
2022,producao_racao,bovinos_total,12100000,toneladas,boletim_jun23,estimativa
2022,producao_racao,bovinos_total,12400000,toneladas,boletim_maio22,previsao
2022,producao_racao,bovinos_total,12800000,toneladas,boletim_maio24,estimativa
2023,producao_racao,bovinos_total,12300000,toneladas,boletim_jun23,previsao
2023,producao_racao,bovinos_total,12600000,toneladas,boletim_maio24,estimativa
2024,producao_racao,bovinos_total,13000000,toneladas,boletim_maio24,previsao
2021,producao_racao,suinos,19700000,toneladas,boletim_maio22,estimativa
2022,producao_racao,suinos,20600000,toneladas,boletim_jun23,estimativa
2022,producao_racao,suinos,20400000,toneladas,boletim_maio22,previsao
2022,producao_racao,suinos,20600000,toneladas,boletim_maio24,estimativa
2023,producao_racao,suinos,21400000,toneladas,boletim_jun23,previsao
2023,producao_racao,suinos,20800000,toneladas,boletim_maio24,estimativa
2024,producao_racao,suinos,21000000,toneladas,boletim_maio24,previsao
2024,producao_racao,suinos,21600000,toneladas,boletim_maio25,estimativa
2024,producao_racao,suinos,21600000,toneladas,boletim_mar26,estimativa
2025,producao_racao,suinos,22000000,toneladas,boletim_maio25,previsao
2025,producao_racao,suinos,22500000,toneladas,boletim_mar26,estimativa
2026,producao_racao,suinos,23100000,toneladas,boletim_mar26,previsao
2021,producao_racao,total_geral,85000000,toneladas,boletim_maio22,estimativa
2022,producao_racao,total_geral,85900000,toneladas,boletim_jun23,estimativa
2022,producao_racao,total_geral,88000000,toneladas,boletim_maio22,previsao
2022,producao_racao,total_geral,86100000,toneladas,boletim_maio24,estimativa
2023,producao_racao,total_geral,87800000,toneladas,boletim_jun23,previsao
2023,producao_racao,total_geral,86900000,toneladas,boletim_maio24,estimativa
2024,producao_racao,total_geral,89300000,toneladas,boletim_maio24,previsao
2024,producao_racao,total_geral,91100000,toneladas,boletim_maio25,estimativa
2024,producao_racao,total_geral,91000000,toneladas,boletim_mar26,estimativa
2025,producao_racao,total_geral,93800000,toneladas,boletim_maio25,previsao
2025,producao_racao,total_geral,94176002,toneladas,boletim_mar26,estimativa
2026,producao_racao,total_geral,97333727,toneladas,boletim_mar26,previsao
2021,producao_racao,total_racoes,80800000,toneladas,boletim_maio22,estimativa
2022,producao_racao,total_racoes,82000000,toneladas,boletim_jun23,estimativa
2022,producao_racao,total_racoes,83600000,toneladas,boletim_maio22,previsao
2022,producao_racao,total_racoes,82600000,toneladas,boletim_maio24,estimativa
2023,producao_racao,total_racoes,83900000,toneladas,boletim_jun23,previsao
2023,producao_racao,total_racoes,83600000,toneladas,boletim_maio24,estimativa
2024,producao_racao,total_racoes,85700000,toneladas,boletim_maio24,previsao
2025,producao_racao,total_racoes,90756002,toneladas,boletim_mar26,estimativa
2026,producao_racao,total_racoes,93658727,toneladas,boletim_mar26,previsao
