Soja | INDICADOR DA SOJA CEPEA/ESALQ - PARANÁ;;;;;;;;;
Nota;por saca de 60 kg, descontado o Prazo de Pagamento pela taxa NPR;;;;;;;;
Fonte;Cepea;;;;;;;;
Data;À vista R$;À vista US$;;;;;;;
07/1997;18,06;16,68;;;;;;;
08/1997;18,26;16,79;;;;;;;
09/1997;19,48;17,82;;;;;;;
10/1997;18,97;17,25;;;;;;;
11/1997;20,22;18,26;;;;;;;
12/1997;19,97;17,95;;;;;;;
01/1998;17,15;15,32;;;;;;;
02/1998;15,62;13,86;;;;;;;
03/1998;14,44;12,74;;;;;;;
04/1998;14,17;12,42;;;;;;;
05/1998;14,61;12,73;;;;;;;
06/1998;14,23;12,33;;;;;;;
07/1998;14,19;12,22;;;;;;;
08/1998;13,87;11,84;;;;;;;
09/1998;14,62;12,38;;;;;;;
10/1998;14,81;12,47;;;;;;;
11/1998;14,90;12,49;;;;;;;
12/1998;14,52;12,06;;;;;;;
01/1999;15,57;10,50;;;;;;;
02/1999;18,30;9,55;;;;;;;
03/1999;17,30;9,11;;;;;;;
04/1999;15,79;9,30;;;;;;;
05/1999;15,87;9,42;;;;;;;
06/1999;16,65;9,43;;;;;;;
07/1999;16,30;9,05;;;;;;;
08/1999;18,59;9,86;;;;;;;
09/1999;20,74;10,92;;;;;;;
10/1999;21,92;11,13;;;;;;;
11/1999;20,74;10,74;;;;;;;
12/1999;19,74;10,69;;;;;;;
01/2000;19,96;11,05;;;;;;;
02/2000;19,30;10,87;;;;;;;
03/2000;18,26;10,48;;;;;;;
04/2000;18,71;10,57;;;;;;;
05/2000;19,54;10,69;;;;;;;
06/2000;18,58;10,27;;;;;;;
07/2000;17,62;9,80;;;;;;;
08/2000;17,88;9,88;;;;;;;
09/2000;19,04;10,35;;;;;;;
10/2000;19,03;10,12;;;;;;;
11/2000;20,06;10,28;;;;;;;
12/2000;21,95;11,18;;;;;;;
01/2001;20,53;10,50;;;;;;;
02/2001;18,27;9,11;;;;;;;
03/2001;17,69;8,45;;;;;;;
04/2001;18,01;8,20;;;;;;;
05/2001;19,62;8,53;;;;;;;
06/2001;22,04;9,28;;;;;;;
07/2001;25,98;10,50;;;;;;;
08/2001;27,65;11,00;;;;;;;
09/2001;29,20;10,93;;;;;;;
10/2001;29,68;10,84;;;;;;;
11/2001;29,81;11,74;;;;;;;
12/2001;27,19;11,49;;;;;;;
01/2002;25,15;10,56;;;;;;;
02/2002;22,39;9,26;;;;;;;
03/2002;21,22;9,05;;;;;;;
04/2002;22,44;9,66;;;;;;;
05/2002;25,42;10,23;;;;;;;
06/2002;29,36;10,79;;;;;;;
07/2002;33,01;11,23;;;;;;;
08/2002;36,15;11,65;;;;;;;
09/2002;41,65;12,45;;;;;;;
10/2002;46,46;12,23;;;;;;;
11/2002;46,94;13,11;;;;;;;
12/2002;48,91;13,42;;;;;;;
01/2003;43,10;12,56;;;;;;;
02/2003;42,79;11,91;;;;;;;
03/2003;39,71;11,54;;;;;;;
04/2003;37,20;11,96;;;;;;;
05/2003;37,18;12,54;;;;;;;
06/2003;36,90;12,81;;;;;;;
07/2003;35,64;12,37;;;;;;;
08/2003;36,55;12,18;;;;;;;
09/2003;39,76;13,61;;;;;;;
10/2003;45,82;16,03;;;;;;;
11/2003;48,10;16,51;;;;;;;
12/2003;46,48;15,88;;;;;;;
01/2004;46,29;16,24;;;;;;;
02/2004;45,23;15,46;;;;;;;
03/2004;51,11;17,59;;;;;;;
04/2004;51,81;17,83;;;;;;;
05/2004;49,21;15,87;;;;;;;
06/2004;45,04;14,40;;;;;;;
07/2004;40,44;13,31;;;;;;;
08/2004;39,13;13,05;;;;;;;
09/2004;37,82;13,08;;;;;;;
10/2004;34,47;12,08;;;;;;;
11/2004;33,75;12,11;;;;;;;
12/2004;32,63;11,99;;;;;;;
01/2005;32,84;12,20;;;;;;;
02/2005;29,53;11,36;;;;;;;
03/2005;35,12;12,98;;;;;;;
04/2005;32,88;12,75;;;;;;;
05/2005;31,47;12,84;;;;;;;
06/2005;33,08;13,71;;;;;;;
07/2005;32,87;13,84;;;;;;;
08/2005;31,62;13,40;;;;;;;
09/2005;29,75;12,97;;;;;;;
10/2005;28,90;12,81;;;;;;;
11/2005;28,17;12,74;;;;;;;
12/2005;29,66;12,99;;;;;;;
01/2006;29,25;12,87;;;;;;;
02/2006;27,53;12,73;;;;;;;
03/2006;25,70;11,94;;;;;;;
04/2006;24,91;11,71;;;;;;;
05/2006;26,46;12,13;;;;;;;
06/2006;27,59;12,29;;;;;;;
07/2006;27,73;12,66;;;;;;;
08/2006;27,30;12,66;;;;;;;
09/2006;28,11;12,96;;;;;;;
10/2006;30,54;14,22;;;;;;;
11/2006;33,06;15,31;;;;;;;
12/2006;31,93;14,85;;;;;;;
01/2007;32,00;14,96;;;;;;;
02/2007;32,58;15,53;;;;;;;
03/2007;31,80;15,23;;;;;;;
04/2007;30,01;14,77;;;;;;;
05/2007;30,08;15,20;;;;;;;
06/2007;30,71;15,89;;;;;;;
07/2007;31,34;16,65;;;;;;;
08/2007;34,56;17,60;;;;;;;
09/2007;38,67;20,39;;;;;;;
10/2007;39,91;22,17;;;;;;;
11/2007;42,07;23,75;;;;;;;
12/2007;43,98;24,63;;;;;;;
01/2008;46,23;26,06;;;;;;;
02/2008;47,71;27,64;;;;;;;
03/2008;45,83;26,85;;;;;;;
04/2008;44,33;26,28;;;;;;;
05/2008;44,70;26,94;;;;;;;
06/2008;49,99;30,90;;;;;;;
07/2008;50,58;31,79;;;;;;;
08/2008;44,70;27,71;;;;;;;
09/2008;46,08;25,65;;;;;;;
10/2008;44,63;20,50;;;;;;;
11/2008;45,13;19,87;;;;;;;
12/2008;44,61;18,59;;;;;;;
01/2009;49,21;21,30;;;;;;;
02/2009;47,56;20,58;;;;;;;
03/2009;45,35;19,62;;;;;;;
04/2009;47,95;21,75;;;;;;;
05/2009;50,39;24,45;;;;;;;
06/2009;49,89;25,47;;;;;;;
07/2009;47,83;24,76;;;;;;;
08/2009;48,20;26,11;;;;;;;
09/2009;46,07;25,32;;;;;;;
10/2009;44,67;25,71;;;;;;;
11/2009;44,06;25,50;;;;;;;
12/2009;42,87;24,49;;;;;;;
01/2010;39,80;22,36;;;;;;;
02/2010;35,73;19,41;;;;;;;
03/2010;34,14;19,11;;;;;;;
04/2010;34,49;19,63;;;;;;;
05/2010;35,59;19,60;;;;;;;
06/2010;36,16;19,99;;;;;;;
07/2010;38,58;21,80;;;;;;;
08/2010;41,32;23,48;;;;;;;
09/2010;42,59;24,78;;;;;;;
10/2010;44,88;26,64;;;;;;;
11/2010;48,96;28,57;;;;;;;
12/2010;48,52;28,63;;;;;;;
01/2011;49,63;29,61;;;;;;;
02/2011;49,28;29,54;;;;;;;
03/2011;46,32;27,92;;;;;;;
04/2011;44,37;27,98;;;;;;;
05/2011;44,94;27,86;;;;;;;
06/2011;45,13;28,42;;;;;;;
07/2011;45,77;29,28;;;;;;;
08/2011;46,50;29,15;;;;;;;
09/2011;49,05;28,03;;;;;;;
10/2011;46,21;26,12;;;;;;;
11/2011;45,35;25,34;;;;;;;
12/2011;45,23;24,60;;;;;;;
01/2012;46,80;26,18;;;;;;;
02/2012;47,06;27,41;;;;;;;
03/2012;52,23;29,11;;;;;;;
04/2012;57,57;31,01;;;;;;;
05/2012;61,11;30,79;;;;;;;
06/2012;65,22;31,80;;;;;;;
07/2012;76,32;37,61;;;;;;;
08/2012;82,01;40,44;;;;;;;
09/2012;82,92;40,90;;;;;;;
10/2012;74,41;36,66;;;;;;;
11/2012;74,60;36,04;;;;;;;
12/2012;73,25;35,22;;;;;;;
01/2013;64,62;31,84;;;;;;;
02/2013;59,93;30,36;;;;;;;
03/2013;57,83;29,13;;;;;;;
04/2013;55,76;27,84;;;;;;;
05/2013;58,71;28,78;;;;;;;
06/2013;65,29;30,03;;;;;;;
07/2013;65,26;28,98;;;;;;;
08/2013;66,22;28,21;;;;;;;
09/2013;70,81;31,25;;;;;;;
10/2013;72,43;33,05;;;;;;;
11/2013;74,05;32,21;;;;;;;
12/2013;74,05;31,54;;;;;;;
01/2014;67,43;28,30;;;;;;;
02/2014;66,87;28,09;;;;;;;
03/2014;68,78;29,56;;;;;;;
04/2014;67,89;30,40;;;;;;;
05/2014;67,81;30,52;;;;;;;
06/2014;67,54;30,21;;;;;;;
07/2014;63,72;28,64;;;;;;;
08/2014;63,45;27,97;;;;;;;
09/2014;58,94;25,26;;;;;;;
10/2014;59,58;24,32;;;;;;;
11/2014;63,01;24,69;;;;;;;
12/2014;62,42;23,64;;;;;;;
01/2015;59,29;22,49;;;;;;;
02/2015;60,20;21,37;;;;;;;
03/2015;64,35;20,48;;;;;;;
04/2015;62,99;20,71;;;;;;;
05/2015;62,10;20,28;;;;;;;
06/2015;62,97;20,25;;;;;;;
07/2015;67,84;21,04;;;;;;;
08/2015;72,18;20,55;;;;;;;
09/2015;76,62;19,62;;;;;;;
10/2015;78,14;20,15;;;;;;;
11/2015;75,55;20,00;;;;;;;
12/2015;77,07;19,93;;;;;;;
01/2016;78,46;19,36;;;;;;;
02/2016;73,32;18,46;;;;;;;
03/2016;69,95;18,93;;;;;;;
04/2016;73,42;20,68;;;;;;;
05/2016;82,29;23,26;;;;;;;
06/2016;90,54;26,49;;;;;;;
07/2016;82,84;25,28;;;;;;;
08/2016;77,57;24,19;;;;;;;
09/2016;76,14;23,40;;;;;;;
10/2016;73,93;23,23;;;;;;;
11/2016;74,90;22,43;;;;;;;
12/2016;74,71;22,28;;;;;;;
01/2017;71,57;22,41;;;;;;;
02/2017;68,78;22,17;;;;;;;
03/2017;64,92;20,77;;;;;;;
04/2017;61,16;19,48;;;;;;;
05/2017;64,06;19,97;;;;;;;
06/2017;63,59;19,29;;;;;;;
07/2017;66,23;20,70;;;;;;;
08/2017;63,86;20,27;;;;;;;
09/2017;65,00;20,73;;;;;;;
10/2017;66,48;20,81;;;;;;;
11/2017;69,03;21,18;;;;;;;
12/2017;70,03;21,25;;;;;;;
01/2018;67,42;21,01;;;;;;;
02/2018;69,43;21,41;;;;;;;
03/2018;73,64;22,47;;;;;;;
04/2018;79,60;23,36;;;;;;;
05/2018;80,32;22,09;;;;;;;
06/2018;78,44;20,74;;;;;;;
07/2018;81,97;21,43;;;;;;;
08/2018;83,64;21,29;;;;;;;
09/2018;88,84;21,64;;;;;;;
10/2018;84,18;22,38;;;;;;;
11/2018;78,33;20,69;;;;;;;
12/2018;75,60;19,47;;;;;;;
01/2019;72,02;19,27;;;;;;;
02/2019;72,78;19,56;;;;;;;
03/2019;73,02;19,00;;;;;;;
04/2019;71,78;18,43;;;;;;;
05/2019;72,91;18,25;;;;;;;
06/2019;76,26;19,75;;;;;;;
07/2019;73,78;19,52;;;;;;;
08/2019;78,74;19,57;;;;;;;
09/2019;80,44;19,51;;;;;;;
10/2019;82,63;20,24;;;;;;;
11/2019;84,28;20,27;;;;;;;
12/2019;83,31;20,27;;;;;;;
01/2020;82,60;19,91;;;;;;;
02/2020;81,45;18,74;;;;;;;
03/2020;88,23;18,04;;;;;;;
04/2020;95,19;17,87;;;;;;;
05/2020;103,34;18,33;;;;;;;
06/2020;103,43;19,89;;;;;;;
07/2020;109,45;20,74;;;;;;;
08/2020;122,52;22,44;;;;;;;
09/2020;136,72;25,30;;;;;;;
10/2020;158,41;28,14;;;;;;;
11/2020;164,55;30,35;;;;;;;
12/2020;145,12;28,23;;;;;;;
01/2021;163,90;30,59;;;;;;;
02/2021;161,56;29,80;;;;;;;
03/2021;164,51;29,16;;;;;;;
04/2021;170,80;30,70;;;;;;;
05/2021;171,36;32,38;;;;;;;
06/2021;157,16;31,27;;;;;;;
07/2021;162,65;31,51;;;;;;;
08/2021;168,09;32,02;;;;;;;
09/2021;169,57;32,04;;;;;;;
10/2021;168,22;30,39;;;;;;;
11/2021;162,38;29,21;;;;;;;
12/2021;166,74;29,47;;;;;;;
01/2022;176,31;31,92;;;;;;;
02/2022;191,63;36,93;;;;;;;
03/2022;195,85;39,44;;;;;;;
04/2022;182,20;38,33;;;;;;;
05/2022;188,96;38,21;;;;;;;
06/2022;189,82;37,59;;;;;;;
07/2022;184,63;34,41;;;;;;;
08/2022;181,86;35,34;;;;;;;
09/2022;181,72;34,74;;;;;;;
10/2022;179,71;34,24;;;;;;;
11/2022;182,44;34,55;;;;;;;
12/2022;177,28;33,75;;;;;;;
01/2023;170,87;32,89;;;;;;;
02/2023;165,56;31,97;;;;;;;
03/2023;155,19;29,82;;;;;;;
04/2023;139,11;27,73;;;;;;;
05/2023;131,16;26,33;;;;;;;
06/2023;128,43;26,51;;;;;;;
07/2023;137,38;28,62;;;;;;;
08/2023;139,84;28,52;;;;;;;
09/2023;139,16;28,14;;;;;;;
10/2023;136,91;27,03;;;;;;;
11/2023;138,17;28,21;;;;;;;
12/2023;139,12;28,39;;;;;;;
01/2024;121,18;24,66;;;;;;;
02/2024;111,93;22,56;;;;;;;
03/2024;117,28;23,55;;;;;;;
04/2024;122,66;23,93;;;;;;;
05/2024;130,96;25,49;;;;;;;
06/2024;133,98;24,84;;;;;;;
07/2024;133,50;24,07;;;;;;;
08/2024;129,24;23,27;;;;;;;
09/2024;136,65;24,67;;;;;;;
10/2024;139,71;24,84;;;;;;;
11/2024;140,47;24,20;;;;;;;
12/2024;138,38;22,71;;;;;;;
01/2025;129,56;21,54;;;;;;;
02/2025;126,01;21,86;;;;;;;
03/2025;127,95;22,28;;;;;;;
04/2025;129,83;22,48;;;;;;;
05/2025;128,14;22,60;;;;;;;
06/2025;129,06;23,28;;;;;;;
07/2025;130,47;23,60;;;;;;;
08/2025;134,07;24,62;;;;;;;
09/2025;133,02;24,78;;;;;;;
10/2025;132,66;24,63;;;;;;;
11/2025;134,76;25,24;;;;;;;
12/2025;135,68;24,88;;;;;;;
01/2026;125,07;23,44;;;;;;;
02/2026;120,10;23,09;;;;;;;
03/2026;122,44;23,41;;;;;;;
04/2026;121,35;24,12;;;;;;;
05/2026;123,03;24,68;;;;;;;
06/2026;125,22;24,40;;;;;;;
07/2026;134,60;26,33;;;;;;;
08/2026;142,55;27,63;;;;;;;
09/2026;153,78;29,95;;;;;;;
