"Tabela 7524 - Número de informantes, Número de galinhas poedeiras e Quantidade de ovos produzidos, no mês e no trimestre"
"Variável - Número de cabeças de galinhas poedeiras nos estabelecimentos agropecuários"
"";"Finalidade da produção";"Trimestre x Referência temporal"
"";"Finalidade da produção";"1º trimestre 1987";;;;;;"2º trimestre 1987";;;;;;"3º trimestre 1987";;;;;;"4º trimestre 1987";;;;;;"1º trimestre 1988";;;;;;"2º trimestre 1988";;;;;;"3º trimestre 1988";;;;;;"4º trimestre 1988";;;;;;"1º trimestre 1989";;;;;;"2º trimestre 1989";;;;;;"3º trimestre 1989";;;;;;"4º trimestre 1989";;;;;;"1º trimestre 1990";;;;;;"2º trimestre 1990";;;;;;"3º trimestre 1990";;;;;;"4º trimestre 1990";;;;;;"1º trimestre 1991";;;;;;"2º trimestre 1991";;;;;;"3º trimestre 1991";;;;;;"4º trimestre 1991";;;;;;"1º trimestre 1992";;;;;;"2º trimestre 1992";;;;;;"3º trimestre 1992";;;;;;"4º trimestre 1992";;;;;;"1º trimestre 1993";;;;;;"2º trimestre 1993";;;;;;"3º trimestre 1993";;;;;;"4º trimestre 1993";;;;;;"1º trimestre 1994";;;;;;"2º trimestre 1994";;;;;;"3º trimestre 1994";;;;;;"4º trimestre 1994";;;;;;"1º trimestre 1995";;;;;;"2º trimestre 1995";;;;;;"3º trimestre 1995";;;;;;"4º trimestre 1995";;;;;;"1º trimestre 1996";;;;;;"2º trimestre 1996";;;;;;"3º trimestre 1996";;;;;;"4º trimestre 1996";;;;;;"1º trimestre 1997";;;;;;"2º trimestre 1997";;;;;;"3º trimestre 1997";;;;;;"4º trimestre 1997";;;;;;"1º trimestre 1998";;;;;;"2º trimestre 1998";;;;;;"3º trimestre 1998";;;;;;"4º trimestre 1998";;;;;;"1º trimestre 1999";;;;;;"2º trimestre 1999";;;;;;"3º trimestre 1999";;;;;;"4º trimestre 1999";;;;;;"1º trimestre 2000";;;;;;"2º trimestre 2000";;;;;;"3º trimestre 2000";;;;;;"4º trimestre 2000";;;;;;"1º trimestre 2001";;;;;;"2º trimestre 2001";;;;;;"3º trimestre 2001";;;;;;"4º trimestre 2001";;;;;;"1º trimestre 2002";;;;;;"2º trimestre 2002";;;;;;"3º trimestre 2002";;;;;;"4º trimestre 2002";;;;;;"1º trimestre 2003";;;;;;"2º trimestre 2003";;;;;;"3º trimestre 2003";;;;;;"4º trimestre 2003";;;;;;"1º trimestre 2004";;;;;;"2º trimestre 2004";;;;;;"3º trimestre 2004";;;;;;"4º trimestre 2004";;;;;;"1º trimestre 2005";;;;;;"2º trimestre 2005";;;;;;"3º trimestre 2005";;;;;;"4º trimestre 2005";;;;;;"1º trimestre 2006";;;;;;"2º trimestre 2006";;;;;;"3º trimestre 2006";;;;;;"4º trimestre 2006";;;;;;"1º trimestre 2007";;;;;;"2º trimestre 2007";;;;;;"3º trimestre 2007";;;;;;"4º trimestre 2007";;;;;;"1º trimestre 2008";;;;;;"2º trimestre 2008";;;;;;"3º trimestre 2008";;;;;;"4º trimestre 2008";;;;;;"1º trimestre 2009";;;;;;"2º trimestre 2009";;;;;;"3º trimestre 2009";;;;;;"4º trimestre 2009";;;;;;"1º trimestre 2010";;;;;;"2º trimestre 2010";;;;;;"3º trimestre 2010";;;;;;"4º trimestre 2010";;;;;;"1º trimestre 2011";;;;;;"2º trimestre 2011";;;;;;"3º trimestre 2011";;;;;;"4º trimestre 2011";;;;;;"1º trimestre 2012";;;;;;"2º trimestre 2012";;;;;;"3º trimestre 2012";;;;;;"4º trimestre 2012";;;;;;"1º trimestre 2013";;;;;;"2º trimestre 2013";;;;;;"3º trimestre 2013";;;;;;"4º trimestre 2013";;;;;;"1º trimestre 2014";;;;;;"2º trimestre 2014";;;;;;"3º trimestre 2014";;;;;;"4º trimestre 2014";;;;;;"1º trimestre 2015";;;;;;"2º trimestre 2015";;;;;;"3º trimestre 2015";;;;;;"4º trimestre 2015";;;;;;"1º trimestre 2016";;;;;;"2º trimestre 2016";;;;;;"3º trimestre 2016";;;;;;"4º trimestre 2016";;;;;;"1º trimestre 2017";;;;;;"2º trimestre 2017";;;;;;"3º trimestre 2017";;;;;;"4º trimestre 2017";;;;;;"1º trimestre 2018";;;;;;"2º trimestre 2018";;;;;;"3º trimestre 2018";;;;;;"4º trimestre 2018";;;;;;"1º trimestre 2019";;;;;;"2º trimestre 2019";;;;;;"3º trimestre 2019";;;;;;"4º trimestre 2019";;;;;;"1º trimestre 2020";;;;;;"2º trimestre 2020";;;;;;"3º trimestre 2020";;;;;;"4º trimestre 2020";;;;;;"1º trimestre 2021";;;;;;"2º trimestre 2021";;;;;;"3º trimestre 2021";;;;;;"4º trimestre 2021";;;;;;"1º trimestre 2022";;;;;;"2º trimestre 2022";;;;;;"3º trimestre 2022";;;;;;"4º trimestre 2022";;;;;;"1º trimestre 2023";;;;;;"2º trimestre 2023";;;;;;"3º trimestre 2023";;;;;;"4º trimestre 2023";;;;;;"1º trimestre 2024";;;;;;"2º trimestre 2024";;;;;;"3º trimestre 2024";;;;;;"4º trimestre 2024";;;;;;"1º trimestre 2025";;;;;;"2º trimestre 2025";;;;;;"3º trimestre 2025";;;;;;"4º trimestre 2025";;;;;;"1º trimestre 2026";;;;;;"2º trimestre 2026"
"";"Finalidade da produção";"No 1º mês";;"No 2º mês";;"No 3º mês";;"No 1º mês";;"No 2º mês";;"No 3º mês";;"No 1º mês";;"No 2º mês";;"No 3º mês";;"No 1º mês";;"No 2º mês";;"No 3º mês";;"No 1º mês";;"No 2º mês";;"No 3º mês";;"No 1º mês";;"No 2º mês";;"No 3º mês";;"No 1º mês";;"No 2º mês";;"No 3º mês";;"No 1º mês";;"No 2º mês";;"No 3º mês";;"No 1º mês";;"No 2º mês";;"No 3º mês";;"No 1º mês";;"No 2º mês";;"No 3º mês";;"No 1º mês";;"No 2º mês";;"No 3º mês";;"No 1º mês";;"No 2º mês";;"No 3º mês";;"No 1º mês";;"No 2º mês";;"No 3º mês";;"No 1º mês";;"No 2º mês";;"No 3º mês";;"No 1º mês";;"No 2º mês";;"No 3º mês";;"No 1º mês";;"No 2º mês";;"No 3º mês";;"No 1º mês";;"No 2º mês";;"No 3º mês";;"No 1º mês";;"No 2º mês";;"No 3º mês";;"No 1º mês";;"No 2º mês";;"No 3º mês";;"No 1º mês";;"No 2º mês";;"No 3º mês";;"No 1º mês";;"No 2º mês";;"No 3º mês";;"No 1º mês";;"No 2º mês";;"No 3º mês";;"No 1º mês";;"No 2º mês";;"No 3º mês";;"No 1º mês";;"No 2º mês";;"No 3º mês";;"No 1º mês";;"No 2º mês";;"No 3º mês";;"No 1º mês";;"No 2º mês";;"No 3º mês";;"No 1º mês";;"No 2º mês";;"No 3º mês";;"No 1º mês";;"No 2º mês";;"No 3º mês";;"No 1º mês";;"No 2º mês";;"No 3º mês";;"No 1º mês";;"No 2º mês";;"No 3º mês";;"No 1º mês";;"No 2º mês";;"No 3º mês";;"No 1º mês";;"No 2º mês";;"No 3º mês";;"No 1º mês";;"No 2º mês";;"No 3º mês";;"No 1º mês";;"No 2º mês";;"No 3º mês";;"No 1º mês";;"No 2º mês";;"No 3º mês";;"No 1º mês";;"No 2º mês";;"No 3º mês";;"No 1º mês";;"No 2º mês";;"No 3º mês";;"No 1º mês";;"No 2º mês";;"No 3º mês";;"No 1º mês";;"No 2º mês";;"No 3º mês";;"No 1º mês";;"No 2º mês";;"No 3º mês";;"No 1º mês";;"No 2º mês";;"No 3º mês";;"No 1º mês";;"No 2º mês";;"No 3º mês";;"No 1º mês";;"No 2º mês";;"No 3º mês";;"No 1º mês";;"No 2º mês";;"No 3º mês";;"No 1º mês";;"No 2º mês";;"No 3º mês";;"No 1º mês";;"No 2º mês";;"No 3º mês";;"No 1º mês";;"No 2º mês";;"No 3º mês";;"No 1º mês";;"No 2º mês";;"No 3º mês";;"No 1º mês";;"No 2º mês";;"No 3º mês";;"No 1º mês";;"No 2º mês";;"No 3º mês";;"No 1º mês";;"No 2º mês";;"No 3º mês";;"No 1º mês";;"No 2º mês";;"No 3º mês";;"No 1º mês";;"No 2º mês";;"No 3º mês";;"No 1º mês";;"No 2º mês";;"No 3º mês";;"No 1º mês";;"No 2º mês";;"No 3º mês";;"No 1º mês";;"No 2º mês";;"No 3º mês";;"No 1º mês";;"No 2º mês";;"No 3º mês";;"No 1º mês";;"No 2º mês";;"No 3º mês";;"No 1º mês";;"No 2º mês";;"No 3º mês";;"No 1º mês";;"No 2º mês";;"No 3º mês";;"No 1º mês";;"No 2º mês";;"No 3º mês";;"No 1º mês";;"No 2º mês";;"No 3º mês";;"No 1º mês";;"No 2º mês";;"No 3º mês";;"No 1º mês";;"No 2º mês";;"No 3º mês";;"No 1º mês";;"No 2º mês";;"No 3º mês";;"No 1º mês";;"No 2º mês";;"No 3º mês";;"No 1º mês";;"No 2º mês";;"No 3º mês";;"No 1º mês";;"No 2º mês";;"No 3º mês";;"No 1º mês";;"No 2º mês";;"No 3º mês";;"No 1º mês";;"No 2º mês";;"No 3º mês";;"No 1º mês";;"No 2º mês";;"No 3º mês";;"No 1º mês";;"No 2º mês";;"No 3º mês";;"No 1º mês";;"No 2º mês";;"No 3º mês";;"No 1º mês";;"No 2º mês";;"No 3º mês";;"No 1º mês";;"No 2º mês";;"No 3º mês";;"No 1º mês";;"No 2º mês";;"No 3º mês";;"No 1º mês";;"No 2º mês";;"No 3º mês";;"No 1º mês";;"No 2º mês";;"No 3º mês";;"No 1º mês";;"No 2º mês";;"No 3º mês";;"No 1º mês";;"No 2º mês";;"No 3º mês";;"No 1º mês";;"No 2º mês";;"No 3º mês";;"No 1º mês";;"No 2º mês";;"No 3º mês";;"No 1º mês";;"No 2º mês";;"No 3º mês";;"No 1º mês";;"No 2º mês";;"No 3º mês";;"No 1º mês";;"No 2º mês";;"No 3º mês";;"No 1º mês";;"No 2º mês";;"No 3º mês";;"No 1º mês";;"No 2º mês";;"No 3º mês";;"No 1º mês";;"No 2º mês";;"No 3º mês";;"No 1º mês";;"No 2º mês";;"No 3º mês";;"No 1º mês";;"No 2º mês";;"No 3º mês";;"No 1º mês";;"No 2º mês";;"No 3º mês";;"No 1º mês";;"No 2º mês";;"No 3º mês";;"No 1º mês";;"No 2º mês";;"No 3º mês";;"No 1º mês";;"No 2º mês";;"No 3º mês";;"No 1º mês";;"No 2º mês";;"No 3º mês";;"No 1º mês";;"No 2º mês";;"No 3º mês";;"No 1º mês";;"No 2º mês";;"No 3º mês";;"No 1º mês";;"No 2º mês";;"No 3º mês";;"No 1º mês";;"No 2º mês";;"No 3º mês";;"No 1º mês";;"No 2º mês";;"No 3º mês";;"No 1º mês";;"No 2º mês";;"No 3º mês";;"No 1º mês";;"No 2º mês";;"No 3º mês";;"No 1º mês";;"No 2º mês";;"No 3º mês";;"No 1º mês";;"No 2º mês";;"No 3º mês";;"No 1º mês";;"No 2º mês";;"No 3º mês";;"No 1º mês";;"No 2º mês";;"No 3º mês";;"No 1º mês";;"No 2º mês";;"No 3º mês";;"No 1º mês";;"No 2º mês";;"No 3º mês";;"No 1º mês";;"No 2º mês";;"No 3º mês";;"No 1º mês";;"No 2º mês";;"No 3º mês";;"No 1º mês";;"No 2º mês";;"No 3º mês";;"No 1º mês";;"No 2º mês";;"No 3º mês";;"No 1º mês";;"No 2º mês";;"No 3º mês";;"No 1º mês";;"No 2º mês";;"No 3º mês";;"No 1º mês";;"No 2º mês";;"No 3º mês";;"No 1º mês";;"No 2º mês";;"No 3º mês";;"No 1º mês";;"No 2º mês";;"No 3º mês";;"No 1º mês";;"No 2º mês";;"No 3º mês";;"No 1º mês";;"No 2º mês";;"No 3º mês";;"No 1º mês";;"No 2º mês";;"No 3º mês";;"No 1º mês";;"No 2º mês";;"No 3º mês";;"No 1º mês";;"No 2º mês";;"No 3º mês";;"No 1º mês";;"No 2º mês";;"No 3º mês";;"No 1º mês";;"No 2º mês";;"No 3º mês";;"No 1º mês";;"No 2º mês";;"No 3º mês";;"No 1º mês";;"No 2º mês";;"No 3º mês";;"No 1º mês";;"No 2º mês";;"No 3º mês";;"No 1º mês";;"No 2º mês";;"No 3º mês";;"No 1º mês";;"No 2º mês";;"No 3º mês";;"No 1º mês";;"No 2º mês";;"No 3º mês";;"No 1º mês";;"No 2º mês";;"No 3º mês";;"No 1º mês";;"No 2º mês";;"No 3º mês";;"No 1º mês";;"No 2º mês";;"No 3º mês";;"No 1º mês";;"No 2º mês";;"No 3º mês";;"No 1º mês";;"No 2º mês";;"No 3º mês";;"No 1º mês";;"No 2º mês";;"No 3º mês";;"No 1º mês";;"No 2º mês";;"No 3º mês";;"No 1º mês";;"No 2º mês";;"No 3º mês";;"No 1º mês";;"No 2º mês";;"No 3º mês";;"No 1º mês";;"No 2º mês";;"No 3º mês";;"No 1º mês";;"No 2º mês";;"No 3º mês";;"No 1º mês";;"No 2º mês";;"No 3º mês";;"No 1º mês";;"No 2º mês";;"No 3º mês";;"No 1º mês";;"No 2º mês";;"No 3º mês";;"No 1º mês";;"No 2º mês";;"No 3º mês";;"No 1º mês";;"No 2º mês";;"No 3º mês";;"No 1º mês";;"No 2º mês";;"No 3º mês";;"No 1º mês";;"No 2º mês";;"No 3º mês";;"No 1º mês";;"No 2º mês";;"No 3º mês";;"No 1º mês";;"No 2º mês";;"No 3º mês";;"No 1º mês";;"No 2º mês";;"No 3º mês";;"No 1º mês";;"No 2º mês";;"No 3º mês";;"No 1º mês";;"No 2º mês";;"No 3º mês";;"No 1º mês";;"No 2º mês";;"No 3º mês";;"No 1º mês";;"No 2º mês";;"No 3º mês";;"No 1º mês";;"No 2º mês";;"No 3º mês";;"No 1º mês";;"No 2º mês";;"No 3º mês";;"No 1º mês";;"No 2º mês";;"No 3º mês"
"Brasil";"Total";"60143857";"Cabeças";"59604489";"Cabeças";"60146407";"Cabeças";"60286125";"Cabeças";"60316472";"Cabeças";"60253865";"Cabeças";"59972509";"Cabeças";"59908981";"Cabeças";"60194573";"Cabeças";"59426085";"Cabeças";"57549282";"Cabeças";"55921318";"Cabeças";"58228763";"Cabeças";"58645106";"Cabeças";"60016363";"Cabeças";"60761559";"Cabeças";"61312434";"Cabeças";"60553037";"Cabeças";"60003324";"Cabeças";"60234138";"Cabeças";"59520378";"Cabeças";"59664181";"Cabeças";"59319627";"Cabeças";"58213540";"Cabeças";"57698678";"Cabeças";"58588777";"Cabeças";"59400260";"Cabeças";"60227152";"Cabeças";"60817762";"Cabeças";"60858028";"Cabeças";"61949917";"Cabeças";"62159808";"Cabeças";"61832935";"Cabeças";"61952368";"Cabeças";"62005159";"Cabeças";"61434373";"Cabeças";"58716162";"Cabeças";"58886338";"Cabeças";"60016483";"Cabeças";"61106695";"Cabeças";"61264219";"Cabeças";"61571363";"Cabeças";"61323988";"Cabeças";"62549549";"Cabeças";"62368067";"Cabeças";"61645835";"Cabeças";"60982467";"Cabeças";"59245461";"Cabeças";"62233407";"Cabeças";"62779557";"Cabeças";"64344235";"Cabeças";"65003166";"Cabeças";"65258041";"Cabeças";"65316171";"Cabeças";"65351129";"Cabeças";"65145794";"Cabeças";"65343720";"Cabeças";"63691721";"Cabeças";"63462147";"Cabeças";"63147419";"Cabeças";"62473562";"Cabeças";"63359973";"Cabeças";"65053171";"Cabeças";"66506008";"Cabeças";"67178688";"Cabeças";"67106060";"Cabeças";"67264435";"Cabeças";"67036159";"Cabeças";"66306778";"Cabeças";"66592522";"Cabeças";"66382599";"Cabeças";"65986366";"Cabeças";"65878147";"Cabeças";"66405110";"Cabeças";"67795615";"Cabeças";"68552337";"Cabeças";"68566534";"Cabeças";"68977220";"Cabeças";"68809173";"Cabeças";"68633775";"Cabeças";"68294698";"Cabeças";"67441243";"Cabeças";"67342028";"Cabeças";"66560821";"Cabeças";"67786095";"Cabeças";"68299519";"Cabeças";"69651794";"Cabeças";"69659701";"Cabeças";"70473339";"Cabeças";"70848849";"Cabeças";"71577506";"Cabeças";"71000017";"Cabeças";"70619484";"Cabeças";"70959850";"Cabeças";"71098003";"Cabeças";"72402039";"Cabeças";"74529976";"Cabeças";"73671754";"Cabeças";"74220767";"Cabeças";"75067149";"Cabeças";"75051873";"Cabeças";"75960998";"Cabeças";"74629169";"Cabeças";"72335312";"Cabeças";"71832811";"Cabeças";"72663940";"Cabeças";"73031192";"Cabeças";"71762157";"Cabeças";"70520355";"Cabeças";"71741147";"Cabeças";"72094451";"Cabeças";"72985242";"Cabeças";"73066402";"Cabeças";"73348188";"Cabeças";"73426073";"Cabeças";"73871827";"Cabeças";"72948650";"Cabeças";"71878609";"Cabeças";"71317666";"Cabeças";"71762756";"Cabeças";"71884401";"Cabeças";"72004331";"Cabeças";"72519417";"Cabeças";"73712911";"Cabeças";"73492732";"Cabeças";"73404909";"Cabeças";"74338678";"Cabeças";"74404508";"Cabeças";"73558798";"Cabeças";"71732095";"Cabeças";"71307389";"Cabeças";"71955662";"Cabeças";"73970443";"Cabeças";"74669461";"Cabeças";"75125107";"Cabeças";"77510248";"Cabeças";"77818217";"Cabeças";"76898444";"Cabeças";"77318416";"Cabeças";"78053095";"Cabeças";"77211938";"Cabeças";"74434825";"Cabeças";"74870639";"Cabeças";"74618305";"Cabeças";"76303674";"Cabeças";"76727717";"Cabeças";"78252412";"Cabeças";"78311958";"Cabeças";"79017636";"Cabeças";"78691948";"Cabeças";"78199756";"Cabeças";"77288541";"Cabeças";"77393006";"Cabeças";"76502968";"Cabeças";"75849743";"Cabeças";"75768102";"Cabeças";"80337522";"Cabeças";"80697535";"Cabeças";"81797387";"Cabeças";"80374429";"Cabeças";"79950543";"Cabeças";"79262932";"Cabeças";"78903441";"Cabeças";"79779178";"Cabeças";"79114623";"Cabeças";"79350496";"Cabeças";"79096300";"Cabeças";"79101959";"Cabeças";"78562503";"Cabeças";"78415271";"Cabeças";"80248479";"Cabeças";"84393407";"Cabeças";"85168873";"Cabeças";"86079265";"Cabeças";"85100168";"Cabeças";"85863054";"Cabeças";"84637050";"Cabeças";"84754707";"Cabeças";"83895768";"Cabeças";"83983967";"Cabeças";"87758148";"Cabeças";"88119694";"Cabeças";"89446321";"Cabeças";"88550537";"Cabeças";"88168892";"Cabeças";"88215767";"Cabeças";"88413498";"Cabeças";"86559778";"Cabeças";"84981981";"Cabeças";"85152251";"Cabeças";"83972904";"Cabeças";"84281304";"Cabeças";"86795753";"Cabeças";"87726816";"Cabeças";"88852929";"Cabeças";"88062612";"Cabeças";"88424158";"Cabeças";"88293420";"Cabeças";"89560182";"Cabeças";"89313497";"Cabeças";"89230304";"Cabeças";"89376052";"Cabeças";"88451921";"Cabeças";"88693640";"Cabeças";"89838903";"Cabeças";"90210563";"Cabeças";"91905245";"Cabeças";"92487315";"Cabeças";"92676689";"Cabeças";"92363547";"Cabeças";"91494094";"Cabeças";"91292387";"Cabeças";"90913060";"Cabeças";"91107427";"Cabeças";"91136061";"Cabeças";"91431969";"Cabeças";"91959611";"Cabeças";"92694999";"Cabeças";"94636056";"Cabeças";"95994961";"Cabeças";"95864410";"Cabeças";"96534369";"Cabeças";"97319433";"Cabeças";"98018551";"Cabeças";"97511092";"Cabeças";"98419041";"Cabeças";"97293504";"Cabeças";"97132903";"Cabeças";"100314834";"Cabeças";"98840266";"Cabeças";"99024750";"Cabeças";"99328117";"Cabeças";"100353628";"Cabeças";"100016692";"Cabeças";"101150393";"Cabeças";"100804813";"Cabeças";"99825034";"Cabeças";"100064604";"Cabeças";"99333686";"Cabeças";"98560076";"Cabeças";"100476162";"Cabeças";"100785618";"Cabeças";"102032954";"Cabeças";"103201532";"Cabeças";"103038347";"Cabeças";"102209401";"Cabeças";"102613071";"Cabeças";"103038023";"Cabeças";"103613642";"Cabeças";"104703283";"Cabeças";"103865285";"Cabeças";"103057596";"Cabeças";"106130795";"Cabeças";"106750480";"Cabeças";"107412387";"Cabeças";"107784322";"Cabeças";"107932368";"Cabeças";"107631748";"Cabeças";"108498471";"Cabeças";"108112667";"Cabeças";"107155162";"Cabeças";"107049656";"Cabeças";"106477884";"Cabeças";"106500213";"Cabeças";"109871847";"Cabeças";"108994046";"Cabeças";"108731262";"Cabeças";"109280636";"Cabeças";"110409671";"Cabeças";"110136932";"Cabeças";"110996038";"Cabeças";"109876749";"Cabeças";"109273058";"Cabeças";"112040310";"Cabeças";"112508381";"Cabeças";"114279022";"Cabeças";"116969760";"Cabeças";"113301250";"Cabeças";"115289117";"Cabeças";"115653706";"Cabeças";"116058770";"Cabeças";"116917238";"Cabeças";"117769401";"Cabeças";"117761724";"Cabeças";"116968414";"Cabeças";"118063337";"Cabeças";"116961416";"Cabeças";"118253736";"Cabeças";"118388953";"Cabeças";"118555481";"Cabeças";"119800060";"Cabeças";"118983026";"Cabeças";"119238699";"Cabeças";"119310576";"Cabeças";"120538493";"Cabeças";"122652267";"Cabeças";"120284474";"Cabeças";"121823874";"Cabeças";"121966674";"Cabeças";"122321394";"Cabeças";"125344376";"Cabeças";"123633966";"Cabeças";"126382291";"Cabeças";"126739793";"Cabeças";"127906678";"Cabeças";"127819450";"Cabeças";"128824941";"Cabeças";"126553020";"Cabeças";"124313459";"Cabeças";"123522291";"Cabeças";"123304127";"Cabeças";"122793938";"Cabeças";"125774693";"Cabeças";"125826473";"Cabeças";"127200443";"Cabeças";"129624618";"Cabeças";"130756434";"Cabeças";"129990034";"Cabeças";"129798078";"Cabeças";"129376772";"Cabeças";"129406217";"Cabeças";"130008782";"Cabeças";"129190522";"Cabeças";"129080479";"Cabeças";"130669532";"Cabeças";"130406151";"Cabeças";"131082731";"Cabeças";"131773428";"Cabeças";"132704657";"Cabeças";"130942939";"Cabeças";"132409947";"Cabeças";"133470909";"Cabeças";"133299489";"Cabeças";"131689352";"Cabeças";"130994096";"Cabeças";"130803595";"Cabeças";"133728846";"Cabeças";"133372720";"Cabeças";"135240053";"Cabeças";"135187554";"Cabeças";"135612126";"Cabeças";"135879414";"Cabeças";"139609548";"Cabeças";"138864061";"Cabeças";"138613142";"Cabeças";"137346469";"Cabeças";"137458277";"Cabeças";"138666015";"Cabeças";"140045998";"Cabeças";"140736046";"Cabeças";"142135974";"Cabeças";"143775546";"Cabeças";"143238030";"Cabeças";"142622396";"Cabeças";"142581744";"Cabeças";"143305084";"Cabeças";"141653298";"Cabeças";"142916770";"Cabeças";"144000760";"Cabeças";"144264278";"Cabeças";"145613346";"Cabeças";"146003099";"Cabeças";"144618062";"Cabeças";"151110796";"Cabeças";"153467999";"Cabeças";"151748698";"Cabeças";"153496656";"Cabeças";"153608140";"Cabeças";"153546121";"Cabeças";"154789333";"Cabeças";"154587281";"Cabeças";"155398923";"Cabeças";"157998489";"Cabeças";"158693131";"Cabeças";"160406834";"Cabeças";"163149248";"Cabeças";"162796278";"Cabeças";"163339691";"Cabeças";"166302537";"Cabeças";"167078453";"Cabeças";"165078130";"Cabeças";"167234920";"Cabeças";"167477183";"Cabeças";"164960791";"Cabeças";"166572335";"Cabeças";"165839289";"Cabeças";"166928027";"Cabeças";"170608149";"Cabeças";"170835708";"Cabeças";"169952625";"Cabeças";"173379418";"Cabeças";"172372191";"Cabeças";"171698628";"Cabeças";"172073528";"Cabeças";"172188851";"Cabeças";"171775595";"Cabeças";"171575694";"Cabeças";"172787931";"Cabeças";"173682943";"Cabeças";"173052583";"Cabeças";"173502854";"Cabeças";"173481561";"Cabeças";"178293568";"Cabeças";"177684108";"Cabeças";"178515540";"Cabeças";"175307425";"Cabeças";"173964614";"Cabeças";"174259468";"Cabeças";"175943610";"Cabeças";"176049970";"Cabeças";"177896090";"Cabeças";"177481667";"Cabeças";"175962918";"Cabeças";"174321298";"Cabeças";"176671457";"Cabeças";"177032412";"Cabeças";"176362670";"Cabeças";"175024125";"Cabeças";"175008074";"Cabeças";"174787655";"Cabeças";"176566486";"Cabeças";"176803448";"Cabeças";"178592398";"Cabeças";"179469539";"Cabeças";"180177478";"Cabeças";"179311237";"Cabeças";"180703502";"Cabeças";"181124848";"Cabeças";"181459319";"Cabeças";"183913912";"Cabeças";"182841081";"Cabeças";"181836210";"Cabeças";"184296724";"Cabeças";"182890751";"Cabeças";"185548581";"Cabeças";"186643874";"Cabeças";"188057635";"Cabeças";"186147287";"Cabeças";"187923210";"Cabeças";"188743453";"Cabeças";"184517989";"Cabeças";"185636204";"Cabeças";"185483087";"Cabeças";"187940943";"Cabeças";"193408279";"Cabeças";"194298107";"Cabeças";"196616042";"Cabeças";"201893008";"Cabeças";"203977359";"Cabeças";"204630865";"Cabeças";"206435857";"Cabeças";"207000085";"Cabeças";"207214819";"Cabeças";"206954139";"Cabeças";"206269138";"Cabeças";"206596834";"Cabeças";"211251693";"Cabeças";"212838265";"Cabeças";"215896884";"Cabeças";"217172351";"Cabeças";"216303717";"Cabeças";"215536257";"Cabeças";"216606630";"Cabeças";"217524639";"Cabeças";"218101262";"Cabeças";"217656503";"Cabeças";"217559331";"Cabeças";"218963434";"Cabeças";"216898012";"Cabeças";"215165694";"Cabeças";"218104404";"Cabeças";"217245827";"Cabeças";"218435703";"Cabeças";"219700080";"Cabeças"
"Fonte: IBGE - Produção de Ovos de Galinha"

"Tabela 7524 - Número de informantes, Número de galinhas poedeiras e Quantidade de ovos produzidos, no mês e no trimestre"
"Variável - Quantidade de ovos produzidos"
"";"Finalidade da produção";"Trimestre x Referência temporal"
"";"Finalidade da produção";"1º trimestre 1987";;;;;;"2º trimestre 1987";;;;;;"3º trimestre 1987";;;;;;"4º trimestre 1987";;;;;;"1º trimestre 1988";;;;;;"2º trimestre 1988";;;;;;"3º trimestre 1988";;;;;;"4º trimestre 1988";;;;;;"1º trimestre 1989";;;;;;"2º trimestre 1989";;;;;;"3º trimestre 1989";;;;;;"4º trimestre 1989";;;;;;"1º trimestre 1990";;;;;;"2º trimestre 1990";;;;;;"3º trimestre 1990";;;;;;"4º trimestre 1990";;;;;;"1º trimestre 1991";;;;;;"2º trimestre 1991";;;;;;"3º trimestre 1991";;;;;;"4º trimestre 1991";;;;;;"1º trimestre 1992";;;;;;"2º trimestre 1992";;;;;;"3º trimestre 1992";;;;;;"4º trimestre 1992";;;;;;"1º trimestre 1993";;;;;;"2º trimestre 1993";;;;;;"3º trimestre 1993";;;;;;"4º trimestre 1993";;;;;;"1º trimestre 1994";;;;;;"2º trimestre 1994";;;;;;"3º trimestre 1994";;;;;;"4º trimestre 1994";;;;;;"1º trimestre 1995";;;;;;"2º trimestre 1995";;;;;;"3º trimestre 1995";;;;;;"4º trimestre 1995";;;;;;"1º trimestre 1996";;;;;;"2º trimestre 1996";;;;;;"3º trimestre 1996";;;;;;"4º trimestre 1996";;;;;;"1º trimestre 1997";;;;;;"2º trimestre 1997";;;;;;"3º trimestre 1997";;;;;;"4º trimestre 1997";;;;;;"1º trimestre 1998";;;;;;"2º trimestre 1998";;;;;;"3º trimestre 1998";;;;;;"4º trimestre 1998";;;;;;"1º trimestre 1999";;;;;;"2º trimestre 1999";;;;;;"3º trimestre 1999";;;;;;"4º trimestre 1999";;;;;;"1º trimestre 2000";;;;;;"2º trimestre 2000";;;;;;"3º trimestre 2000";;;;;;"4º trimestre 2000";;;;;;"1º trimestre 2001";;;;;;"2º trimestre 2001";;;;;;"3º trimestre 2001";;;;;;"4º trimestre 2001";;;;;;"1º trimestre 2002";;;;;;"2º trimestre 2002";;;;;;"3º trimestre 2002";;;;;;"4º trimestre 2002";;;;;;"1º trimestre 2003";;;;;;"2º trimestre 2003";;;;;;"3º trimestre 2003";;;;;;"4º trimestre 2003";;;;;;"1º trimestre 2004";;;;;;"2º trimestre 2004";;;;;;"3º trimestre 2004";;;;;;"4º trimestre 2004";;;;;;"1º trimestre 2005";;;;;;"2º trimestre 2005";;;;;;"3º trimestre 2005";;;;;;"4º trimestre 2005";;;;;;"1º trimestre 2006";;;;;;"2º trimestre 2006";;;;;;"3º trimestre 2006";;;;;;"4º trimestre 2006";;;;;;"1º trimestre 2007";;;;;;"2º trimestre 2007";;;;;;"3º trimestre 2007";;;;;;"4º trimestre 2007";;;;;;"1º trimestre 2008";;;;;;"2º trimestre 2008";;;;;;"3º trimestre 2008";;;;;;"4º trimestre 2008";;;;;;"1º trimestre 2009";;;;;;"2º trimestre 2009";;;;;;"3º trimestre 2009";;;;;;"4º trimestre 2009";;;;;;"1º trimestre 2010";;;;;;"2º trimestre 2010";;;;;;"3º trimestre 2010";;;;;;"4º trimestre 2010";;;;;;"1º trimestre 2011";;;;;;"2º trimestre 2011";;;;;;"3º trimestre 2011";;;;;;"4º trimestre 2011";;;;;;"1º trimestre 2012";;;;;;"2º trimestre 2012";;;;;;"3º trimestre 2012";;;;;;"4º trimestre 2012";;;;;;"1º trimestre 2013";;;;;;"2º trimestre 2013";;;;;;"3º trimestre 2013";;;;;;"4º trimestre 2013";;;;;;"1º trimestre 2014";;;;;;"2º trimestre 2014";;;;;;"3º trimestre 2014";;;;;;"4º trimestre 2014";;;;;;"1º trimestre 2015";;;;;;"2º trimestre 2015";;;;;;"3º trimestre 2015";;;;;;"4º trimestre 2015";;;;;;"1º trimestre 2016";;;;;;"2º trimestre 2016";;;;;;"3º trimestre 2016";;;;;;"4º trimestre 2016";;;;;;"1º trimestre 2017";;;;;;"2º trimestre 2017";;;;;;"3º trimestre 2017";;;;;;"4º trimestre 2017";;;;;;"1º trimestre 2018";;;;;;"2º trimestre 2018";;;;;;"3º trimestre 2018";;;;;;"4º trimestre 2018";;;;;;"1º trimestre 2019";;;;;;"2º trimestre 2019";;;;;;"3º trimestre 2019";;;;;;"4º trimestre 2019";;;;;;"1º trimestre 2020";;;;;;"2º trimestre 2020";;;;;;"3º trimestre 2020";;;;;;"4º trimestre 2020";;;;;;"1º trimestre 2021";;;;;;"2º trimestre 2021";;;;;;"3º trimestre 2021";;;;;;"4º trimestre 2021";;;;;;"1º trimestre 2022";;;;;;"2º trimestre 2022";;;;;;"3º trimestre 2022";;;;;;"4º trimestre 2022";;;;;;"1º trimestre 2023";;;;;;"2º trimestre 2023";;;;;;"3º trimestre 2023";;;;;;"4º trimestre 2023";;;;;;"1º trimestre 2024";;;;;;"2º trimestre 2024";;;;;;"3º trimestre 2024";;;;;;"4º trimestre 2024";;;;;;"1º trimestre 2025";;;;;;"2º trimestre 2025";;;;;;"3º trimestre 2025";;;;;;"4º trimestre 2025";;;;;;"1º trimestre 2026";;;;;;"2º trimestre 2026"
"";"Finalidade da produção";"No 1º mês";;"No 2º mês";;"No 3º mês";;"No 1º mês";;"No 2º mês";;"No 3º mês";;"No 1º mês";;"No 2º mês";;"No 3º mês";;"No 1º mês";;"No 2º mês";;"No 3º mês";;"No 1º mês";;"No 2º mês";;"No 3º mês";;"No 1º mês";;"No 2º mês";;"No 3º mês";;"No 1º mês";;"No 2º mês";;"No 3º mês";;"No 1º mês";;"No 2º mês";;"No 3º mês";;"No 1º mês";;"No 2º mês";;"No 3º mês";;"No 1º mês";;"No 2º mês";;"No 3º mês";;"No 1º mês";;"No 2º mês";;"No 3º mês";;"No 1º mês";;"No 2º mês";;"No 3º mês";;"No 1º mês";;"No 2º mês";;"No 3º mês";;"No 1º mês";;"No 2º mês";;"No 3º mês";;"No 1º mês";;"No 2º mês";;"No 3º mês";;"No 1º mês";;"No 2º mês";;"No 3º mês";;"No 1º mês";;"No 2º mês";;"No 3º mês";;"No 1º mês";;"No 2º mês";;"No 3º mês";;"No 1º mês";;"No 2º mês";;"No 3º mês";;"No 1º mês";;"No 2º mês";;"No 3º mês";;"No 1º mês";;"No 2º mês";;"No 3º mês";;"No 1º mês";;"No 2º mês";;"No 3º mês";;"No 1º mês";;"No 2º mês";;"No 3º mês";;"No 1º mês";;"No 2º mês";;"No 3º mês";;"No 1º mês";;"No 2º mês";;"No 3º mês";;"No 1º mês";;"No 2º mês";;"No 3º mês";;"No 1º mês";;"No 2º mês";;"No 3º mês";;"No 1º mês";;"No 2º mês";;"No 3º mês";;"No 1º mês";;"No 2º mês";;"No 3º mês";;"No 1º mês";;"No 2º mês";;"No 3º mês";;"No 1º mês";;"No 2º mês";;"No 3º mês";;"No 1º mês";;"No 2º mês";;"No 3º mês";;"No 1º mês";;"No 2º mês";;"No 3º mês";;"No 1º mês";;"No 2º mês";;"No 3º mês";;"No 1º mês";;"No 2º mês";;"No 3º mês";;"No 1º mês";;"No 2º mês";;"No 3º mês";;"No 1º mês";;"No 2º mês";;"No 3º mês";;"No 1º mês";;"No 2º mês";;"No 3º mês";;"No 1º mês";;"No 2º mês";;"No 3º mês";;"No 1º mês";;"No 2º mês";;"No 3º mês";;"No 1º mês";;"No 2º mês";;"No 3º mês";;"No 1º mês";;"No 2º mês";;"No 3º mês";;"No 1º mês";;"No 2º mês";;"No 3º mês";;"No 1º mês";;"No 2º mês";;"No 3º mês";;"No 1º mês";;"No 2º mês";;"No 3º mês";;"No 1º mês";;"No 2º mês";;"No 3º mês";;"No 1º mês";;"No 2º mês";;"No 3º mês";;"No 1º mês";;"No 2º mês";;"No 3º mês";;"No 1º mês";;"No 2º mês";;"No 3º mês";;"No 1º mês";;"No 2º mês";;"No 3º mês";;"No 1º mês";;"No 2º mês";;"No 3º mês";;"No 1º mês";;"No 2º mês";;"No 3º mês";;"No 1º mês";;"No 2º mês";;"No 3º mês";;"No 1º mês";;"No 2º mês";;"No 3º mês";;"No 1º mês";;"No 2º mês";;"No 3º mês";;"No 1º mês";;"No 2º mês";;"No 3º mês";;"No 1º mês";;"No 2º mês";;"No 3º mês";;"No 1º mês";;"No 2º mês";;"No 3º mês";;"No 1º mês";;"No 2º mês";;"No 3º mês";;"No 1º mês";;"No 2º mês";;"No 3º mês";;"No 1º mês";;"No 2º mês";;"No 3º mês";;"No 1º mês";;"No 2º mês";;"No 3º mês";;"No 1º mês";;"No 2º mês";;"No 3º mês";;"No 1º mês";;"No 2º mês";;"No 3º mês";;"No 1º mês";;"No 2º mês";;"No 3º mês";;"No 1º mês";;"No 2º mês";;"No 3º mês";;"No 1º mês";;"No 2º mês";;"No 3º mês";;"No 1º mês";;"No 2º mês";;"No 3º mês";;"No 1º mês";;"No 2º mês";;"No 3º mês";;"No 1º mês";;"No 2º mês";;"No 3º mês";;"No 1º mês";;"No 2º mês";;"No 3º mês";;"No 1º mês";;"No 2º mês";;"No 3º mês";;"No 1º mês";;"No 2º mês";;"No 3º mês";;"No 1º mês";;"No 2º mês";;"No 3º mês";;"No 1º mês";;"No 2º mês";;"No 3º mês";;"No 1º mês";;"No 2º mês";;"No 3º mês";;"No 1º mês";;"No 2º mês";;"No 3º mês";;"No 1º mês";;"No 2º mês";;"No 3º mês";;"No 1º mês";;"No 2º mês";;"No 3º mês";;"No 1º mês";;"No 2º mês";;"No 3º mês";;"No 1º mês";;"No 2º mês";;"No 3º mês";;"No 1º mês";;"No 2º mês";;"No 3º mês";;"No 1º mês";;"No 2º mês";;"No 3º mês";;"No 1º mês";;"No 2º mês";;"No 3º mês";;"No 1º mês";;"No 2º mês";;"No 3º mês";;"No 1º mês";;"No 2º mês";;"No 3º mês";;"No 1º mês";;"No 2º mês";;"No 3º mês";;"No 1º mês";;"No 2º mês";;"No 3º mês";;"No 1º mês";;"No 2º mês";;"No 3º mês";;"No 1º mês";;"No 2º mês";;"No 3º mês";;"No 1º mês";;"No 2º mês";;"No 3º mês";;"No 1º mês";;"No 2º mês";;"No 3º mês";;"No 1º mês";;"No 2º mês";;"No 3º mês";;"No 1º mês";;"No 2º mês";;"No 3º mês";;"No 1º mês";;"No 2º mês";;"No 3º mês";;"No 1º mês";;"No 2º mês";;"No 3º mês";;"No 1º mês";;"No 2º mês";;"No 3º mês";;"No 1º mês";;"No 2º mês";;"No 3º mês";;"No 1º mês";;"No 2º mês";;"No 3º mês";;"No 1º mês";;"No 2º mês";;"No 3º mês";;"No 1º mês";;"No 2º mês";;"No 3º mês";;"No 1º mês";;"No 2º mês";;"No 3º mês";;"No 1º mês";;"No 2º mês";;"No 3º mês";;"No 1º mês";;"No 2º mês";;"No 3º mês";;"No 1º mês";;"No 2º mês";;"No 3º mês";;"No 1º mês";;"No 2º mês";;"No 3º mês";;"No 1º mês";;"No 2º mês";;"No 3º mês";;"No 1º mês";;"No 2º mês";;"No 3º mês";;"No 1º mês";;"No 2º mês";;"No 3º mês";;"No 1º mês";;"No 2º mês";;"No 3º mês";;"No 1º mês";;"No 2º mês";;"No 3º mês";;"No 1º mês";;"No 2º mês";;"No 3º mês";;"No 1º mês";;"No 2º mês";;"No 3º mês";;"No 1º mês";;"No 2º mês";;"No 3º mês";;"No 1º mês";;"No 2º mês";;"No 3º mês";;"No 1º mês";;"No 2º mês";;"No 3º mês";;"No 1º mês";;"No 2º mês";;"No 3º mês";;"No 1º mês";;"No 2º mês";;"No 3º mês";;"No 1º mês";;"No 2º mês";;"No 3º mês";;"No 1º mês";;"No 2º mês";;"No 3º mês";;"No 1º mês";;"No 2º mês";;"No 3º mês";;"No 1º mês";;"No 2º mês";;"No 3º mês";;"No 1º mês";;"No 2º mês";;"No 3º mês";;"No 1º mês";;"No 2º mês";;"No 3º mês";;"No 1º mês";;"No 2º mês";;"No 3º mês";;"No 1º mês";;"No 2º mês";;"No 3º mês";;"No 1º mês";;"No 2º mês";;"No 3º mês";;"No 1º mês";;"No 2º mês";;"No 3º mês";;"No 1º mês";;"No 2º mês";;"No 3º mês";;"No 1º mês";;"No 2º mês";;"No 3º mês";;"No 1º mês";;"No 2º mês";;"No 3º mês";;"No 1º mês";;"No 2º mês";;"No 3º mês";;"No 1º mês";;"No 2º mês";;"No 3º mês";;"No 1º mês";;"No 2º mês";;"No 3º mês";;"No 1º mês";;"No 2º mês";;"No 3º mês";;"No 1º mês";;"No 2º mês";;"No 3º mês";;"No 1º mês";;"No 2º mês";;"No 3º mês";;"No 1º mês";;"No 2º mês";;"No 3º mês";;"No 1º mês";;"No 2º mês";;"No 3º mês";;"No 1º mês";;"No 2º mês";;"No 3º mês";;"No 1º mês";;"No 2º mês";;"No 3º mês";;"No 1º mês";;"No 2º mês";;"No 3º mês";;"No 1º mês";;"No 2º mês";;"No 3º mês";;"No 1º mês";;"No 2º mês";;"No 3º mês";;"No 1º mês";;"No 2º mês";;"No 3º mês";;"No 1º mês";;"No 2º mês";;"No 3º mês";;"No 1º mês";;"No 2º mês";;"No 3º mês";;"No 1º mês";;"No 2º mês";;"No 3º mês";;"No 1º mês";;"No 2º mês";;"No 3º mês";;"No 1º mês";;"No 2º mês";;"No 3º mês";;"No 1º mês";;"No 2º mês";;"No 3º mês";;"No 1º mês";;"No 2º mês";;"No 3º mês";;"No 1º mês";;"No 2º mês";;"No 3º mês";;"No 1º mês";;"No 2º mês";;"No 3º mês";;"No 1º mês";;"No 2º mês";;"No 3º mês";;"No 1º mês";;"No 2º mês";;"No 3º mês";;"No 1º mês";;"No 2º mês";;"No 3º mês";;"No 1º mês";;"No 2º mês";;"No 3º mês"
"Brasil";"Total";"98136";"Mil dúzias";"91805";"Mil dúzias";"98916";"Mil dúzias";"97778";"Mil dúzias";"97940";"Mil dúzias";"96716";"Mil dúzias";"100996";"Mil dúzias";"100621";"Mil dúzias";"99494";"Mil dúzias";"101213";"Mil dúzias";"96762";"Mil dúzias";"96252";"Mil dúzias";"98530";"Mil dúzias";"94966";"Mil dúzias";"102016";"Mil dúzias";"101266";"Mil dúzias";"104458";"Mil dúzias";"101634";"Mil dúzias";"101765";"Mil dúzias";"103120";"Mil dúzias";"100857";"Mil dúzias";"102349";"Mil dúzias";"101134";"Mil dúzias";"100952";"Mil dúzias";"98191";"Mil dúzias";"92070";"Mil dúzias";"100521";"Mil dúzias";"99336";"Mil dúzias";"103325";"Mil dúzias";"101133";"Mil dúzias";"103439";"Mil dúzias";"105456";"Mil dúzias";"103082";"Mil dúzias";"105786";"Mil dúzias";"104677";"Mil dúzias";"106993";"Mil dúzias";"100853";"Mil dúzias";"93759";"Mil dúzias";"101971";"Mil dúzias";"101849";"Mil dúzias";"105441";"Mil dúzias";"103639";"Mil dúzias";"105669";"Mil dúzias";"107246";"Mil dúzias";"104938";"Mil dúzias";"108387";"Mil dúzias";"104282";"Mil dúzias";"103195";"Mil dúzias";"107102";"Mil dúzias";"100921";"Mil dúzias";"110811";"Mil dúzias";"109815";"Mil dúzias";"111869";"Mil dúzias";"109829";"Mil dúzias";"113009";"Mil dúzias";"113976";"Mil dúzias";"112004";"Mil dúzias";"113162";"Mil dúzias";"108953";"Mil dúzias";"110610";"Mil dúzias";"109620";"Mil dúzias";"105046";"Mil dúzias";"113166";"Mil dúzias";"111331";"Mil dúzias";"114749";"Mil dúzias";"113585";"Mil dúzias";"118969";"Mil dúzias";"118865";"Mil dúzias";"115294";"Mil dúzias";"115356";"Mil dúzias";"112489";"Mil dúzias";"115219";"Mil dúzias";"112901";"Mil dúzias";"107318";"Mil dúzias";"116919";"Mil dúzias";"114954";"Mil dúzias";"116666";"Mil dúzias";"115237";"Mil dúzias";"116272";"Mil dúzias";"117347";"Mil dúzias";"115496";"Mil dúzias";"116671";"Mil dúzias";"114532";"Mil dúzias";"116874";"Mil dúzias";"116285";"Mil dúzias";"109340";"Mil dúzias";"120819";"Mil dúzias";"117530";"Mil dúzias";"120716";"Mil dúzias";"119713";"Mil dúzias";"121576";"Mil dúzias";"120736";"Mil dúzias";"118965";"Mil dúzias";"123728";"Mil dúzias";"122242";"Mil dúzias";"128108";"Mil dúzias";"128119";"Mil dúzias";"116699";"Mil dúzias";"128097";"Mil dúzias";"126092";"Mil dúzias";"129654";"Mil dúzias";"128902";"Mil dúzias";"129288";"Mil dúzias";"128059";"Mil dúzias";"125182";"Mil dúzias";"128921";"Mil dúzias";"126440";"Mil dúzias";"125616";"Mil dúzias";"118598";"Mil dúzias";"114793";"Mil dúzias";"121751";"Mil dúzias";"124540";"Mil dúzias";"125989";"Mil dúzias";"123794";"Mil dúzias";"127343";"Mil dúzias";"127146";"Mil dúzias";"123640";"Mil dúzias";"124795";"Mil dúzias";"123552";"Mil dúzias";"124576";"Mil dúzias";"125598";"Mil dúzias";"117771";"Mil dúzias";"127017";"Mil dúzias";"125980";"Mil dúzias";"126953";"Mil dúzias";"124686";"Mil dúzias";"130604";"Mil dúzias";"130614";"Mil dúzias";"127650";"Mil dúzias";"127673";"Mil dúzias";"123824";"Mil dúzias";"127837";"Mil dúzias";"129202";"Mil dúzias";"121050";"Mil dúzias";"131919";"Mil dúzias";"131364";"Mil dúzias";"133909";"Mil dúzias";"131032";"Mil dúzias";"134069";"Mil dúzias";"135025";"Mil dúzias";"131711";"Mil dúzias";"127590";"Mil dúzias";"125625";"Mil dúzias";"128566";"Mil dúzias";"129996";"Mil dúzias";"122337";"Mil dúzias";"134820";"Mil dúzias";"130851";"Mil dúzias";"135303";"Mil dúzias";"133112";"Mil dúzias";"134422";"Mil dúzias";"133417";"Mil dúzias";"130528";"Mil dúzias";"132376";"Mil dúzias";"129252";"Mil dúzias";"131859";"Mil dúzias";"138585";"Mil dúzias";"132347";"Mil dúzias";"141658";"Mil dúzias";"138153";"Mil dúzias";"140695";"Mil dúzias";"137692";"Mil dúzias";"139827";"Mil dúzias";"140177";"Mil dúzias";"138376";"Mil dúzias";"139986";"Mil dúzias";"136370";"Mil dúzias";"138848";"Mil dúzias";"136488";"Mil dúzias";"126571";"Mil dúzias";"139771";"Mil dúzias";"141553";"Mil dúzias";"144881";"Mil dúzias";"142777";"Mil dúzias";"147995";"Mil dúzias";"149482";"Mil dúzias";"144412";"Mil dúzias";"148701";"Mil dúzias";"144403";"Mil dúzias";"147555";"Mil dúzias";"151909";"Mil dúzias";"141654";"Mil dúzias";"154730";"Mil dúzias";"150713";"Mil dúzias";"152615";"Mil dúzias";"149928";"Mil dúzias";"155186";"Mil dúzias";"152678";"Mil dúzias";"146392";"Mil dúzias";"147001";"Mil dúzias";"143987";"Mil dúzias";"146871";"Mil dúzias";"148748";"Mil dúzias";"139853";"Mil dúzias";"152350";"Mil dúzias";"152063";"Mil dúzias";"154564";"Mil dúzias";"150651";"Mil dúzias";"155979";"Mil dúzias";"156326";"Mil dúzias";"153786";"Mil dúzias";"156933";"Mil dúzias";"151910";"Mil dúzias";"156609";"Mil dúzias";"157150";"Mil dúzias";"149515";"Mil dúzias";"160681";"Mil dúzias";"158969";"Mil dúzias";"160188";"Mil dúzias";"158859";"Mil dúzias";"164166";"Mil dúzias";"163473";"Mil dúzias";"161344";"Mil dúzias";"162070";"Mil dúzias";"160484";"Mil dúzias";"165448";"Mil dúzias";"163641";"Mil dúzias";"153057";"Mil dúzias";"167704";"Mil dúzias";"165538";"Mil dúzias";"167178";"Mil dúzias";"167008";"Mil dúzias";"172475";"Mil dúzias";"175240";"Mil dúzias";"169464";"Mil dúzias";"173519";"Mil dúzias";"171099";"Mil dúzias";"172431";"Mil dúzias";"175985";"Mil dúzias";"163535";"Mil dúzias";"177014";"Mil dúzias";"170916";"Mil dúzias";"177139";"Mil dúzias";"174126";"Mil dúzias";"181227";"Mil dúzias";"182556";"Mil dúzias";"176553";"Mil dúzias";"180807";"Mil dúzias";"176104";"Mil dúzias";"176417";"Mil dúzias";"178346";"Mil dúzias";"167239";"Mil dúzias";"181609";"Mil dúzias";"178155";"Mil dúzias";"181807";"Mil dúzias";"177839";"Mil dúzias";"181942";"Mil dúzias";"182482";"Mil dúzias";"180460";"Mil dúzias";"187712";"Mil dúzias";"183183";"Mil dúzias";"185134";"Mil dúzias";"189090";"Mil dúzias";"179970";"Mil dúzias";"190929";"Mil dúzias";"188118";"Mil dúzias";"192344";"Mil dúzias";"187494";"Mil dúzias";"193995";"Mil dúzias";"193262";"Mil dúzias";"189171";"Mil dúzias";"193501";"Mil dúzias";"188763";"Mil dúzias";"193865";"Mil dúzias";"197485";"Mil dúzias";"184327";"Mil dúzias";"198446";"Mil dúzias";"191889";"Mil dúzias";"195150";"Mil dúzias";"193953";"Mil dúzias";"201961";"Mil dúzias";"199776";"Mil dúzias";"196570";"Mil dúzias";"200643";"Mil dúzias";"197695";"Mil dúzias";"203029";"Mil dúzias";"204204";"Mil dúzias";"191687";"Mil dúzias";"207836";"Mil dúzias";"202624";"Mil dúzias";"204515";"Mil dúzias";"203454";"Mil dúzias";"208974";"Mil dúzias";"207864";"Mil dúzias";"205163";"Mil dúzias";"208922";"Mil dúzias";"205195";"Mil dúzias";"207441";"Mil dúzias";"210307";"Mil dúzias";"196983";"Mil dúzias";"212814";"Mil dúzias";"209061";"Mil dúzias";"214305";"Mil dúzias";"210536";"Mil dúzias";"216293";"Mil dúzias";"220312";"Mil dúzias";"214209";"Mil dúzias";"221378";"Mil dúzias";"217779";"Mil dúzias";"222744";"Mil dúzias";"229097";"Mil dúzias";"215547";"Mil dúzias";"228521";"Mil dúzias";"223914";"Mil dúzias";"227051";"Mil dúzias";"222387";"Mil dúzias";"231664";"Mil dúzias";"230366";"Mil dúzias";"220803";"Mil dúzias";"225089";"Mil dúzias";"218468";"Mil dúzias";"222568";"Mil dúzias";"229401";"Mil dúzias";"212779";"Mil dúzias";"228319";"Mil dúzias";"225709";"Mil dúzias";"229956";"Mil dúzias";"225143";"Mil dúzias";"231799";"Mil dúzias";"233710";"Mil dúzias";"227231";"Mil dúzias";"235697";"Mil dúzias";"228892";"Mil dúzias";"231684";"Mil dúzias";"234110";"Mil dúzias";"218280";"Mil dúzias";"235204";"Mil dúzias";"230837";"Mil dúzias";"236675";"Mil dúzias";"230856";"Mil dúzias";"238941";"Mil dúzias";"242079";"Mil dúzias";"239075";"Mil dúzias";"242571";"Mil dúzias";"236903";"Mil dúzias";"239343";"Mil dúzias";"238629";"Mil dúzias";"224224";"Mil dúzias";"243556";"Mil dúzias";"238572";"Mil dúzias";"241805";"Mil dúzias";"241085";"Mil dúzias";"250059";"Mil dúzias";"254103";"Mil dúzias";"247198";"Mil dúzias";"250883";"Mil dúzias";"245555";"Mil dúzias";"251611";"Mil dúzias";"253051";"Mil dúzias";"244958";"Mil dúzias";"259176";"Mil dúzias";"252340";"Mil dúzias";"257356";"Mil dúzias";"251190";"Mil dúzias";"259346";"Mil dúzias";"264536";"Mil dúzias";"255715";"Mil dúzias";"267475";"Mil dúzias";"263381";"Mil dúzias";"269312";"Mil dúzias";"270661";"Mil dúzias";"250989";"Mil dúzias";"268896";"Mil dúzias";"269936";"Mil dúzias";"278764";"Mil dúzias";"271698";"Mil dúzias";"281224";"Mil dúzias";"285160";"Mil dúzias";"277524";"Mil dúzias";"288077";"Mil dúzias";"282785";"Mil dúzias";"286623";"Mil dúzias";"292401";"Mil dúzias";"272981";"Mil dúzias";"295614";"Mil dúzias";"292434";"Mil dúzias";"297837";"Mil dúzias";"289336";"Mil dúzias";"308691";"Mil dúzias";"313597";"Mil dúzias";"302632";"Mil dúzias";"318198";"Mil dúzias";"308724";"Mil dúzias";"314748";"Mil dúzias";"318001";"Mil dúzias";"293380";"Mil dúzias";"317665";"Mil dúzias";"316551";"Mil dúzias";"320459";"Mil dúzias";"310804";"Mil dúzias";"325824";"Mil dúzias";"327973";"Mil dúzias";"320025";"Mil dúzias";"333124";"Mil dúzias";"327260";"Mil dúzias";"331071";"Mil dúzias";"328200";"Mil dúzias";"313847";"Mil dúzias";"332509";"Mil dúzias";"322260";"Mil dúzias";"327822";"Mil dúzias";"327205";"Mil dúzias";"340544";"Mil dúzias";"341405";"Mil dúzias";"337390";"Mil dúzias";"334160";"Mil dúzias";"325920";"Mil dúzias";"335876";"Mil dúzias";"336251";"Mil dúzias";"313625";"Mil dúzias";"346913";"Mil dúzias";"335169";"Mil dúzias";"337423";"Mil dúzias";"325862";"Mil dúzias";"339256";"Mil dúzias";"341613";"Mil dúzias";"334149";"Mil dúzias";"334978";"Mil dúzias";"332671";"Mil dúzias";"334602";"Mil dúzias";"337476";"Mil dúzias";"313382";"Mil dúzias";"344080";"Mil dúzias";"336637";"Mil dúzias";"344657";"Mil dúzias";"336203";"Mil dúzias";"343957";"Mil dúzias";"351389";"Mil dúzias";"341185";"Mil dúzias";"353055";"Mil dúzias";"345984";"Mil dúzias";"350614";"Mil dúzias";"352466";"Mil dúzias";"326468";"Mil dúzias";"356903";"Mil dúzias";"347007";"Mil dúzias";"361313";"Mil dúzias";"349427";"Mil dúzias";"361763";"Mil dúzias";"368889";"Mil dúzias";"355788";"Mil dúzias";"361080";"Mil dúzias";"353369";"Mil dúzias";"356329";"Mil dúzias";"374345";"Mil dúzias";"356641";"Mil dúzias";"373789";"Mil dúzias";"386502";"Mil dúzias";"395943";"Mil dúzias";"386183";"Mil dúzias";"406731";"Mil dúzias";"404641";"Mil dúzias";"394019";"Mil dúzias";"408970";"Mil dúzias";"397488";"Mil dúzias";"403095";"Mil dúzias";"409792";"Mil dúzias";"381703";"Mil dúzias";"418766";"Mil dúzias";"413619";"Mil dúzias";"422402";"Mil dúzias";"407026";"Mil dúzias";"415751";"Mil dúzias";"413695";"Mil dúzias";"412194";"Mil dúzias";"425199";"Mil dúzias";"412484";"Mil dúzias";"421490";"Mil dúzias";"419567";"Mil dúzias";"386630";"Mil dúzias";"421488";"Mil dúzias";"413609";"Mil dúzias";"419732";"Mil dúzias";"419120";"Mil dúzias"
"Fonte: IBGE - Produção de Ovos de Galinha"

"Notas"
"1 - Até o 4º trimestre de 2011: As informações não correspondem às produções totais das Unidades da Federação, uma vez que são pesquisados apenas os estabelecimentos com 10.000 ou mais galinhas poedeiras."
"2 - A partir do 1º trimestre de 2012: As informações não correspondem às produções totais das Unidades da Federação, uma vez que são pesquisados apenas os estabelecimentos com capacidade de alojamento de pelo menos 10.000 galinhas poedeiras."
"3 - O número de galinhas poedeiras refere-se à média do plantel existente no último dia de cada mês do trimestre."
"4 - O número de informantes se repete nos meses de cada trimestre devido à periodicidade de coleta da pesquisa ser trimestral."
"5 - Até o 4º trimestre de 2005 os dados das Unidades da Federação com menos de 4 (quatro) informantes estão desidentificados com o caracter X. A partir do 1º trimestre de 2006 a desidentificação passou a ser feita para menos de 3 (três) informantes."
"6 - Os dados dos 4 trimestres do ano são preliminares até a divulgação dos dados do 1° trimestre do ano seguinte."
""
"Legenda"
"Símbolo";"Significado"
"-";"Zero absoluto, não resultante de um cálculo ou arredondamento.
Ex: Em determinado município não existem pessoas de 14 anos de idade sem instrução."
"0";"Zero resultante de um cálculo ou arredondamento.
Ex: A inflação do feijão em determinada Região Metropolitana foi 0.
Determinado município produziu 400 kg de sementes de girassol e os dados da tabela são expressos em toneladas."
"X";"Valor inibido para não identificar o informante.
Ex: Determinado município só possui uma empresa produtora de cimento, logo o valor de sua produção deve ser inibido."
"..";"Valor não se aplica.
Ex: Não se pode obter o total da produção agrícola em determinado município quando os produtos agrícolas são contabilizados com unidades de medida distintas."
"...";"Valor não disponível.
Ex: A produção de feijão em determinado município não foi pesquisada ou determinado município não existia no ano da pesquisa."
"A a Z
(exceto X)";"Significa uma faixa de valores. Varia em função da tabela (se for o caso).
Ex: O nível de precisão da produção estimada de combustíveis está na faixa A (95 a 100%)"
