"Tabela 1093 - Número de informantes, Quantidade e Peso total das carcaças dos suínos abatidos, no mês e no trimestre, por tipo de inspeção"
"Variável - Animais abatidos"
"";"Tipo de inspeção";"Trimestre x Referência temporal"
"";"Tipo de inspeção";"1º trimestre 1997";;;;;;"2º trimestre 1997";;;;;;"3º trimestre 1997";;;;;;"4º trimestre 1997";;;;;;"1º trimestre 1998";;;;;;"2º trimestre 1998";;;;;;"3º trimestre 1998";;;;;;"4º trimestre 1998";;;;;;"1º trimestre 1999";;;;;;"2º trimestre 1999";;;;;;"3º trimestre 1999";;;;;;"4º trimestre 1999";;;;;;"1º trimestre 2000";;;;;;"2º trimestre 2000";;;;;;"3º trimestre 2000";;;;;;"4º trimestre 2000";;;;;;"1º trimestre 2001";;;;;;"2º trimestre 2001";;;;;;"3º trimestre 2001";;;;;;"4º trimestre 2001";;;;;;"1º trimestre 2002";;;;;;"2º trimestre 2002";;;;;;"3º trimestre 2002";;;;;;"4º trimestre 2002";;;;;;"1º trimestre 2003";;;;;;"2º trimestre 2003";;;;;;"3º trimestre 2003";;;;;;"4º trimestre 2003";;;;;;"1º trimestre 2004";;;;;;"2º trimestre 2004";;;;;;"3º trimestre 2004";;;;;;"4º trimestre 2004";;;;;;"1º trimestre 2005";;;;;;"2º trimestre 2005";;;;;;"3º trimestre 2005";;;;;;"4º trimestre 2005";;;;;;"1º trimestre 2006";;;;;;"2º trimestre 2006";;;;;;"3º trimestre 2006";;;;;;"4º trimestre 2006";;;;;;"1º trimestre 2007";;;;;;"2º trimestre 2007";;;;;;"3º trimestre 2007";;;;;;"4º trimestre 2007";;;;;;"1º trimestre 2008";;;;;;"2º trimestre 2008";;;;;;"3º trimestre 2008";;;;;;"4º trimestre 2008";;;;;;"1º trimestre 2009";;;;;;"2º trimestre 2009";;;;;;"3º trimestre 2009";;;;;;"4º trimestre 2009";;;;;;"1º trimestre 2010";;;;;;"2º trimestre 2010";;;;;;"3º trimestre 2010";;;;;;"4º trimestre 2010";;;;;;"1º trimestre 2011";;;;;;"2º trimestre 2011";;;;;;"3º trimestre 2011";;;;;;"4º trimestre 2011";;;;;;"1º trimestre 2012";;;;;;"2º trimestre 2012";;;;;;"3º trimestre 2012";;;;;;"4º trimestre 2012";;;;;;"1º trimestre 2013";;;;;;"2º trimestre 2013";;;;;;"3º trimestre 2013";;;;;;"4º trimestre 2013";;;;;;"1º trimestre 2014";;;;;;"2º trimestre 2014";;;;;;"3º trimestre 2014";;;;;;"4º trimestre 2014";;;;;;"1º trimestre 2015";;;;;;"2º trimestre 2015";;;;;;"3º trimestre 2015";;;;;;"4º trimestre 2015";;;;;;"1º trimestre 2016";;;;;;"2º trimestre 2016";;;;;;"3º trimestre 2016";;;;;;"4º trimestre 2016";;;;;;"1º trimestre 2017";;;;;;"2º trimestre 2017";;;;;;"3º trimestre 2017";;;;;;"4º trimestre 2017";;;;;;"1º trimestre 2018";;;;;;"2º trimestre 2018";;;;;;"3º trimestre 2018";;;;;;"4º trimestre 2018";;;;;;"1º trimestre 2019";;;;;;"2º trimestre 2019";;;;;;"3º trimestre 2019";;;;;;"4º trimestre 2019";;;;;;"1º trimestre 2020";;;;;;"2º trimestre 2020";;;;;;"3º trimestre 2020";;;;;;"4º trimestre 2020";;;;;;"1º trimestre 2021";;;;;;"2º trimestre 2021";;;;;;"3º trimestre 2021";;;;;;"4º trimestre 2021";;;;;;"1º trimestre 2022";;;;;;"2º trimestre 2022";;;;;;"3º trimestre 2022";;;;;;"4º trimestre 2022";;;;;;"1º trimestre 2023";;;;;;"2º trimestre 2023";;;;;;"3º trimestre 2023";;;;;;"4º trimestre 2023";;;;;;"1º trimestre 2024";;;;;;"2º trimestre 2024";;;;;;"3º trimestre 2024";;;;;;"4º trimestre 2024";;;;;;"1º trimestre 2025";;;;;;"2º trimestre 2025";;;;;;"3º trimestre 2025";;;;;;"4º trimestre 2025";;;;;;"1º trimestre 2026";;;;;;"2º trimestre 2026"
"";"Tipo de inspeção";"No 1º mês";;"No 2º mês";;"No 3º mês";;"No 1º mês";;"No 2º mês";;"No 3º mês";;"No 1º mês";;"No 2º mês";;"No 3º mês";;"No 1º mês";;"No 2º mês";;"No 3º mês";;"No 1º mês";;"No 2º mês";;"No 3º mês";;"No 1º mês";;"No 2º mês";;"No 3º mês";;"No 1º mês";;"No 2º mês";;"No 3º mês";;"No 1º mês";;"No 2º mês";;"No 3º mês";;"No 1º mês";;"No 2º mês";;"No 3º mês";;"No 1º mês";;"No 2º mês";;"No 3º mês";;"No 1º mês";;"No 2º mês";;"No 3º mês";;"No 1º mês";;"No 2º mês";;"No 3º mês";;"No 1º mês";;"No 2º mês";;"No 3º mês";;"No 1º mês";;"No 2º mês";;"No 3º mês";;"No 1º mês";;"No 2º mês";;"No 3º mês";;"No 1º mês";;"No 2º mês";;"No 3º mês";;"No 1º mês";;"No 2º mês";;"No 3º mês";;"No 1º mês";;"No 2º mês";;"No 3º mês";;"No 1º mês";;"No 2º mês";;"No 3º mês";;"No 1º mês";;"No 2º mês";;"No 3º mês";;"No 1º mês";;"No 2º mês";;"No 3º mês";;"No 1º mês";;"No 2º mês";;"No 3º mês";;"No 1º mês";;"No 2º mês";;"No 3º mês";;"No 1º mês";;"No 2º mês";;"No 3º mês";;"No 1º mês";;"No 2º mês";;"No 3º mês";;"No 1º mês";;"No 2º mês";;"No 3º mês";;"No 1º mês";;"No 2º mês";;"No 3º mês";;"No 1º mês";;"No 2º mês";;"No 3º mês";;"No 1º mês";;"No 2º mês";;"No 3º mês";;"No 1º mês";;"No 2º mês";;"No 3º mês";;"No 1º mês";;"No 2º mês";;"No 3º mês";;"No 1º mês";;"No 2º mês";;"No 3º mês";;"No 1º mês";;"No 2º mês";;"No 3º mês";;"No 1º mês";;"No 2º mês";;"No 3º mês";;"No 1º mês";;"No 2º mês";;"No 3º mês";;"No 1º mês";;"No 2º mês";;"No 3º mês";;"No 1º mês";;"No 2º mês";;"No 3º mês";;"No 1º mês";;"No 2º mês";;"No 3º mês";;"No 1º mês";;"No 2º mês";;"No 3º mês";;"No 1º mês";;"No 2º mês";;"No 3º mês";;"No 1º mês";;"No 2º mês";;"No 3º mês";;"No 1º mês";;"No 2º mês";;"No 3º mês";;"No 1º mês";;"No 2º mês";;"No 3º mês";;"No 1º mês";;"No 2º mês";;"No 3º mês";;"No 1º mês";;"No 2º mês";;"No 3º mês";;"No 1º mês";;"No 2º mês";;"No 3º mês";;"No 1º mês";;"No 2º mês";;"No 3º mês";;"No 1º mês";;"No 2º mês";;"No 3º mês";;"No 1º mês";;"No 2º mês";;"No 3º mês";;"No 1º mês";;"No 2º mês";;"No 3º mês";;"No 1º mês";;"No 2º mês";;"No 3º mês";;"No 1º mês";;"No 2º mês";;"No 3º mês";;"No 1º mês";;"No 2º mês";;"No 3º mês";;"No 1º mês";;"No 2º mês";;"No 3º mês";;"No 1º mês";;"No 2º mês";;"No 3º mês";;"No 1º mês";;"No 2º mês";;"No 3º mês";;"No 1º mês";;"No 2º mês";;"No 3º mês";;"No 1º mês";;"No 2º mês";;"No 3º mês";;"No 1º mês";;"No 2º mês";;"No 3º mês";;"No 1º mês";;"No 2º mês";;"No 3º mês";;"No 1º mês";;"No 2º mês";;"No 3º mês";;"No 1º mês";;"No 2º mês";;"No 3º mês";;"No 1º mês";;"No 2º mês";;"No 3º mês";;"No 1º mês";;"No 2º mês";;"No 3º mês";;"No 1º mês";;"No 2º mês";;"No 3º mês";;"No 1º mês";;"No 2º mês";;"No 3º mês";;"No 1º mês";;"No 2º mês";;"No 3º mês";;"No 1º mês";;"No 2º mês";;"No 3º mês";;"No 1º mês";;"No 2º mês";;"No 3º mês";;"No 1º mês";;"No 2º mês";;"No 3º mês";;"No 1º mês";;"No 2º mês";;"No 3º mês";;"No 1º mês";;"No 2º mês";;"No 3º mês";;"No 1º mês";;"No 2º mês";;"No 3º mês";;"No 1º mês";;"No 2º mês";;"No 3º mês";;"No 1º mês";;"No 2º mês";;"No 3º mês";;"No 1º mês";;"No 2º mês";;"No 3º mês";;"No 1º mês";;"No 2º mês";;"No 3º mês";;"No 1º mês";;"No 2º mês";;"No 3º mês";;"No 1º mês";;"No 2º mês";;"No 3º mês";;"No 1º mês";;"No 2º mês";;"No 3º mês";;"No 1º mês";;"No 2º mês";;"No 3º mês";;"No 1º mês";;"No 2º mês";;"No 3º mês";;"No 1º mês";;"No 2º mês";;"No 3º mês";;"No 1º mês";;"No 2º mês";;"No 3º mês";;"No 1º mês";;"No 2º mês";;"No 3º mês";;"No 1º mês";;"No 2º mês";;"No 3º mês";;"No 1º mês";;"No 2º mês";;"No 3º mês";;"No 1º mês";;"No 2º mês";;"No 3º mês";;"No 1º mês";;"No 2º mês";;"No 3º mês";;"No 1º mês";;"No 2º mês";;"No 3º mês";;"No 1º mês";;"No 2º mês";;"No 3º mês";;"No 1º mês";;"No 2º mês";;"No 3º mês";;"No 1º mês";;"No 2º mês";;"No 3º mês";;"No 1º mês";;"No 2º mês";;"No 3º mês";;"No 1º mês";;"No 2º mês";;"No 3º mês";;"No 1º mês";;"No 2º mês";;"No 3º mês";;"No 1º mês";;"No 2º mês";;"No 3º mês";;"No 1º mês";;"No 2º mês";;"No 3º mês";;"No 1º mês";;"No 2º mês";;"No 3º mês";;"No 1º mês";;"No 2º mês";;"No 3º mês";;"No 1º mês";;"No 2º mês";;"No 3º mês";;"No 1º mês";;"No 2º mês";;"No 3º mês";;"No 1º mês";;"No 2º mês";;"No 3º mês";;"No 1º mês";;"No 2º mês";;"No 3º mês";;"No 1º mês";;"No 2º mês";;"No 3º mês";;"No 1º mês";;"No 2º mês";;"No 3º mês";;"No 1º mês";;"No 2º mês";;"No 3º mês";;"No 1º mês";;"No 2º mês";;"No 3º mês";;"No 1º mês";;"No 2º mês";;"No 3º mês";;"No 1º mês";;"No 2º mês";;"No 3º mês";;"No 1º mês";;"No 2º mês";;"No 3º mês";;"No 1º mês";;"No 2º mês";;"No 3º mês";;"No 1º mês";;"No 2º mês";;"No 3º mês";;"No 1º mês";;"No 2º mês";;"No 3º mês";;"No 1º mês";;"No 2º mês";;"No 3º mês";;"No 1º mês";;"No 2º mês";;"No 3º mês";;"No 1º mês";;"No 2º mês";;"No 3º mês";;"No 1º mês";;"No 2º mês";;"No 3º mês"
"Brasil";"Total";"1192779";"Cabeças";"1026574";"Cabeças";"1066466";"Cabeças";"1113504";"Cabeças";"1084008";"Cabeças";"1145489";"Cabeças";"1188661";"Cabeças";"1083145";"Cabeças";"1156268";"Cabeças";"1223608";"Cabeças";"1107990";"Cabeças";"1235190";"Cabeças";"1197275";"Cabeças";"1115810";"Cabeças";"1248738";"Cabeças";"1165028";"Cabeças";"1235004";"Cabeças";"1264536";"Cabeças";"1333253";"Cabeças";"1235370";"Cabeças";"1258796";"Cabeças";"1278900";"Cabeças";"1255771";"Cabeças";"1285333";"Cabeças";"1246619";"Cabeças";"1181308";"Cabeças";"1365185";"Cabeças";"1227586";"Cabeças";"1341150";"Cabeças";"1329908";"Cabeças";"1278728";"Cabeças";"1411341";"Cabeças";"1345061";"Cabeças";"1292553";"Cabeças";"1316326";"Cabeças";"1457641";"Cabeças";"1263268";"Cabeças";"1288688";"Cabeças";"1385082";"Cabeças";"1223025";"Cabeças";"1415031";"Cabeças";"1379200";"Cabeças";"1428321";"Cabeças";"1466465";"Cabeças";"1354548";"Cabeças";"1421669";"Cabeças";"1415679";"Cabeças";"1435353";"Cabeças";"1469436";"Cabeças";"1339852";"Cabeças";"1542080";"Cabeças";"1481812";"Cabeças";"1648020";"Cabeças";"1504632";"Cabeças";"1616281";"Cabeças";"1684720";"Cabeças";"1518905";"Cabeças";"1769666";"Cabeças";"1647989";"Cabeças";"1638068";"Cabeças";"1736832";"Cabeças";"1604272";"Cabeças";"1655482";"Cabeças";"1842254";"Cabeças";"1835283";"Cabeças";"1780119";"Cabeças";"2015245";"Cabeças";"2011376";"Cabeças";"1929777";"Cabeças";"2054114";"Cabeças";"1925713";"Cabeças";"1902371";"Cabeças";"1963272";"Cabeças";"1851866";"Cabeças";"1830669";"Cabeças";"1806972";"Cabeças";"1889062";"Cabeças";"1843734";"Cabeças";"2004418";"Cabeças";"1821106";"Cabeças";"1796555";"Cabeças";"2087106";"Cabeças";"1803333";"Cabeças";"1855817";"Cabeças";"1747750";"Cabeças";"1674655";"Cabeças";"1903084";"Cabeças";"1738942";"Cabeças";"1846942";"Cabeças";"1821478";"Cabeças";"1890685";"Cabeças";"1830901";"Cabeças";"1770505";"Cabeças";"1747303";"Cabeças";"1769362";"Cabeças";"1882183";"Cabeças";"1726053";"Cabeças";"1709633";"Cabeças";"1896639";"Cabeças";"1831108";"Cabeças";"1976585";"Cabeças";"2034404";"Cabeças";"2007179";"Cabeças";"2103366";"Cabeças";"2034843";"Cabeças";"2047112";"Cabeças";"2035607";"Cabeças";"2060133";"Cabeças";"1948448";"Cabeças";"1820596";"Cabeças";"2063582";"Cabeças";"1786258";"Cabeças";"2197964";"Cabeças";"2138464";"Cabeças";"2226803";"Cabeças";"2269416";"Cabeças";"2115255";"Cabeças";"2251154";"Cabeças";"2197891";"Cabeças";"2206060";"Cabeças";"2271369";"Cabeças";"2060844";"Cabeças";"2310869";"Cabeças";"2125362";"Cabeças";"2407393";"Cabeças";"2265063";"Cabeças";"2377926";"Cabeças";"2442977";"Cabeças";"2181798";"Cabeças";"2442832";"Cabeças";"2345171";"Cabeças";"2178704";"Cabeças";"2350025";"Cabeças";"2222277";"Cabeças";"2261346";"Cabeças";"2417322";"Cabeças";"2398933";"Cabeças";"2437761";"Cabeças";"2541083";"Cabeças";"2385963";"Cabeças";"2412531";"Cabeças";"2578512";"Cabeças";"2312291";"Cabeças";"2522039";"Cabeças";"2410364";"Cabeças";"2338634";"Cabeças";"2574867";"Cabeças";"2478624";"Cabeças";"2521417";"Cabeças";"2589343";"Cabeças";"2940892";"Cabeças";"2590611";"Cabeças";"2572211";"Cabeças";"2662359";"Cabeças";"2520469";"Cabeças";"2733039";"Cabeças";"2473460";"Cabeças";"2478287";"Cabeças";"2858417";"Cabeças";"2585513";"Cabeças";"2730925";"Cabeças";"2755943";"Cabeças";"2826396";"Cabeças";"2769004";"Cabeças";"2713582";"Cabeças";"2664805";"Cabeças";"2689032";"Cabeças";"2965205";"Cabeças";"2660648";"Cabeças";"2555617";"Cabeças";"2965128";"Cabeças";"2662214";"Cabeças";"3020582";"Cabeças";"2932361";"Cabeças";"2961132";"Cabeças";"3127175";"Cabeças";"2977441";"Cabeças";"2925096";"Cabeças";"2942641";"Cabeças";"3143119";"Cabeças";"2914219";"Cabeças";"2779749";"Cabeças";"3070617";"Cabeças";"2783127";"Cabeças";"3111206";"Cabeças";"2947883";"Cabeças";"3186782";"Cabeças";"3263973";"Cabeças";"2836763";"Cabeças";"3201753";"Cabeças";"3003859";"Cabeças";"2905866";"Cabeças";"3117788";"Cabeças";"2794669";"Cabeças";"2900040";"Cabeças";"3127981";"Cabeças";"3075159";"Cabeças";"2897304";"Cabeças";"3230698";"Cabeças";"3162417";"Cabeças";"2966705";"Cabeças";"3180153";"Cabeças";"2881783";"Cabeças";"2951401";"Cabeças";"3018032";"Cabeças";"2826980";"Cabeças";"2959386";"Cabeças";"3005361";"Cabeças";"3182055";"Cabeças";"2988563";"Cabeças";"3360410";"Cabeças";"3070314";"Cabeças";"3219858";"Cabeças";"3335557";"Cabeças";"2972984";"Cabeças";"3190594";"Cabeças";"3046946";"Cabeças";"2757127";"Cabeças";"3373790";"Cabeças";"3165490";"Cabeças";"3210663";"Cabeças";"3308693";"Cabeças";"3556373";"Cabeças";"3324845";"Cabeças";"3303303";"Cabeças";"3415407";"Cabeças";"3279080";"Cabeças";"3522247";"Cabeças";"3241918";"Cabeças";"3348295";"Cabeças";"3604578";"Cabeças";"3417804";"Cabeças";"3545009";"Cabeças";"3628465";"Cabeças";"3471254";"Cabeças";"3716041";"Cabeças";"3534044";"Cabeças";"3509609";"Cabeças";"3514287";"Cabeças";"3788487";"Cabeças";"3529416";"Cabeças";"3222589";"Cabeças";"3727694";"Cabeças";"3140624";"Cabeças";"3824748";"Cabeças";"3651364";"Cabeças";"3667100";"Cabeças";"3870486";"Cabeças";"3498020";"Cabeças";"3758229";"Cabeças";"3644096";"Cabeças";"3651019";"Cabeças";"3686284";"Cabeças";"3330841";"Cabeças";"3708347";"Cabeças";"3673832";"Cabeças";"3098349";"Cabeças";"4062335";"Cabeças";"4008280";"Cabeças";"4091404";"Cabeças";"3487181";"Cabeças";"3922085";"Cabeças";"3663749";"Cabeças";"3604518";"Cabeças";"3896569";"Cabeças";"3658904";"Cabeças";"3743148";"Cabeças";"3815904";"Cabeças";"4008137";"Cabeças";"3571970";"Cabeças";"4050501";"Cabeças";"3959551";"Cabeças";"3740111";"Cabeças";"4135775";"Cabeças";"3840942";"Cabeças";"3934847";"Cabeças";"4027880";"Cabeças";"3787626";"Cabeças";"4130771";"Cabeças";"3913570";"Cabeças";"4060585";"Cabeças";"4142365";"Cabeças";"4456637";"Cabeças";"4162253";"Cabeças";"4116931";"Cabeças";"4237648";"Cabeças";"4013246";"Cabeças";"4306695";"Cabeças";"4065953";"Cabeças";"4049563";"Cabeças";"4605964";"Cabeças";"4211931";"Cabeças";"4441623";"Cabeças";"4473524";"Cabeças";"4685680";"Cabeças";"4619086";"Cabeças";"4455343";"Cabeças";"4374463";"Cabeças";"4394657";"Cabeças";"4667758";"Cabeças";"4397491";"Cabeças";"4341107";"Cabeças";"4977241";"Cabeças";"4437617";"Cabeças";"4928211";"Cabeças";"4858869";"Cabeças";"4771264";"Cabeças";"5031761";"Cabeças";"4732401";"Cabeças";"4551263";"Cabeças";"4570568";"Cabeças";"4867711";"Cabeças";"4730557";"Cabeças";"4384550";"Cabeças";"5060714";"Cabeças";"4285568";"Cabeças";"5020599";"Cabeças";"4902486";"Cabeças";"4844208";"Cabeças";"5150189";"Cabeças";"4645746";"Cabeças";"4775132";"Cabeças";"4652739";"Cabeças";"4720459";"Cabeças";"4832542";"Cabeças";"4680328";"Cabeças";"4581312";"Cabeças";"4969652";"Cabeças";"4916920";"Cabeças";"4739559";"Cabeças";"5235093";"Cabeças";"5069210";"Cabeças";"4709597";"Cabeças";"5105320";"Cabeças";"4639093";"Cabeças";"4700083";"Cabeças";"4928680";"Cabeças";"4660349";"Cabeças";"4888190";"Cabeças";"4938081";"Cabeças";"5178955";"Cabeças";"4977454";"Cabeças";"5527866";"Cabeças";"5125925";"Cabeças";"5181305";"Cabeças";"5387973";"Cabeças";"4846639";"Cabeças";"5056311";"Cabeças";"5070102";"Cabeças";"4871812";"Cabeças";"5360722";"Cabeças";"5090447";"Cabeças";"5202713";"Cabeças";"5403915";"Cabeças"
"Fonte: IBGE - Pesquisa Trimestral do Abate de Animais"

"Tabela 1093 - Número de informantes, Quantidade e Peso total das carcaças dos suínos abatidos, no mês e no trimestre, por tipo de inspeção"
"Variável - Peso total das carcaças"
"";"Tipo de inspeção";"Trimestre x Referência temporal"
"";"Tipo de inspeção";"1º trimestre 1997";;;;;;"2º trimestre 1997";;;;;;"3º trimestre 1997";;;;;;"4º trimestre 1997";;;;;;"1º trimestre 1998";;;;;;"2º trimestre 1998";;;;;;"3º trimestre 1998";;;;;;"4º trimestre 1998";;;;;;"1º trimestre 1999";;;;;;"2º trimestre 1999";;;;;;"3º trimestre 1999";;;;;;"4º trimestre 1999";;;;;;"1º trimestre 2000";;;;;;"2º trimestre 2000";;;;;;"3º trimestre 2000";;;;;;"4º trimestre 2000";;;;;;"1º trimestre 2001";;;;;;"2º trimestre 2001";;;;;;"3º trimestre 2001";;;;;;"4º trimestre 2001";;;;;;"1º trimestre 2002";;;;;;"2º trimestre 2002";;;;;;"3º trimestre 2002";;;;;;"4º trimestre 2002";;;;;;"1º trimestre 2003";;;;;;"2º trimestre 2003";;;;;;"3º trimestre 2003";;;;;;"4º trimestre 2003";;;;;;"1º trimestre 2004";;;;;;"2º trimestre 2004";;;;;;"3º trimestre 2004";;;;;;"4º trimestre 2004";;;;;;"1º trimestre 2005";;;;;;"2º trimestre 2005";;;;;;"3º trimestre 2005";;;;;;"4º trimestre 2005";;;;;;"1º trimestre 2006";;;;;;"2º trimestre 2006";;;;;;"3º trimestre 2006";;;;;;"4º trimestre 2006";;;;;;"1º trimestre 2007";;;;;;"2º trimestre 2007";;;;;;"3º trimestre 2007";;;;;;"4º trimestre 2007";;;;;;"1º trimestre 2008";;;;;;"2º trimestre 2008";;;;;;"3º trimestre 2008";;;;;;"4º trimestre 2008";;;;;;"1º trimestre 2009";;;;;;"2º trimestre 2009";;;;;;"3º trimestre 2009";;;;;;"4º trimestre 2009";;;;;;"1º trimestre 2010";;;;;;"2º trimestre 2010";;;;;;"3º trimestre 2010";;;;;;"4º trimestre 2010";;;;;;"1º trimestre 2011";;;;;;"2º trimestre 2011";;;;;;"3º trimestre 2011";;;;;;"4º trimestre 2011";;;;;;"1º trimestre 2012";;;;;;"2º trimestre 2012";;;;;;"3º trimestre 2012";;;;;;"4º trimestre 2012";;;;;;"1º trimestre 2013";;;;;;"2º trimestre 2013";;;;;;"3º trimestre 2013";;;;;;"4º trimestre 2013";;;;;;"1º trimestre 2014";;;;;;"2º trimestre 2014";;;;;;"3º trimestre 2014";;;;;;"4º trimestre 2014";;;;;;"1º trimestre 2015";;;;;;"2º trimestre 2015";;;;;;"3º trimestre 2015";;;;;;"4º trimestre 2015";;;;;;"1º trimestre 2016";;;;;;"2º trimestre 2016";;;;;;"3º trimestre 2016";;;;;;"4º trimestre 2016";;;;;;"1º trimestre 2017";;;;;;"2º trimestre 2017";;;;;;"3º trimestre 2017";;;;;;"4º trimestre 2017";;;;;;"1º trimestre 2018";;;;;;"2º trimestre 2018";;;;;;"3º trimestre 2018";;;;;;"4º trimestre 2018";;;;;;"1º trimestre 2019";;;;;;"2º trimestre 2019";;;;;;"3º trimestre 2019";;;;;;"4º trimestre 2019";;;;;;"1º trimestre 2020";;;;;;"2º trimestre 2020";;;;;;"3º trimestre 2020";;;;;;"4º trimestre 2020";;;;;;"1º trimestre 2021";;;;;;"2º trimestre 2021";;;;;;"3º trimestre 2021";;;;;;"4º trimestre 2021";;;;;;"1º trimestre 2022";;;;;;"2º trimestre 2022";;;;;;"3º trimestre 2022";;;;;;"4º trimestre 2022";;;;;;"1º trimestre 2023";;;;;;"2º trimestre 2023";;;;;;"3º trimestre 2023";;;;;;"4º trimestre 2023";;;;;;"1º trimestre 2024";;;;;;"2º trimestre 2024";;;;;;"3º trimestre 2024";;;;;;"4º trimestre 2024";;;;;;"1º trimestre 2025";;;;;;"2º trimestre 2025";;;;;;"3º trimestre 2025";;;;;;"4º trimestre 2025";;;;;;"1º trimestre 2026";;;;;;"2º trimestre 2026"
"";"Tipo de inspeção";"No 1º mês";;"No 2º mês";;"No 3º mês";;"No 1º mês";;"No 2º mês";;"No 3º mês";;"No 1º mês";;"No 2º mês";;"No 3º mês";;"No 1º mês";;"No 2º mês";;"No 3º mês";;"No 1º mês";;"No 2º mês";;"No 3º mês";;"No 1º mês";;"No 2º mês";;"No 3º mês";;"No 1º mês";;"No 2º mês";;"No 3º mês";;"No 1º mês";;"No 2º mês";;"No 3º mês";;"No 1º mês";;"No 2º mês";;"No 3º mês";;"No 1º mês";;"No 2º mês";;"No 3º mês";;"No 1º mês";;"No 2º mês";;"No 3º mês";;"No 1º mês";;"No 2º mês";;"No 3º mês";;"No 1º mês";;"No 2º mês";;"No 3º mês";;"No 1º mês";;"No 2º mês";;"No 3º mês";;"No 1º mês";;"No 2º mês";;"No 3º mês";;"No 1º mês";;"No 2º mês";;"No 3º mês";;"No 1º mês";;"No 2º mês";;"No 3º mês";;"No 1º mês";;"No 2º mês";;"No 3º mês";;"No 1º mês";;"No 2º mês";;"No 3º mês";;"No 1º mês";;"No 2º mês";;"No 3º mês";;"No 1º mês";;"No 2º mês";;"No 3º mês";;"No 1º mês";;"No 2º mês";;"No 3º mês";;"No 1º mês";;"No 2º mês";;"No 3º mês";;"No 1º mês";;"No 2º mês";;"No 3º mês";;"No 1º mês";;"No 2º mês";;"No 3º mês";;"No 1º mês";;"No 2º mês";;"No 3º mês";;"No 1º mês";;"No 2º mês";;"No 3º mês";;"No 1º mês";;"No 2º mês";;"No 3º mês";;"No 1º mês";;"No 2º mês";;"No 3º mês";;"No 1º mês";;"No 2º mês";;"No 3º mês";;"No 1º mês";;"No 2º mês";;"No 3º mês";;"No 1º mês";;"No 2º mês";;"No 3º mês";;"No 1º mês";;"No 2º mês";;"No 3º mês";;"No 1º mês";;"No 2º mês";;"No 3º mês";;"No 1º mês";;"No 2º mês";;"No 3º mês";;"No 1º mês";;"No 2º mês";;"No 3º mês";;"No 1º mês";;"No 2º mês";;"No 3º mês";;"No 1º mês";;"No 2º mês";;"No 3º mês";;"No 1º mês";;"No 2º mês";;"No 3º mês";;"No 1º mês";;"No 2º mês";;"No 3º mês";;"No 1º mês";;"No 2º mês";;"No 3º mês";;"No 1º mês";;"No 2º mês";;"No 3º mês";;"No 1º mês";;"No 2º mês";;"No 3º mês";;"No 1º mês";;"No 2º mês";;"No 3º mês";;"No 1º mês";;"No 2º mês";;"No 3º mês";;"No 1º mês";;"No 2º mês";;"No 3º mês";;"No 1º mês";;"No 2º mês";;"No 3º mês";;"No 1º mês";;"No 2º mês";;"No 3º mês";;"No 1º mês";;"No 2º mês";;"No 3º mês";;"No 1º mês";;"No 2º mês";;"No 3º mês";;"No 1º mês";;"No 2º mês";;"No 3º mês";;"No 1º mês";;"No 2º mês";;"No 3º mês";;"No 1º mês";;"No 2º mês";;"No 3º mês";;"No 1º mês";;"No 2º mês";;"No 3º mês";;"No 1º mês";;"No 2º mês";;"No 3º mês";;"No 1º mês";;"No 2º mês";;"No 3º mês";;"No 1º mês";;"No 2º mês";;"No 3º mês";;"No 1º mês";;"No 2º mês";;"No 3º mês";;"No 1º mês";;"No 2º mês";;"No 3º mês";;"No 1º mês";;"No 2º mês";;"No 3º mês";;"No 1º mês";;"No 2º mês";;"No 3º mês";;"No 1º mês";;"No 2º mês";;"No 3º mês";;"No 1º mês";;"No 2º mês";;"No 3º mês";;"No 1º mês";;"No 2º mês";;"No 3º mês";;"No 1º mês";;"No 2º mês";;"No 3º mês";;"No 1º mês";;"No 2º mês";;"No 3º mês";;"No 1º mês";;"No 2º mês";;"No 3º mês";;"No 1º mês";;"No 2º mês";;"No 3º mês";;"No 1º mês";;"No 2º mês";;"No 3º mês";;"No 1º mês";;"No 2º mês";;"No 3º mês";;"No 1º mês";;"No 2º mês";;"No 3º mês";;"No 1º mês";;"No 2º mês";;"No 3º mês";;"No 1º mês";;"No 2º mês";;"No 3º mês";;"No 1º mês";;"No 2º mês";;"No 3º mês";;"No 1º mês";;"No 2º mês";;"No 3º mês";;"No 1º mês";;"No 2º mês";;"No 3º mês";;"No 1º mês";;"No 2º mês";;"No 3º mês";;"No 1º mês";;"No 2º mês";;"No 3º mês";;"No 1º mês";;"No 2º mês";;"No 3º mês";;"No 1º mês";;"No 2º mês";;"No 3º mês";;"No 1º mês";;"No 2º mês";;"No 3º mês";;"No 1º mês";;"No 2º mês";;"No 3º mês";;"No 1º mês";;"No 2º mês";;"No 3º mês";;"No 1º mês";;"No 2º mês";;"No 3º mês";;"No 1º mês";;"No 2º mês";;"No 3º mês";;"No 1º mês";;"No 2º mês";;"No 3º mês";;"No 1º mês";;"No 2º mês";;"No 3º mês";;"No 1º mês";;"No 2º mês";;"No 3º mês";;"No 1º mês";;"No 2º mês";;"No 3º mês";;"No 1º mês";;"No 2º mês";;"No 3º mês";;"No 1º mês";;"No 2º mês";;"No 3º mês";;"No 1º mês";;"No 2º mês";;"No 3º mês";;"No 1º mês";;"No 2º mês";;"No 3º mês";;"No 1º mês";;"No 2º mês";;"No 3º mês";;"No 1º mês";;"No 2º mês";;"No 3º mês";;"No 1º mês";;"No 2º mês";;"No 3º mês";;"No 1º mês";;"No 2º mês";;"No 3º mês";;"No 1º mês";;"No 2º mês";;"No 3º mês";;"No 1º mês";;"No 2º mês";;"No 3º mês";;"No 1º mês";;"No 2º mês";;"No 3º mês";;"No 1º mês";;"No 2º mês";;"No 3º mês";;"No 1º mês";;"No 2º mês";;"No 3º mês";;"No 1º mês";;"No 2º mês";;"No 3º mês";;"No 1º mês";;"No 2º mês";;"No 3º mês";;"No 1º mês";;"No 2º mês";;"No 3º mês";;"No 1º mês";;"No 2º mês";;"No 3º mês";;"No 1º mês";;"No 2º mês";;"No 3º mês";;"No 1º mês";;"No 2º mês";;"No 3º mês";;"No 1º mês";;"No 2º mês";;"No 3º mês";;"No 1º mês";;"No 2º mês";;"No 3º mês";;"No 1º mês";;"No 2º mês";;"No 3º mês";;"No 1º mês";;"No 2º mês";;"No 3º mês";;"No 1º mês";;"No 2º mês";;"No 3º mês";;"No 1º mês";;"No 2º mês";;"No 3º mês";;"No 1º mês";;"No 2º mês";;"No 3º mês";;"No 1º mês";;"No 2º mês";;"No 3º mês";;"No 1º mês";;"No 2º mês";;"No 3º mês";;"No 1º mês";;"No 2º mês";;"No 3º mês"
"Brasil";"Total";"85022243";"Quilogramas";"73878315";"Quilogramas";"76779090";"Quilogramas";"83318676";"Quilogramas";"81826530";"Quilogramas";"87324040";"Quilogramas";"88591198";"Quilogramas";"81350664";"Quilogramas";"87230605";"Quilogramas";"92078290";"Quilogramas";"83225021";"Quilogramas";"89734189";"Quilogramas";"89963981";"Quilogramas";"83147228";"Quilogramas";"93390821";"Quilogramas";"88000814";"Quilogramas";"94550724";"Quilogramas";"96593674";"Quilogramas";"101122301";"Quilogramas";"93754331";"Quilogramas";"95380194";"Quilogramas";"97077902";"Quilogramas";"93452009";"Quilogramas";"92704531";"Quilogramas";"94574217";"Quilogramas";"88773684";"Quilogramas";"103684186";"Quilogramas";"95810775";"Quilogramas";"106410853";"Quilogramas";"106252973";"Quilogramas";"100633868";"Quilogramas";"113279414";"Quilogramas";"105990780";"Quilogramas";"104040592";"Quilogramas";"105134088";"Quilogramas";"112877111";"Quilogramas";"97505789";"Quilogramas";"100378171";"Quilogramas";"110629233";"Quilogramas";"99288437";"Quilogramas";"119553071";"Quilogramas";"114999394";"Quilogramas";"118554010";"Quilogramas";"121853557";"Quilogramas";"112602966";"Quilogramas";"117652894";"Quilogramas";"116673371";"Quilogramas";"114682136";"Quilogramas";"120608064";"Quilogramas";"110502053";"Quilogramas";"127196333";"Quilogramas";"124340939";"Quilogramas";"140191751";"Quilogramas";"128432470";"Quilogramas";"137715326";"Quilogramas";"143286841";"Quilogramas";"130156901";"Quilogramas";"150195692";"Quilogramas";"138361014";"Quilogramas";"134233881";"Quilogramas";"145912501";"Quilogramas";"135166622";"Quilogramas";"140286282";"Quilogramas";"157419582";"Quilogramas";"157005228";"Quilogramas";"153337183";"Quilogramas";"172168692";"Quilogramas";"171155228";"Quilogramas";"163713680";"Quilogramas";"170987313";"Quilogramas";"158513443";"Quilogramas";"152797638";"Quilogramas";"161860411";"Quilogramas";"153395105";"Quilogramas";"152631705";"Quilogramas";"153049881";"Quilogramas";"161972843";"Quilogramas";"160111085";"Quilogramas";"173686366";"Quilogramas";"157194193";"Quilogramas";"155693109";"Quilogramas";"180820367";"Quilogramas";"153711219";"Quilogramas";"153367066";"Quilogramas";"151213258";"Quilogramas";"143509825";"Quilogramas";"163208079";"Quilogramas";"151101894";"Quilogramas";"159729929";"Quilogramas";"156928065";"Quilogramas";"163358339";"Quilogramas";"159356591";"Quilogramas";"154823999";"Quilogramas";"150343731";"Quilogramas";"153383996";"Quilogramas";"160729291";"Quilogramas";"157235605";"Quilogramas";"154953552";"Quilogramas";"174042397";"Quilogramas";"170916074";"Quilogramas";"184789921";"Quilogramas";"189750070";"Quilogramas";"188469713";"Quilogramas";"195715952";"Quilogramas";"190421060";"Quilogramas";"186436458";"Quilogramas";"182671460";"Quilogramas";"181115343";"Quilogramas";"177159623";"Quilogramas";"165823537";"Quilogramas";"186949660";"Quilogramas";"158204547";"Quilogramas";"202806338";"Quilogramas";"195995918";"Quilogramas";"209348688";"Quilogramas";"210007457";"Quilogramas";"193816898";"Quilogramas";"205241345";"Quilogramas";"197458469";"Quilogramas";"195429446";"Quilogramas";"206670117";"Quilogramas";"186960652";"Quilogramas";"210751882";"Quilogramas";"192696049";"Quilogramas";"219637973";"Quilogramas";"207649732";"Quilogramas";"215463744";"Quilogramas";"222316898";"Quilogramas";"197549203";"Quilogramas";"220514358";"Quilogramas";"209777137";"Quilogramas";"189963429";"Quilogramas";"209883717";"Quilogramas";"199113336";"Quilogramas";"204562482";"Quilogramas";"220452733";"Quilogramas";"218812906";"Quilogramas";"224164986";"Quilogramas";"232536204";"Quilogramas";"216762433";"Quilogramas";"221563050";"Quilogramas";"237151399";"Quilogramas";"218294480";"Quilogramas";"232249990";"Quilogramas";"229223532";"Quilogramas";"222296084";"Quilogramas";"245694317";"Quilogramas";"237108471";"Quilogramas";"245272733";"Quilogramas";"248942654";"Quilogramas";"281974662";"Quilogramas";"248409249";"Quilogramas";"240082194";"Quilogramas";"250660437";"Quilogramas";"234796923";"Quilogramas";"245560777";"Quilogramas";"228336859";"Quilogramas";"229702442";"Quilogramas";"267014215";"Quilogramas";"245273563";"Quilogramas";"260704575";"Quilogramas";"261809232";"Quilogramas";"270589052";"Quilogramas";"266216476";"Quilogramas";"262327796";"Quilogramas";"250965853";"Quilogramas";"257940214";"Quilogramas";"277533814";"Quilogramas";"257473253";"Quilogramas";"247516314";"Quilogramas";"289790251";"Quilogramas";"255344921";"Quilogramas";"292377727";"Quilogramas";"276782948";"Quilogramas";"285000197";"Quilogramas";"302816035";"Quilogramas";"288974383";"Quilogramas";"286601909";"Quilogramas";"286710005";"Quilogramas";"300227864";"Quilogramas";"252946772";"Quilogramas";"235527078";"Quilogramas";"263035049";"Quilogramas";"247309961";"Quilogramas";"279561036";"Quilogramas";"264546629";"Quilogramas";"281619516";"Quilogramas";"288142726";"Quilogramas";"247382750";"Quilogramas";"282239158";"Quilogramas";"261436841";"Quilogramas";"245978465";"Quilogramas";"264715749";"Quilogramas";"237994932";"Quilogramas";"248730722";"Quilogramas";"272385818";"Quilogramas";"268996505";"Quilogramas";"256244736";"Quilogramas";"283292136";"Quilogramas";"273723768";"Quilogramas";"253757410";"Quilogramas";"269768289";"Quilogramas";"243646176";"Quilogramas";"243830964";"Quilogramas";"259052847";"Quilogramas";"242328598";"Quilogramas";"255701666";"Quilogramas";"260462837";"Quilogramas";"279131533";"Quilogramas";"259629608";"Quilogramas";"290984845";"Quilogramas";"266384705";"Quilogramas";"276497363";"Quilogramas";"285856829";"Quilogramas";"251855985";"Quilogramas";"265031494";"Quilogramas";"262795131";"Quilogramas";"236844423";"Quilogramas";"295204904";"Quilogramas";"279545546";"Quilogramas";"286734249";"Quilogramas";"294446342";"Quilogramas";"314123620";"Quilogramas";"292620588";"Quilogramas";"290411872";"Quilogramas";"296892253";"Quilogramas";"283052690";"Quilogramas";"298062369";"Quilogramas";"283449939";"Quilogramas";"292221438";"Quilogramas";"314973584";"Quilogramas";"300509821";"Quilogramas";"311720144";"Quilogramas";"320766215";"Quilogramas";"307965578";"Quilogramas";"328321686";"Quilogramas";"312875685";"Quilogramas";"309003929";"Quilogramas";"305844572";"Quilogramas";"323582762";"Quilogramas";"302268998";"Quilogramas";"275751878";"Quilogramas";"322299393";"Quilogramas";"277363606";"Quilogramas";"345168098";"Quilogramas";"328481212";"Quilogramas";"328848009";"Quilogramas";"346630227";"Quilogramas";"312344138";"Quilogramas";"336804834";"Quilogramas";"326832842";"Quilogramas";"321889124";"Quilogramas";"328428657";"Quilogramas";"295882233";"Quilogramas";"330784770";"Quilogramas";"329607699";"Quilogramas";"277543211";"Quilogramas";"368065534";"Quilogramas";"363002599";"Quilogramas";"366756205";"Quilogramas";"309908054";"Quilogramas";"346925917";"Quilogramas";"321482234";"Quilogramas";"312371461";"Quilogramas";"342795769";"Quilogramas";"319225267";"Quilogramas";"328418593";"Quilogramas";"337605867";"Quilogramas";"359213586";"Quilogramas";"320648499";"Quilogramas";"365331008";"Quilogramas";"356362310";"Quilogramas";"335849674";"Quilogramas";"371471792";"Quilogramas";"342764308";"Quilogramas";"346040938";"Quilogramas";"360551334";"Quilogramas";"339358889";"Quilogramas";"372463186";"Quilogramas";"356453748";"Quilogramas";"374509278";"Quilogramas";"379935158";"Quilogramas";"412223143";"Quilogramas";"383380533";"Quilogramas";"377043871";"Quilogramas";"383285139";"Quilogramas";"360777387";"Quilogramas";"382065869";"Quilogramas";"371707210";"Quilogramas";"369979602";"Quilogramas";"424026605";"Quilogramas";"391381438";"Quilogramas";"416327012";"Quilogramas";"418984271";"Quilogramas";"438011441";"Quilogramas";"428968982";"Quilogramas";"411221576";"Quilogramas";"402690475";"Quilogramas";"403960871";"Quilogramas";"421707639";"Quilogramas";"401199015";"Quilogramas";"395196598";"Quilogramas";"455495133";"Quilogramas";"409503224";"Quilogramas";"456749470";"Quilogramas";"451247698";"Quilogramas";"443626817";"Quilogramas";"462867313";"Quilogramas";"433816290";"Quilogramas";"418756151";"Quilogramas";"420285927";"Quilogramas";"437559231";"Quilogramas";"429380594";"Quilogramas";"398544345";"Quilogramas";"464325515";"Quilogramas";"396824032";"Quilogramas";"471316937";"Quilogramas";"462495956";"Quilogramas";"456801471";"Quilogramas";"484498572";"Quilogramas";"434614236";"Quilogramas";"442725606";"Quilogramas";"430056895";"Quilogramas";"426982072";"Quilogramas";"444276507";"Quilogramas";"429210280";"Quilogramas";"418928769";"Quilogramas";"451103714";"Quilogramas";"449290101";"Quilogramas";"436690903";"Quilogramas";"491272626";"Quilogramas";"474309280";"Quilogramas";"437415993";"Quilogramas";"471031426";"Quilogramas";"427042840";"Quilogramas";"428324759";"Quilogramas";"455183503";"Quilogramas";"429184837";"Quilogramas";"448744107";"Quilogramas";"457980487";"Quilogramas";"490802196";"Quilogramas";"472885808";"Quilogramas";"524833173";"Quilogramas";"481383734";"Quilogramas";"483907138";"Quilogramas";"503686696";"Quilogramas";"448035876";"Quilogramas";"459773516";"Quilogramas";"473190077";"Quilogramas";"453404524";"Quilogramas";"501247502";"Quilogramas";"482379061";"Quilogramas";"499228113";"Quilogramas";"521143482";"Quilogramas"
"Fonte: IBGE - Pesquisa Trimestral do Abate de Animais"

"Notas"
"1 - Os dados divulgados são oriundos de estabelecimentos que estão sob inspeção sanitária federal, estadual ou municipal."
"2 - Os dados das Unidades da Federação com menos de 3 informantes estão desidentificados com o caracter X. "
"3 - Suínos - suínos machos ou fêmas de qualquer idade, independente da finalidade."
"4 - Peso da Carcaça - peso da carcaça quente (em Kg), entendendo-se como carcaça: o animal abatido, formado das massas musculares e ossos, desprovido de cabeça, mocotós, cauda, couro, órgãos e vísceras torácicas e abdominais, tecnicamente preparado. Nos frangos, é facultativa a retirada dos rins, pés, pescoço e cabeça. Nos suínos a carcaça pode ou não incluir o couro, a cabeça e os pés."
"5 - Os dados sobre peso das carcaças de suínos, referentes a 2012 e 2013, foram revisados e não devem ser comparados com os da série histórica compreendida até 2011. Está sendo averiguada a ocorrência de equivoco de registro de peso dos suínos vivos em lugar de peso das carcaças, em anos anteriores. "
"6 - Os dados dos 4 trimestres do ano são preliminares até a divulgação dos dados do 1° trimestre do ano seguinte."
""
"Legenda"
"Símbolo";"Significado"
"-";"Zero absoluto, não resultante de um cálculo ou arredondamento.
Ex: Em determinado município não existem pessoas de 14 anos de idade sem instrução."
"0";"Zero resultante de um cálculo ou arredondamento.
Ex: A inflação do feijão em determinada Região Metropolitana foi 0.
Determinado município produziu 400 kg de sementes de girassol e os dados da tabela são expressos em toneladas."
"X";"Valor inibido para não identificar o informante.
Ex: Determinado município só possui uma empresa produtora de cimento, logo o valor de sua produção deve ser inibido."
"..";"Valor não se aplica.
Ex: Não se pode obter o total da produção agrícola em determinado município quando os produtos agrícolas são contabilizados com unidades de medida distintas."
"...";"Valor não disponível.
Ex: A produção de feijão em determinado município não foi pesquisada ou determinado município não existia no ano da pesquisa."
"A a Z
(exceto X)";"Significa uma faixa de valores. Varia em função da tabela (se for o caso).
Ex: O nível de precisão da produção estimada de combustíveis está na faixa A (95 a 100%)"
