"Tabela 1086 - Número de informantes e Quantidade de leite cru, resfriado ou não, adquirido e industrializado, e preço médio, no mês e no trimestre, por tipo de inspeção"
"Variável - Quantidade de leite cru, resfriado ou não, adquirido"
"";"Tipo de inspeção";"Trimestre x Referência temporal"
"";"Tipo de inspeção";"1º trimestre 1997";;;;;;"2º trimestre 1997";;;;;;"3º trimestre 1997";;;;;;"4º trimestre 1997";;;;;;"1º trimestre 1998";;;;;;"2º trimestre 1998";;;;;;"3º trimestre 1998";;;;;;"4º trimestre 1998";;;;;;"1º trimestre 1999";;;;;;"2º trimestre 1999";;;;;;"3º trimestre 1999";;;;;;"4º trimestre 1999";;;;;;"1º trimestre 2000";;;;;;"2º trimestre 2000";;;;;;"3º trimestre 2000";;;;;;"4º trimestre 2000";;;;;;"1º trimestre 2001";;;;;;"2º trimestre 2001";;;;;;"3º trimestre 2001";;;;;;"4º trimestre 2001";;;;;;"1º trimestre 2002";;;;;;"2º trimestre 2002";;;;;;"3º trimestre 2002";;;;;;"4º trimestre 2002";;;;;;"1º trimestre 2003";;;;;;"2º trimestre 2003";;;;;;"3º trimestre 2003";;;;;;"4º trimestre 2003";;;;;;"1º trimestre 2004";;;;;;"2º trimestre 2004";;;;;;"3º trimestre 2004";;;;;;"4º trimestre 2004";;;;;;"1º trimestre 2005";;;;;;"2º trimestre 2005";;;;;;"3º trimestre 2005";;;;;;"4º trimestre 2005";;;;;;"1º trimestre 2006";;;;;;"2º trimestre 2006";;;;;;"3º trimestre 2006";;;;;;"4º trimestre 2006";;;;;;"1º trimestre 2007";;;;;;"2º trimestre 2007";;;;;;"3º trimestre 2007";;;;;;"4º trimestre 2007";;;;;;"1º trimestre 2008";;;;;;"2º trimestre 2008";;;;;;"3º trimestre 2008";;;;;;"4º trimestre 2008";;;;;;"1º trimestre 2009";;;;;;"2º trimestre 2009";;;;;;"3º trimestre 2009";;;;;;"4º trimestre 2009";;;;;;"1º trimestre 2010";;;;;;"2º trimestre 2010";;;;;;"3º trimestre 2010";;;;;;"4º trimestre 2010";;;;;;"1º trimestre 2011";;;;;;"2º trimestre 2011";;;;;;"3º trimestre 2011";;;;;;"4º trimestre 2011";;;;;;"1º trimestre 2012";;;;;;"2º trimestre 2012";;;;;;"3º trimestre 2012";;;;;;"4º trimestre 2012";;;;;;"1º trimestre 2013";;;;;;"2º trimestre 2013";;;;;;"3º trimestre 2013";;;;;;"4º trimestre 2013";;;;;;"1º trimestre 2014";;;;;;"2º trimestre 2014";;;;;;"3º trimestre 2014";;;;;;"4º trimestre 2014";;;;;;"1º trimestre 2015";;;;;;"2º trimestre 2015";;;;;;"3º trimestre 2015";;;;;;"4º trimestre 2015";;;;;;"1º trimestre 2016";;;;;;"2º trimestre 2016";;;;;;"3º trimestre 2016";;;;;;"4º trimestre 2016";;;;;;"1º trimestre 2017";;;;;;"2º trimestre 2017";;;;;;"3º trimestre 2017";;;;;;"4º trimestre 2017";;;;;;"1º trimestre 2018";;;;;;"2º trimestre 2018";;;;;;"3º trimestre 2018";;;;;;"4º trimestre 2018";;;;;;"1º trimestre 2019";;;;;;"2º trimestre 2019";;;;;;"3º trimestre 2019";;;;;;"4º trimestre 2019";;;;;;"1º trimestre 2020";;;;;;"2º trimestre 2020";;;;;;"3º trimestre 2020";;;;;;"4º trimestre 2020";;;;;;"1º trimestre 2021";;;;;;"2º trimestre 2021";;;;;;"3º trimestre 2021";;;;;;"4º trimestre 2021";;;;;;"1º trimestre 2022";;;;;;"2º trimestre 2022";;;;;;"3º trimestre 2022";;;;;;"4º trimestre 2022";;;;;;"1º trimestre 2023";;;;;;"2º trimestre 2023";;;;;;"3º trimestre 2023";;;;;;"4º trimestre 2023";;;;;;"1º trimestre 2024";;;;;;"2º trimestre 2024";;;;;;"3º trimestre 2024";;;;;;"4º trimestre 2024";;;;;;"1º trimestre 2025";;;;;;"2º trimestre 2025";;;;;;"3º trimestre 2025";;;;;;"4º trimestre 2025";;;;;;"1º trimestre 2026";;;;;;"2º trimestre 2026"
"";"Tipo de inspeção";"No 1º mês";;"No 2º mês";;"No 3º mês";;"No 1º mês";;"No 2º mês";;"No 3º mês";;"No 1º mês";;"No 2º mês";;"No 3º mês";;"No 1º mês";;"No 2º mês";;"No 3º mês";;"No 1º mês";;"No 2º mês";;"No 3º mês";;"No 1º mês";;"No 2º mês";;"No 3º mês";;"No 1º mês";;"No 2º mês";;"No 3º mês";;"No 1º mês";;"No 2º mês";;"No 3º mês";;"No 1º mês";;"No 2º mês";;"No 3º mês";;"No 1º mês";;"No 2º mês";;"No 3º mês";;"No 1º mês";;"No 2º mês";;"No 3º mês";;"No 1º mês";;"No 2º mês";;"No 3º mês";;"No 1º mês";;"No 2º mês";;"No 3º mês";;"No 1º mês";;"No 2º mês";;"No 3º mês";;"No 1º mês";;"No 2º mês";;"No 3º mês";;"No 1º mês";;"No 2º mês";;"No 3º mês";;"No 1º mês";;"No 2º mês";;"No 3º mês";;"No 1º mês";;"No 2º mês";;"No 3º mês";;"No 1º mês";;"No 2º mês";;"No 3º mês";;"No 1º mês";;"No 2º mês";;"No 3º mês";;"No 1º mês";;"No 2º mês";;"No 3º mês";;"No 1º mês";;"No 2º mês";;"No 3º mês";;"No 1º mês";;"No 2º mês";;"No 3º mês";;"No 1º mês";;"No 2º mês";;"No 3º mês";;"No 1º mês";;"No 2º mês";;"No 3º mês";;"No 1º mês";;"No 2º mês";;"No 3º mês";;"No 1º mês";;"No 2º mês";;"No 3º mês";;"No 1º mês";;"No 2º mês";;"No 3º mês";;"No 1º mês";;"No 2º mês";;"No 3º mês";;"No 1º mês";;"No 2º mês";;"No 3º mês";;"No 1º mês";;"No 2º mês";;"No 3º mês";;"No 1º mês";;"No 2º mês";;"No 3º mês";;"No 1º mês";;"No 2º mês";;"No 3º mês";;"No 1º mês";;"No 2º mês";;"No 3º mês";;"No 1º mês";;"No 2º mês";;"No 3º mês";;"No 1º mês";;"No 2º mês";;"No 3º mês";;"No 1º mês";;"No 2º mês";;"No 3º mês";;"No 1º mês";;"No 2º mês";;"No 3º mês";;"No 1º mês";;"No 2º mês";;"No 3º mês";;"No 1º mês";;"No 2º mês";;"No 3º mês";;"No 1º mês";;"No 2º mês";;"No 3º mês";;"No 1º mês";;"No 2º mês";;"No 3º mês";;"No 1º mês";;"No 2º mês";;"No 3º mês";;"No 1º mês";;"No 2º mês";;"No 3º mês";;"No 1º mês";;"No 2º mês";;"No 3º mês";;"No 1º mês";;"No 2º mês";;"No 3º mês";;"No 1º mês";;"No 2º mês";;"No 3º mês";;"No 1º mês";;"No 2º mês";;"No 3º mês";;"No 1º mês";;"No 2º mês";;"No 3º mês";;"No 1º mês";;"No 2º mês";;"No 3º mês";;"No 1º mês";;"No 2º mês";;"No 3º mês";;"No 1º mês";;"No 2º mês";;"No 3º mês";;"No 1º mês";;"No 2º mês";;"No 3º mês";;"No 1º mês";;"No 2º mês";;"No 3º mês";;"No 1º mês";;"No 2º mês";;"No 3º mês";;"No 1º mês";;"No 2º mês";;"No 3º mês";;"No 1º mês";;"No 2º mês";;"No 3º mês";;"No 1º mês";;"No 2º mês";;"No 3º mês";;"No 1º mês";;"No 2º mês";;"No 3º mês";;"No 1º mês";;"No 2º mês";;"No 3º mês";;"No 1º mês";;"No 2º mês";;"No 3º mês";;"No 1º mês";;"No 2º mês";;"No 3º mês";;"No 1º mês";;"No 2º mês";;"No 3º mês";;"No 1º mês";;"No 2º mês";;"No 3º mês";;"No 1º mês";;"No 2º mês";;"No 3º mês";;"No 1º mês";;"No 2º mês";;"No 3º mês";;"No 1º mês";;"No 2º mês";;"No 3º mês";;"No 1º mês";;"No 2º mês";;"No 3º mês";;"No 1º mês";;"No 2º mês";;"No 3º mês";;"No 1º mês";;"No 2º mês";;"No 3º mês";;"No 1º mês";;"No 2º mês";;"No 3º mês";;"No 1º mês";;"No 2º mês";;"No 3º mês";;"No 1º mês";;"No 2º mês";;"No 3º mês";;"No 1º mês";;"No 2º mês";;"No 3º mês";;"No 1º mês";;"No 2º mês";;"No 3º mês";;"No 1º mês";;"No 2º mês";;"No 3º mês";;"No 1º mês";;"No 2º mês";;"No 3º mês";;"No 1º mês";;"No 2º mês";;"No 3º mês";;"No 1º mês";;"No 2º mês";;"No 3º mês";;"No 1º mês";;"No 2º mês";;"No 3º mês";;"No 1º mês";;"No 2º mês";;"No 3º mês";;"No 1º mês";;"No 2º mês";;"No 3º mês";;"No 1º mês";;"No 2º mês";;"No 3º mês";;"No 1º mês";;"No 2º mês";;"No 3º mês";;"No 1º mês";;"No 2º mês";;"No 3º mês";;"No 1º mês";;"No 2º mês";;"No 3º mês";;"No 1º mês";;"No 2º mês";;"No 3º mês";;"No 1º mês";;"No 2º mês";;"No 3º mês";;"No 1º mês";;"No 2º mês";;"No 3º mês";;"No 1º mês";;"No 2º mês";;"No 3º mês";;"No 1º mês";;"No 2º mês";;"No 3º mês";;"No 1º mês";;"No 2º mês";;"No 3º mês";;"No 1º mês";;"No 2º mês";;"No 3º mês";;"No 1º mês";;"No 2º mês";;"No 3º mês";;"No 1º mês";;"No 2º mês";;"No 3º mês";;"No 1º mês";;"No 2º mês";;"No 3º mês";;"No 1º mês";;"No 2º mês";;"No 3º mês";;"No 1º mês";;"No 2º mês";;"No 3º mês";;"No 1º mês";;"No 2º mês";;"No 3º mês";;"No 1º mês";;"No 2º mês";;"No 3º mês";;"No 1º mês";;"No 2º mês";;"No 3º mês";;"No 1º mês";;"No 2º mês";;"No 3º mês";;"No 1º mês";;"No 2º mês";;"No 3º mês";;"No 1º mês";;"No 2º mês";;"No 3º mês";;"No 1º mês";;"No 2º mês";;"No 3º mês";;"No 1º mês";;"No 2º mês";;"No 3º mês";;"No 1º mês";;"No 2º mês";;"No 3º mês";;"No 1º mês";;"No 2º mês";;"No 3º mês";;"No 1º mês";;"No 2º mês";;"No 3º mês";;"No 1º mês";;"No 2º mês";;"No 3º mês";;"No 1º mês";;"No 2º mês";;"No 3º mês";;"No 1º mês";;"No 2º mês";;"No 3º mês";;"No 1º mês";;"No 2º mês";;"No 3º mês";;"No 1º mês";;"No 2º mês";;"No 3º mês";;"No 1º mês";;"No 2º mês";;"No 3º mês";;"No 1º mês";;"No 2º mês";;"No 3º mês";;"No 1º mês";;"No 2º mês";;"No 3º mês";;"No 1º mês";;"No 2º mês";;"No 3º mês"
"Brasil";"Total";"958143";"Mil litros";"825195";"Mil litros";"863303";"Mil litros";"801042";"Mil litros";"809520";"Mil litros";"789274";"Mil litros";"880115";"Mil litros";"874358";"Mil litros";"857648";"Mil litros";"982929";"Mil litros";"997625";"Mil litros";"1047135";"Mil litros";"1030320";"Mil litros";"881126";"Mil litros";"905385";"Mil litros";"820389";"Mil litros";"832587";"Mil litros";"825582";"Mil litros";"869001";"Mil litros";"916544";"Mil litros";"924670";"Mil litros";"969400";"Mil litros";"994168";"Mil litros";"1026201";"Mil litros";"1028956";"Mil litros";"893282";"Mil litros";"940534";"Mil litros";"874812";"Mil litros";"879829";"Mil litros";"847894";"Mil litros";"909289";"Mil litros";"922787";"Mil litros";"898468";"Mil litros";"937587";"Mil litros";"967998";"Mil litros";"1044455";"Mil litros";"1083710";"Mil litros";"1001475";"Mil litros";"988188";"Mil litros";"899857";"Mil litros";"901861";"Mil litros";"861098";"Mil litros";"918272";"Mil litros";"968794";"Mil litros";"1024031";"Mil litros";"1123015";"Mil litros";"1132015";"Mil litros";"1205425";"Mil litros";"1193273";"Mil litros";"1008055";"Mil litros";"1060519";"Mil litros";"1004622";"Mil litros";"1014858";"Mil litros";"1049435";"Mil litros";"1107755";"Mil litros";"1117504";"Mil litros";"1102850";"Mil litros";"1169042";"Mil litros";"1176927";"Mil litros";"1207605";"Mil litros";"1195537";"Mil litros";"1047697";"Mil litros";"1078325";"Mil litros";"1060111";"Mil litros";"1062933";"Mil litros";"1039034";"Mil litros";"1064133";"Mil litros";"1100059";"Mil litros";"1058893";"Mil litros";"1117072";"Mil litros";"1146884";"Mil litros";"1248252";"Mil litros";"1276754";"Mil litros";"1098493";"Mil litros";"1136218";"Mil litros";"1056408";"Mil litros";"1048079";"Mil litros";"1035420";"Mil litros";"1077477";"Mil litros";"1098979";"Mil litros";"1078375";"Mil litros";"1171317";"Mil litros";"1218405";"Mil litros";"1331280";"Mil litros";"1294395";"Mil litros";"1165889";"Mil litros";"1158893";"Mil litros";"1070500";"Mil litros";"1111198";"Mil litros";"1100833";"Mil litros";"1183449";"Mil litros";"1184458";"Mil litros";"1181685";"Mil litros";"1246531";"Mil litros";"1344961";"Mil litros";"1452353";"Mil litros";"1441119";"Mil litros";"1251747";"Mil litros";"1282442";"Mil litros";"1264465";"Mil litros";"1297820";"Mil litros";"1313843";"Mil litros";"1359863";"Mil litros";"1364519";"Mil litros";"1335573";"Mil litros";"1435104";"Mil litros";"1447064";"Mil litros";"1490708";"Mil litros";"1494249";"Mil litros";"1306920";"Mil litros";"1403013";"Mil litros";"1320398";"Mil litros";"1310132";"Mil litros";"1267235";"Mil litros";"1320071";"Mil litros";"1333617";"Mil litros";"1298577";"Mil litros";"1475437";"Mil litros";"1525372";"Mil litros";"1614721";"Mil litros";"1629549";"Mil litros";"1405073";"Mil litros";"1444693";"Mil litros";"1333077";"Mil litros";"1359253";"Mil litros";"1324948";"Mil litros";"1434022";"Mil litros";"1488964";"Mil litros";"1519011";"Mil litros";"1591830";"Mil litros";"1605511";"Mil litros";"1752712";"Mil litros";"1767810";"Mil litros";"1604373";"Mil litros";"1611925";"Mil litros";"1566348";"Mil litros";"1588035";"Mil litros";"1541045";"Mil litros";"1594165";"Mil litros";"1573243";"Mil litros";"1509183";"Mil litros";"1582565";"Mil litros";"1618610";"Mil litros";"1727775";"Mil litros";"1757217";"Mil litros";"1565150";"Mil litros";"1610304";"Mil litros";"1452709";"Mil litros";"1434486";"Mil litros";"1407484";"Mil litros";"1553601";"Mil litros";"1641471";"Mil litros";"1700529";"Mil litros";"1795083";"Mil litros";"1803057";"Mil litros";"1880564";"Mil litros";"1880098";"Mil litros";"1634179";"Mil litros";"1755525";"Mil litros";"1655255";"Mil litros";"1633056";"Mil litros";"1618937";"Mil litros";"1755376";"Mil litros";"1757528";"Mil litros";"1680980";"Mil litros";"1768832";"Mil litros";"1864497";"Mil litros";"1971238";"Mil litros";"1985680";"Mil litros";"1731011";"Mil litros";"1771261";"Mil litros";"1656821";"Mil litros";"1713253";"Mil litros";"1687768";"Mil litros";"1749939";"Mil litros";"1798475";"Mil litros";"1789899";"Mil litros";"1874526";"Mil litros";"1969249";"Mil litros";"2067118";"Mil litros";"2021291";"Mil litros";"1850514";"Mil litros";"1895099";"Mil litros";"1720676";"Mil litros";"1756527";"Mil litros";"1760751";"Mil litros";"1869680";"Mil litros";"1884498";"Mil litros";"1776984";"Mil litros";"1863953";"Mil litros";"1901445";"Mil litros";"2036916";"Mil litros";"2045576";"Mil litros";"1783366";"Mil litros";"1851768";"Mil litros";"1756483";"Mil litros";"1766974";"Mil litros";"1814247";"Mil litros";"1978775";"Mil litros";"2003575";"Mil litros";"2008586";"Mil litros";"2141539";"Mil litros";"2171098";"Mil litros";"2230842";"Mil litros";"2229486";"Mil litros";"1921800";"Mil litros";"2037671";"Mil litros";"1910800";"Mil litros";"1947916";"Mil litros";"1938758";"Mil litros";"2017693";"Mil litros";"2124384";"Mil litros";"2085161";"Mil litros";"2118900";"Mil litros";"2152048";"Mil litros";"2262423";"Mil litros";"2207717";"Mil litros";"1899716";"Mil litros";"2027962";"Mil litros";"1851024";"Mil litros";"1886178";"Mil litros";"1908257";"Mil litros";"1984677";"Mil litros";"2018111";"Mil litros";"1987900";"Mil litros";"2073924";"Mil litros";"2066028";"Mil litros";"2150814";"Mil litros";"2071752";"Mil litros";"1891572";"Mil litros";"1898053";"Mil litros";"1748969";"Mil litros";"1742061";"Mil litros";"1728491";"Mil litros";"1897102";"Mil litros";"1988565";"Mil litros";"1962994";"Mil litros";"2047772";"Mil litros";"2052393";"Mil litros";"2139931";"Mil litros";"2100937";"Mil litros";"1832768";"Mil litros";"1927871";"Mil litros";"1811659";"Mil litros";"1906924";"Mil litros";"1929359";"Mil litros";"2058470";"Mil litros";"2117707";"Mil litros";"2103114";"Mil litros";"2140711";"Mil litros";"2153746";"Mil litros";"2250245";"Mil litros";"2161220";"Mil litros";"1890351";"Mil litros";"1967861";"Mil litros";"1872647";"Mil litros";"1733572";"Mil litros";"1872364";"Mil litros";"2036420";"Mil litros";"2119504";"Mil litros";"2100289";"Mil litros";"2222233";"Mil litros";"2210443";"Mil litros";"2270960";"Mil litros";"2207103";"Mil litros";"1932644";"Mil litros";"2055407";"Mil litros";"1911041";"Mil litros";"1975499";"Mil litros";"1974451";"Mil litros";"2074906";"Mil litros";"2128294";"Mil litros";"2080541";"Mil litros";"2203103";"Mil litros";"2186003";"Mil litros";"2282832";"Mil litros";"2272445";"Mil litros";"2066001";"Mil litros";"2108715";"Mil litros";"1968960";"Mil litros";"1956660";"Mil litros";"1948902";"Mil litros";"2143393";"Mil litros";"2199019";"Mil litros";"2174458";"Mil litros";"2235648";"Mil litros";"2224396";"Mil litros";"2342665";"Mil litros";"2348481";"Mil litros";"2051164";"Mil litros";"2176523";"Mil litros";"1946183";"Mil litros";"1960394";"Mil litros";"1932729";"Mil litros";"2040139";"Mil litros";"2087955";"Mil litros";"2078554";"Mil litros";"2139890";"Mil litros";"2155528";"Mil litros";"2204260";"Mil litros";"2100648";"Mil litros";"1887864";"Mil litros";"1965915";"Mil litros";"1828618";"Mil litros";"1861222";"Mil litros";"1809292";"Mil litros";"2009727";"Mil litros";"2088915";"Mil litros";"2049778";"Mil litros";"2114589";"Mil litros";"2067336";"Mil litros";"2134317";"Mil litros";"2139462";"Mil litros";"1870822";"Mil litros";"1996500";"Mil litros";"1890588";"Mil litros";"1965775";"Mil litros";"1933254";"Mil litros";"2069064";"Mil litros";"2139720";"Mil litros";"2109897";"Mil litros";"2188598";"Mil litros";"2114669";"Mil litros";"2187250";"Mil litros";"2216612";"Mil litros";"2009192";"Mil litros";"2054718";"Mil litros";"1983187";"Mil litros";"1997163";"Mil litros";"1962870";"Mil litros";"2087888";"Mil litros";"2139456";"Mil litros";"2131011";"Mil litros";"2207913";"Mil litros";"2236580";"Mil litros";"2339505";"Mil litros";"2339641";"Mil litros";"2058927";"Mil litros";"2209793";"Mil litros";"2123617";"Mil litros";"2222069";"Mil litros";"2203702";"Mil litros";"2327930";"Mil litros";"2392893";"Mil litros";"2366938";"Mil litros";"2485625";"Mil litros";"2414590";"Mil litros";"2467293";"Mil litros";"2434134";"Mil litros";"2105973";"Mil litros";"2246432";"Mil litros";"2163559";"Mil litros";"2231420";"Mil litros";"2219013";"Mil litros"
"Fonte: IBGE - Pesquisa Trimestral do Leite"

"Notas"
"1 - Até o 4º trimestre de 2005 os dados das Unidades da Federação com menos de 4 (quatro) informantes estão desidentificados com o caractere X. A partir do 1º trimestre de 2006 a desidentificação passou a ser feita para menos de 3 (três) informantes."
"2 - Os dados dos 4 trimestres do ano são preliminares até a divulgação dos dados do 1° trimestre do ano seguinte."
"3 - Os resultados do indicador ""preço do leite cru pago ao produtor"" até março de 2024 são considerados Estatísticas Experimentais."
""
"Legenda"
"Símbolo";"Significado"
"-";"Zero absoluto, não resultante de um cálculo ou arredondamento.
Ex: Em determinado município não existem pessoas de 14 anos de idade sem instrução."
"0";"Zero resultante de um cálculo ou arredondamento.
Ex: A inflação do feijão em determinada Região Metropolitana foi 0.
Determinado município produziu 400 kg de sementes de girassol e os dados da tabela são expressos em toneladas."
"X";"Valor inibido para não identificar o informante.
Ex: Determinado município só possui uma empresa produtora de cimento, logo o valor de sua produção deve ser inibido."
"..";"Valor não se aplica.
Ex: Não se pode obter o total da produção agrícola em determinado município quando os produtos agrícolas são contabilizados com unidades de medida distintas."
"...";"Valor não disponível.
Ex: A produção de feijão em determinado município não foi pesquisada ou determinado município não existia no ano da pesquisa."
"A a Z
(exceto X)";"Significa uma faixa de valores. Varia em função da tabela (se for o caso).
Ex: O nível de precisão da produção estimada de combustíveis está na faixa A (95 a 100%)"
