"Tabela 1092 - Número de informantes, Quantidade e Peso total das carcaças dos bovinos abatidos, no mês e no trimestre, por tipo de rebanho e tipo de inspeção"
"Variável - Animais abatidos"
"";"Tipo de inspeção";"Trimestre x Referência temporal x Tipo de rebanho bovino"
"";"Tipo de inspeção";"1º trimestre 1997";;;;;;"2º trimestre 1997";;;;;;"3º trimestre 1997";;;;;;"4º trimestre 1997";;;;;;"1º trimestre 1998";;;;;;"2º trimestre 1998";;;;;;"3º trimestre 1998";;;;;;"4º trimestre 1998";;;;;;"1º trimestre 1999";;;;;;"2º trimestre 1999";;;;;;"3º trimestre 1999";;;;;;"4º trimestre 1999";;;;;;"1º trimestre 2000";;;;;;"2º trimestre 2000";;;;;;"3º trimestre 2000";;;;;;"4º trimestre 2000";;;;;;"1º trimestre 2001";;;;;;"2º trimestre 2001";;;;;;"3º trimestre 2001";;;;;;"4º trimestre 2001";;;;;;"1º trimestre 2002";;;;;;"2º trimestre 2002";;;;;;"3º trimestre 2002";;;;;;"4º trimestre 2002";;;;;;"1º trimestre 2003";;;;;;"2º trimestre 2003";;;;;;"3º trimestre 2003";;;;;;"4º trimestre 2003";;;;;;"1º trimestre 2004";;;;;;"2º trimestre 2004";;;;;;"3º trimestre 2004";;;;;;"4º trimestre 2004";;;;;;"1º trimestre 2005";;;;;;"2º trimestre 2005";;;;;;"3º trimestre 2005";;;;;;"4º trimestre 2005";;;;;;"1º trimestre 2006";;;;;;"2º trimestre 2006";;;;;;"3º trimestre 2006";;;;;;"4º trimestre 2006";;;;;;"1º trimestre 2007";;;;;;"2º trimestre 2007";;;;;;"3º trimestre 2007";;;;;;"4º trimestre 2007";;;;;;"1º trimestre 2008";;;;;;"2º trimestre 2008";;;;;;"3º trimestre 2008";;;;;;"4º trimestre 2008";;;;;;"1º trimestre 2009";;;;;;"2º trimestre 2009";;;;;;"3º trimestre 2009";;;;;;"4º trimestre 2009";;;;;;"1º trimestre 2010";;;;;;"2º trimestre 2010";;;;;;"3º trimestre 2010";;;;;;"4º trimestre 2010";;;;;;"1º trimestre 2011";;;;;;"2º trimestre 2011";;;;;;"3º trimestre 2011";;;;;;"4º trimestre 2011";;;;;;"1º trimestre 2012";;;;;;"2º trimestre 2012";;;;;;"3º trimestre 2012";;;;;;"4º trimestre 2012";;;;;;"1º trimestre 2013";;;;;;"2º trimestre 2013";;;;;;"3º trimestre 2013";;;;;;"4º trimestre 2013";;;;;;"1º trimestre 2014";;;;;;"2º trimestre 2014";;;;;;"3º trimestre 2014";;;;;;"4º trimestre 2014";;;;;;"1º trimestre 2015";;;;;;"2º trimestre 2015";;;;;;"3º trimestre 2015";;;;;;"4º trimestre 2015";;;;;;"1º trimestre 2016";;;;;;"2º trimestre 2016";;;;;;"3º trimestre 2016";;;;;;"4º trimestre 2016";;;;;;"1º trimestre 2017";;;;;;"2º trimestre 2017";;;;;;"3º trimestre 2017";;;;;;"4º trimestre 2017";;;;;;"1º trimestre 2018";;;;;;"2º trimestre 2018";;;;;;"3º trimestre 2018";;;;;;"4º trimestre 2018";;;;;;"1º trimestre 2019";;;;;;"2º trimestre 2019";;;;;;"3º trimestre 2019";;;;;;"4º trimestre 2019";;;;;;"1º trimestre 2020";;;;;;"2º trimestre 2020";;;;;;"3º trimestre 2020";;;;;;"4º trimestre 2020";;;;;;"1º trimestre 2021";;;;;;"2º trimestre 2021";;;;;;"3º trimestre 2021";;;;;;"4º trimestre 2021";;;;;;"1º trimestre 2022";;;;;;"2º trimestre 2022";;;;;;"3º trimestre 2022";;;;;;"4º trimestre 2022";;;;;;"1º trimestre 2023";;;;;;"2º trimestre 2023";;;;;;"3º trimestre 2023";;;;;;"4º trimestre 2023";;;;;;"1º trimestre 2024";;;;;;"2º trimestre 2024";;;;;;"3º trimestre 2024";;;;;;"4º trimestre 2024";;;;;;"1º trimestre 2025";;;;;;"2º trimestre 2025";;;;;;"3º trimestre 2025";;;;;;"4º trimestre 2025";;;;;;"1º trimestre 2026";;;;;;"2º trimestre 2026"
"";"Tipo de inspeção";"No 1º mês";;"No 2º mês";;"No 3º mês";;"No 1º mês";;"No 2º mês";;"No 3º mês";;"No 1º mês";;"No 2º mês";;"No 3º mês";;"No 1º mês";;"No 2º mês";;"No 3º mês";;"No 1º mês";;"No 2º mês";;"No 3º mês";;"No 1º mês";;"No 2º mês";;"No 3º mês";;"No 1º mês";;"No 2º mês";;"No 3º mês";;"No 1º mês";;"No 2º mês";;"No 3º mês";;"No 1º mês";;"No 2º mês";;"No 3º mês";;"No 1º mês";;"No 2º mês";;"No 3º mês";;"No 1º mês";;"No 2º mês";;"No 3º mês";;"No 1º mês";;"No 2º mês";;"No 3º mês";;"No 1º mês";;"No 2º mês";;"No 3º mês";;"No 1º mês";;"No 2º mês";;"No 3º mês";;"No 1º mês";;"No 2º mês";;"No 3º mês";;"No 1º mês";;"No 2º mês";;"No 3º mês";;"No 1º mês";;"No 2º mês";;"No 3º mês";;"No 1º mês";;"No 2º mês";;"No 3º mês";;"No 1º mês";;"No 2º mês";;"No 3º mês";;"No 1º mês";;"No 2º mês";;"No 3º mês";;"No 1º mês";;"No 2º mês";;"No 3º mês";;"No 1º mês";;"No 2º mês";;"No 3º mês";;"No 1º mês";;"No 2º mês";;"No 3º mês";;"No 1º mês";;"No 2º mês";;"No 3º mês";;"No 1º mês";;"No 2º mês";;"No 3º mês";;"No 1º mês";;"No 2º mês";;"No 3º mês";;"No 1º mês";;"No 2º mês";;"No 3º mês";;"No 1º mês";;"No 2º mês";;"No 3º mês";;"No 1º mês";;"No 2º mês";;"No 3º mês";;"No 1º mês";;"No 2º mês";;"No 3º mês";;"No 1º mês";;"No 2º mês";;"No 3º mês";;"No 1º mês";;"No 2º mês";;"No 3º mês";;"No 1º mês";;"No 2º mês";;"No 3º mês";;"No 1º mês";;"No 2º mês";;"No 3º mês";;"No 1º mês";;"No 2º mês";;"No 3º mês";;"No 1º mês";;"No 2º mês";;"No 3º mês";;"No 1º mês";;"No 2º mês";;"No 3º mês";;"No 1º mês";;"No 2º mês";;"No 3º mês";;"No 1º mês";;"No 2º mês";;"No 3º mês";;"No 1º mês";;"No 2º mês";;"No 3º mês";;"No 1º mês";;"No 2º mês";;"No 3º mês";;"No 1º mês";;"No 2º mês";;"No 3º mês";;"No 1º mês";;"No 2º mês";;"No 3º mês";;"No 1º mês";;"No 2º mês";;"No 3º mês";;"No 1º mês";;"No 2º mês";;"No 3º mês";;"No 1º mês";;"No 2º mês";;"No 3º mês";;"No 1º mês";;"No 2º mês";;"No 3º mês";;"No 1º mês";;"No 2º mês";;"No 3º mês";;"No 1º mês";;"No 2º mês";;"No 3º mês";;"No 1º mês";;"No 2º mês";;"No 3º mês";;"No 1º mês";;"No 2º mês";;"No 3º mês";;"No 1º mês";;"No 2º mês";;"No 3º mês";;"No 1º mês";;"No 2º mês";;"No 3º mês";;"No 1º mês";;"No 2º mês";;"No 3º mês";;"No 1º mês";;"No 2º mês";;"No 3º mês";;"No 1º mês";;"No 2º mês";;"No 3º mês";;"No 1º mês";;"No 2º mês";;"No 3º mês";;"No 1º mês";;"No 2º mês";;"No 3º mês";;"No 1º mês";;"No 2º mês";;"No 3º mês";;"No 1º mês";;"No 2º mês";;"No 3º mês";;"No 1º mês";;"No 2º mês";;"No 3º mês";;"No 1º mês";;"No 2º mês";;"No 3º mês";;"No 1º mês";;"No 2º mês";;"No 3º mês";;"No 1º mês";;"No 2º mês";;"No 3º mês";;"No 1º mês";;"No 2º mês";;"No 3º mês";;"No 1º mês";;"No 2º mês";;"No 3º mês";;"No 1º mês";;"No 2º mês";;"No 3º mês";;"No 1º mês";;"No 2º mês";;"No 3º mês";;"No 1º mês";;"No 2º mês";;"No 3º mês";;"No 1º mês";;"No 2º mês";;"No 3º mês";;"No 1º mês";;"No 2º mês";;"No 3º mês";;"No 1º mês";;"No 2º mês";;"No 3º mês";;"No 1º mês";;"No 2º mês";;"No 3º mês";;"No 1º mês";;"No 2º mês";;"No 3º mês";;"No 1º mês";;"No 2º mês";;"No 3º mês";;"No 1º mês";;"No 2º mês";;"No 3º mês";;"No 1º mês";;"No 2º mês";;"No 3º mês";;"No 1º mês";;"No 2º mês";;"No 3º mês";;"No 1º mês";;"No 2º mês";;"No 3º mês";;"No 1º mês";;"No 2º mês";;"No 3º mês";;"No 1º mês";;"No 2º mês";;"No 3º mês";;"No 1º mês";;"No 2º mês";;"No 3º mês";;"No 1º mês";;"No 2º mês";;"No 3º mês";;"No 1º mês";;"No 2º mês";;"No 3º mês";;"No 1º mês";;"No 2º mês";;"No 3º mês";;"No 1º mês";;"No 2º mês";;"No 3º mês";;"No 1º mês";;"No 2º mês";;"No 3º mês";;"No 1º mês";;"No 2º mês";;"No 3º mês";;"No 1º mês";;"No 2º mês";;"No 3º mês";;"No 1º mês";;"No 2º mês";;"No 3º mês";;"No 1º mês";;"No 2º mês";;"No 3º mês";;"No 1º mês";;"No 2º mês";;"No 3º mês";;"No 1º mês";;"No 2º mês";;"No 3º mês";;"No 1º mês";;"No 2º mês";;"No 3º mês";;"No 1º mês";;"No 2º mês";;"No 3º mês";;"No 1º mês";;"No 2º mês";;"No 3º mês";;"No 1º mês";;"No 2º mês";;"No 3º mês";;"No 1º mês";;"No 2º mês";;"No 3º mês";;"No 1º mês";;"No 2º mês";;"No 3º mês";;"No 1º mês";;"No 2º mês";;"No 3º mês";;"No 1º mês";;"No 2º mês";;"No 3º mês";;"No 1º mês";;"No 2º mês";;"No 3º mês";;"No 1º mês";;"No 2º mês";;"No 3º mês";;"No 1º mês";;"No 2º mês";;"No 3º mês";;"No 1º mês";;"No 2º mês";;"No 3º mês";;"No 1º mês";;"No 2º mês";;"No 3º mês";;"No 1º mês";;"No 2º mês";;"No 3º mês";;"No 1º mês";;"No 2º mês";;"No 3º mês";;"No 1º mês";;"No 2º mês";;"No 3º mês";;"No 1º mês";;"No 2º mês";;"No 3º mês";;"No 1º mês";;"No 2º mês";;"No 3º mês";;"No 1º mês";;"No 2º mês";;"No 3º mês";;"No 1º mês";;"No 2º mês";;"No 3º mês";;"No 1º mês";;"No 2º mês";;"No 3º mês";;"No 1º mês";;"No 2º mês";;"No 3º mês";;"No 1º mês";;"No 2º mês";;"No 3º mês";;"No 1º mês";;"No 2º mês";;"No 3º mês";;"No 1º mês";;"No 2º mês";;"No 3º mês"
"";"Tipo de inspeção";"Total";;"Total";;"Total";;"Total";;"Total";;"Total";;"Total";;"Total";;"Total";;"Total";;"Total";;"Total";;"Total";;"Total";;"Total";;"Total";;"Total";;"Total";;"Total";;"Total";;"Total";;"Total";;"Total";;"Total";;"Total";;"Total";;"Total";;"Total";;"Total";;"Total";;"Total";;"Total";;"Total";;"Total";;"Total";;"Total";;"Total";;"Total";;"Total";;"Total";;"Total";;"Total";;"Total";;"Total";;"Total";;"Total";;"Total";;"Total";;"Total";;"Total";;"Total";;"Total";;"Total";;"Total";;"Total";;"Total";;"Total";;"Total";;"Total";;"Total";;"Total";;"Total";;"Total";;"Total";;"Total";;"Total";;"Total";;"Total";;"Total";;"Total";;"Total";;"Total";;"Total";;"Total";;"Total";;"Total";;"Total";;"Total";;"Total";;"Total";;"Total";;"Total";;"Total";;"Total";;"Total";;"Total";;"Total";;"Total";;"Total";;"Total";;"Total";;"Total";;"Total";;"Total";;"Total";;"Total";;"Total";;"Total";;"Total";;"Total";;"Total";;"Total";;"Total";;"Total";;"Total";;"Total";;"Total";;"Total";;"Total";;"Total";;"Total";;"Total";;"Total";;"Total";;"Total";;"Total";;"Total";;"Total";;"Total";;"Total";;"Total";;"Total";;"Total";;"Total";;"Total";;"Total";;"Total";;"Total";;"Total";;"Total";;"Total";;"Total";;"Total";;"Total";;"Total";;"Total";;"Total";;"Total";;"Total";;"Total";;"Total";;"Total";;"Total";;"Total";;"Total";;"Total";;"Total";;"Total";;"Total";;"Total";;"Total";;"Total";;"Total";;"Total";;"Total";;"Total";;"Total";;"Total";;"Total";;"Total";;"Total";;"Total";;"Total";;"Total";;"Total";;"Total";;"Total";;"Total";;"Total";;"Total";;"Total";;"Total";;"Total";;"Total";;"Total";;"Total";;"Total";;"Total";;"Total";;"Total";;"Total";;"Total";;"Total";;"Total";;"Total";;"Total";;"Total";;"Total";;"Total";;"Total";;"Total";;"Total";;"Total";;"Total";;"Total";;"Total";;"Total";;"Total";;"Total";;"Total";;"Total";;"Total";;"Total";;"Total";;"Total";;"Total";;"Total";;"Total";;"Total";;"Total";;"Total";;"Total";;"Total";;"Total";;"Total";;"Total";;"Total";;"Total";;"Total";;"Total";;"Total";;"Total";;"Total";;"Total";;"Total";;"Total";;"Total";;"Total";;"Total";;"Total";;"Total";;"Total";;"Total";;"Total";;"Total";;"Total";;"Total";;"Total";;"Total";;"Total";;"Total";;"Total";;"Total";;"Total";;"Total";;"Total";;"Total";;"Total";;"Total";;"Total";;"Total";;"Total";;"Total";;"Total";;"Total";;"Total";;"Total";;"Total";;"Total";;"Total";;"Total";;"Total";;"Total";;"Total";;"Total";;"Total";;"Total";;"Total";;"Total";;"Total";;"Total";;"Total";;"Total";;"Total";;"Total";;"Total";;"Total";;"Total";;"Total";;"Total";;"Total";;"Total";;"Total";;"Total";;"Total";;"Total";;"Total";;"Total";;"Total";;"Total";;"Total";;"Total";;"Total";;"Total";;"Total";;"Total";;"Total";;"Total";;"Total";;"Total";;"Total";;"Total";;"Total";;"Total";;"Total";;"Total";;"Total";;"Total";;"Total";;"Total";;"Total";;"Total";;"Total";;"Total";;"Total";;"Total";;"Total";;"Total";;"Total";;"Total";;"Total";;"Total";;"Total";;"Total";;"Total";;"Total";;"Total";;"Total";;"Total";;"Total";;"Total";;"Total";;"Total";;"Total";;"Total";;"Total";;"Total";;"Total";;"Total";;"Total";;"Total";;"Total";;"Total";;"Total";;"Total";;"Total";;"Total";;"Total";;"Total";;"Total";;"Total";;"Total";;"Total";;"Total"
"Brasil";"Total";"1227267";"Cabeças";"1129400";"Cabeças";"1153418";"Cabeças";"1252989";"Cabeças";"1227069";"Cabeças";"1194770";"Cabeças";"1248371";"Cabeças";"1252319";"Cabeças";"1283419";"Cabeças";"1322442";"Cabeças";"1212802";"Cabeças";"1381994";"Cabeças";"1227398";"Cabeças";"1127723";"Cabeças";"1285673";"Cabeças";"1217116";"Cabeças";"1258204";"Cabeças";"1239042";"Cabeças";"1273022";"Cabeças";"1202637";"Cabeças";"1200355";"Cabeças";"1263413";"Cabeças";"1214438";"Cabeças";"1397455";"Cabeças";"1233330";"Cabeças";"1239073";"Cabeças";"1390216";"Cabeças";"1333386";"Cabeças";"1420650";"Cabeças";"1447212";"Cabeças";"1447795";"Cabeças";"1488216";"Cabeças";"1356177";"Cabeças";"1432075";"Cabeças";"1410769";"Cabeças";"1588117";"Cabeças";"1320999";"Cabeças";"1362735";"Cabeças";"1409917";"Cabeças";"1300409";"Cabeças";"1511093";"Cabeças";"1455358";"Cabeças";"1440668";"Cabeças";"1519830";"Cabeças";"1370645";"Cabeças";"1452800";"Cabeças";"1442283";"Cabeças";"1498844";"Cabeças";"1467850";"Cabeças";"1277181";"Cabeças";"1571968";"Cabeças";"1410498";"Cabeças";"1587817";"Cabeças";"1512617";"Cabeças";"1539793";"Cabeças";"1710588";"Cabeças";"1507427";"Cabeças";"1670291";"Cabeças";"1553968";"Cabeças";"1626301";"Cabeças";"1602685";"Cabeças";"1477021";"Cabeças";"1484378";"Cabeças";"1546065";"Cabeças";"1663259";"Cabeças";"1608346";"Cabeças";"1690268";"Cabeças";"1686436";"Cabeças";"1659380";"Cabeças";"1832875";"Cabeças";"1823185";"Cabeças";"1850148";"Cabeças";"1806771";"Cabeças";"1727316";"Cabeças";"1780258";"Cabeças";"1678186";"Cabeças";"1791476";"Cabeças";"1662575";"Cabeças";"1746519";"Cabeças";"1721689";"Cabeças";"1823493";"Cabeças";"2007703";"Cabeças";"1839407";"Cabeças";"2059010";"Cabeças";"1993502";"Cabeças";"1833259";"Cabeças";"2144340";"Cabeças";"2018431";"Cabeças";"2156592";"Cabeças";"2250988";"Cabeças";"2306382";"Cabeças";"2344709";"Cabeças";"2278902";"Cabeças";"2127492";"Cabeças";"2193185";"Cabeças";"2288915";"Cabeças";"2177100";"Cabeças";"2014130";"Cabeças";"2255185";"Cabeças";"2396483";"Cabeças";"2413606";"Cabeças";"2518104";"Cabeças";"2504729";"Cabeças";"2573649";"Cabeças";"2319479";"Cabeças";"2063561";"Cabeças";"2307888";"Cabeças";"2486495";"Cabeças";"2378163";"Cabeças";"2131468";"Cabeças";"2571621";"Cabeças";"2227856";"Cabeças";"2684057";"Cabeças";"2615124";"Cabeças";"2577240";"Cabeças";"2762734";"Cabeças";"2598187";"Cabeças";"2666724";"Cabeças";"2554439";"Cabeças";"2605947";"Cabeças";"2717515";"Cabeças";"2431570";"Cabeças";"2807943";"Cabeças";"2499503";"Cabeças";"2798391";"Cabeças";"2446377";"Cabeças";"2548956";"Cabeças";"2620657";"Cabeças";"2455866";"Cabeças";"2434858";"Cabeças";"2437442";"Cabeças";"2513836";"Cabeças";"2573311";"Cabeças";"2320201";"Cabeças";"2355904";"Cabeças";"2610534";"Cabeças";"2595842";"Cabeças";"2412532";"Cabeças";"2441221";"Cabeças";"2361130";"Cabeças";"2341951";"Cabeças";"2343678";"Cabeças";"2079179";"Cabeças";"2264887";"Cabeças";"2206733";"Cabeças";"2039241";"Cabeças";"2243560";"Cabeças";"2183464";"Cabeças";"2348953";"Cabeças";"2367483";"Cabeças";"2428941";"Cabeças";"2377424";"Cabeças";"2397191";"Cabeças";"2519059";"Cabeças";"2345263";"Cabeças";"2605376";"Cabeças";"2341311";"Cabeças";"2198281";"Cabeças";"2544042";"Cabeças";"2460748";"Cabeças";"2587253";"Cabeças";"2547255";"Cabeças";"2566645";"Cabeças";"2408483";"Cabeças";"2428699";"Cabeças";"2322666";"Cabeças";"2357854";"Cabeças";"2514858";"Cabeças";"2338977";"Cabeças";"2323704";"Cabeças";"2441193";"Cabeças";"2222024";"Cabeças";"2488387";"Cabeças";"2355829";"Cabeças";"2390570";"Cabeças";"2503310";"Cabeças";"2390353";"Cabeças";"2382895";"Cabeças";"2463734";"Cabeças";"2522968";"Cabeças";"2336145";"Cabeças";"2305274";"Cabeças";"2578583";"Cabeças";"2357539";"Cabeças";"2695535";"Cabeças";"2605173";"Cabeças";"2661436";"Cabeças";"2832005";"Cabeças";"2559484";"Cabeças";"2833344";"Cabeças";"2731047";"Cabeças";"2623175";"Cabeças";"2894006";"Cabeças";"2575523";"Cabeças";"2658279";"Cabeças";"2923508";"Cabeças";"2874033";"Cabeças";"2739208";"Cabeças";"3043310";"Cabeças";"3018043";"Cabeças";"2797972";"Cabeças";"3018455";"Cabeças";"2905532";"Cabeças";"2964201";"Cabeças";"3039396";"Cabeças";"2674139";"Cabeças";"2659337";"Cabeças";"2804301";"Cabeças";"2998791";"Cabeças";"2735812";"Cabeças";"2978609";"Cabeças";"2700879";"Cabeças";"2791392";"Cabeças";"2939046";"Cabeças";"2656957";"Cabeças";"2929059";"Cabeças";"2736723";"Cabeças";"2408611";"Cabeças";"2594316";"Cabeças";"2527693";"Cabeças";"2581901";"Cabeças";"2523444";"Cabeças";"2587492";"Cabeças";"2474886";"Cabeças";"2523077";"Cabeças";"2611449";"Cabeças";"2467301";"Cabeças";"2614909";"Cabeças";"2452002";"Cabeças";"2451636";"Cabeças";"2416099";"Cabeças";"2519207";"Cabeças";"2570131";"Cabeças";"2565024";"Cabeças";"2472933";"Cabeças";"2515377";"Cabeças";"2333286";"Cabeças";"2370695";"Cabeças";"2414150";"Cabeças";"2621508";"Cabeças";"2473739";"Cabeças";"2324082";"Cabeças";"2600299";"Cabeças";"2125479";"Cabeças";"2740361";"Cabeças";"2557566";"Cabeças";"2675512";"Cabeças";"2805361";"Cabeças";"2505548";"Cabeças";"2645615";"Cabeças";"2602970";"Cabeças";"2810131";"Cabeças";"2676918";"Cabeças";"2434199";"Cabeças";"2661888";"Cabeças";"2618660";"Cabeças";"2313387";"Cabeças";"2835830";"Cabeças";"2852807";"Cabeças";"2933805";"Cabeças";"2530262";"Cabeças";"2812702";"Cabeças";"2663844";"Cabeças";"2708386";"Cabeças";"2771629";"Cabeças";"2541184";"Cabeças";"2614530";"Cabeças";"2642359";"Cabeças";"2838930";"Cabeças";"2457582";"Cabeças";"2944430";"Cabeças";"2875879";"Cabeças";"2678420";"Cabeças";"2918075";"Cabeças";"2614803";"Cabeças";"2548029";"Cabeças";"2463833";"Cabeças";"2386671";"Cabeças";"2486226";"Cabeças";"2272323";"Cabeças";"2588595";"Cabeças";"2542659";"Cabeças";"2660712";"Cabeças";"2545219";"Cabeças";"2567849";"Cabeças";"2606362";"Cabeças";"2269135";"Cabeças";"2497452";"Cabeças";"2129514";"Cabeças";"2179144";"Cabeças";"2288665";"Cabeças";"2247438";"Cabeças";"2421847";"Cabeças";"2457210";"Cabeças";"2534611";"Cabeças";"2546943";"Cabeças";"1937990";"Cabeças";"2162303";"Cabeças";"2242330";"Cabeças";"2556858";"Cabeças";"2277847";"Cabeças";"2242690";"Cabeças";"2490694";"Cabeças";"2272024";"Cabeças";"2606433";"Cabeças";"2550358";"Cabeças";"2623500";"Cabeças";"2734141";"Cabeças";"2605486";"Cabeças";"2477737";"Cabeças";"2419607";"Cabeças";"2647067";"Cabeças";"2547725";"Cabeças";"2385237";"Cabeças";"2533559";"Cabeças";"2541766";"Cabeças";"3033393";"Cabeças";"2903004";"Cabeças";"2929072";"Cabeças";"3181658";"Cabeças";"2887190";"Cabeças";"3067025";"Cabeças";"3048056";"Cabeças";"3044121";"Cabeças";"3196748";"Cabeças";"3148157";"Cabeças";"3088615";"Cabeças";"3381652";"Cabeças";"3422274";"Cabeças";"3263786";"Cabeças";"3628295";"Cabeças";"3554228";"Cabeças";"3318063";"Cabeças";"3360094";"Cabeças";"3107459";"Cabeças";"3219813";"Cabeças";"3382867";"Cabeças";"3255855";"Cabeças";"3324195";"Cabeças";"3415789";"Cabeças";"3633357";"Cabeças";"3536489";"Cabeças";"3867987";"Cabeças";"3688733";"Cabeças";"3790767";"Cabeças";"3887638";"Cabeças";"3477320";"Cabeças";"3691315";"Cabeças";"3442072";"Cabeças";"3243012";"Cabeças";"3626763";"Cabeças";"3473610";"Cabeças";"3588664";"Cabeças";"3659069";"Cabeças"
"Fonte: IBGE - Pesquisa Trimestral do Abate de Animais"

"Tabela 1092 - Número de informantes, Quantidade e Peso total das carcaças dos bovinos abatidos, no mês e no trimestre, por tipo de rebanho e tipo de inspeção"
"Variável - Peso total das carcaças"
"";"Tipo de inspeção";"Trimestre x Referência temporal x Tipo de rebanho bovino"
"";"Tipo de inspeção";"1º trimestre 1997";;;;;;"2º trimestre 1997";;;;;;"3º trimestre 1997";;;;;;"4º trimestre 1997";;;;;;"1º trimestre 1998";;;;;;"2º trimestre 1998";;;;;;"3º trimestre 1998";;;;;;"4º trimestre 1998";;;;;;"1º trimestre 1999";;;;;;"2º trimestre 1999";;;;;;"3º trimestre 1999";;;;;;"4º trimestre 1999";;;;;;"1º trimestre 2000";;;;;;"2º trimestre 2000";;;;;;"3º trimestre 2000";;;;;;"4º trimestre 2000";;;;;;"1º trimestre 2001";;;;;;"2º trimestre 2001";;;;;;"3º trimestre 2001";;;;;;"4º trimestre 2001";;;;;;"1º trimestre 2002";;;;;;"2º trimestre 2002";;;;;;"3º trimestre 2002";;;;;;"4º trimestre 2002";;;;;;"1º trimestre 2003";;;;;;"2º trimestre 2003";;;;;;"3º trimestre 2003";;;;;;"4º trimestre 2003";;;;;;"1º trimestre 2004";;;;;;"2º trimestre 2004";;;;;;"3º trimestre 2004";;;;;;"4º trimestre 2004";;;;;;"1º trimestre 2005";;;;;;"2º trimestre 2005";;;;;;"3º trimestre 2005";;;;;;"4º trimestre 2005";;;;;;"1º trimestre 2006";;;;;;"2º trimestre 2006";;;;;;"3º trimestre 2006";;;;;;"4º trimestre 2006";;;;;;"1º trimestre 2007";;;;;;"2º trimestre 2007";;;;;;"3º trimestre 2007";;;;;;"4º trimestre 2007";;;;;;"1º trimestre 2008";;;;;;"2º trimestre 2008";;;;;;"3º trimestre 2008";;;;;;"4º trimestre 2008";;;;;;"1º trimestre 2009";;;;;;"2º trimestre 2009";;;;;;"3º trimestre 2009";;;;;;"4º trimestre 2009";;;;;;"1º trimestre 2010";;;;;;"2º trimestre 2010";;;;;;"3º trimestre 2010";;;;;;"4º trimestre 2010";;;;;;"1º trimestre 2011";;;;;;"2º trimestre 2011";;;;;;"3º trimestre 2011";;;;;;"4º trimestre 2011";;;;;;"1º trimestre 2012";;;;;;"2º trimestre 2012";;;;;;"3º trimestre 2012";;;;;;"4º trimestre 2012";;;;;;"1º trimestre 2013";;;;;;"2º trimestre 2013";;;;;;"3º trimestre 2013";;;;;;"4º trimestre 2013";;;;;;"1º trimestre 2014";;;;;;"2º trimestre 2014";;;;;;"3º trimestre 2014";;;;;;"4º trimestre 2014";;;;;;"1º trimestre 2015";;;;;;"2º trimestre 2015";;;;;;"3º trimestre 2015";;;;;;"4º trimestre 2015";;;;;;"1º trimestre 2016";;;;;;"2º trimestre 2016";;;;;;"3º trimestre 2016";;;;;;"4º trimestre 2016";;;;;;"1º trimestre 2017";;;;;;"2º trimestre 2017";;;;;;"3º trimestre 2017";;;;;;"4º trimestre 2017";;;;;;"1º trimestre 2018";;;;;;"2º trimestre 2018";;;;;;"3º trimestre 2018";;;;;;"4º trimestre 2018";;;;;;"1º trimestre 2019";;;;;;"2º trimestre 2019";;;;;;"3º trimestre 2019";;;;;;"4º trimestre 2019";;;;;;"1º trimestre 2020";;;;;;"2º trimestre 2020";;;;;;"3º trimestre 2020";;;;;;"4º trimestre 2020";;;;;;"1º trimestre 2021";;;;;;"2º trimestre 2021";;;;;;"3º trimestre 2021";;;;;;"4º trimestre 2021";;;;;;"1º trimestre 2022";;;;;;"2º trimestre 2022";;;;;;"3º trimestre 2022";;;;;;"4º trimestre 2022";;;;;;"1º trimestre 2023";;;;;;"2º trimestre 2023";;;;;;"3º trimestre 2023";;;;;;"4º trimestre 2023";;;;;;"1º trimestre 2024";;;;;;"2º trimestre 2024";;;;;;"3º trimestre 2024";;;;;;"4º trimestre 2024";;;;;;"1º trimestre 2025";;;;;;"2º trimestre 2025";;;;;;"3º trimestre 2025";;;;;;"4º trimestre 2025";;;;;;"1º trimestre 2026";;;;;;"2º trimestre 2026"
"";"Tipo de inspeção";"No 1º mês";;"No 2º mês";;"No 3º mês";;"No 1º mês";;"No 2º mês";;"No 3º mês";;"No 1º mês";;"No 2º mês";;"No 3º mês";;"No 1º mês";;"No 2º mês";;"No 3º mês";;"No 1º mês";;"No 2º mês";;"No 3º mês";;"No 1º mês";;"No 2º mês";;"No 3º mês";;"No 1º mês";;"No 2º mês";;"No 3º mês";;"No 1º mês";;"No 2º mês";;"No 3º mês";;"No 1º mês";;"No 2º mês";;"No 3º mês";;"No 1º mês";;"No 2º mês";;"No 3º mês";;"No 1º mês";;"No 2º mês";;"No 3º mês";;"No 1º mês";;"No 2º mês";;"No 3º mês";;"No 1º mês";;"No 2º mês";;"No 3º mês";;"No 1º mês";;"No 2º mês";;"No 3º mês";;"No 1º mês";;"No 2º mês";;"No 3º mês";;"No 1º mês";;"No 2º mês";;"No 3º mês";;"No 1º mês";;"No 2º mês";;"No 3º mês";;"No 1º mês";;"No 2º mês";;"No 3º mês";;"No 1º mês";;"No 2º mês";;"No 3º mês";;"No 1º mês";;"No 2º mês";;"No 3º mês";;"No 1º mês";;"No 2º mês";;"No 3º mês";;"No 1º mês";;"No 2º mês";;"No 3º mês";;"No 1º mês";;"No 2º mês";;"No 3º mês";;"No 1º mês";;"No 2º mês";;"No 3º mês";;"No 1º mês";;"No 2º mês";;"No 3º mês";;"No 1º mês";;"No 2º mês";;"No 3º mês";;"No 1º mês";;"No 2º mês";;"No 3º mês";;"No 1º mês";;"No 2º mês";;"No 3º mês";;"No 1º mês";;"No 2º mês";;"No 3º mês";;"No 1º mês";;"No 2º mês";;"No 3º mês";;"No 1º mês";;"No 2º mês";;"No 3º mês";;"No 1º mês";;"No 2º mês";;"No 3º mês";;"No 1º mês";;"No 2º mês";;"No 3º mês";;"No 1º mês";;"No 2º mês";;"No 3º mês";;"No 1º mês";;"No 2º mês";;"No 3º mês";;"No 1º mês";;"No 2º mês";;"No 3º mês";;"No 1º mês";;"No 2º mês";;"No 3º mês";;"No 1º mês";;"No 2º mês";;"No 3º mês";;"No 1º mês";;"No 2º mês";;"No 3º mês";;"No 1º mês";;"No 2º mês";;"No 3º mês";;"No 1º mês";;"No 2º mês";;"No 3º mês";;"No 1º mês";;"No 2º mês";;"No 3º mês";;"No 1º mês";;"No 2º mês";;"No 3º mês";;"No 1º mês";;"No 2º mês";;"No 3º mês";;"No 1º mês";;"No 2º mês";;"No 3º mês";;"No 1º mês";;"No 2º mês";;"No 3º mês";;"No 1º mês";;"No 2º mês";;"No 3º mês";;"No 1º mês";;"No 2º mês";;"No 3º mês";;"No 1º mês";;"No 2º mês";;"No 3º mês";;"No 1º mês";;"No 2º mês";;"No 3º mês";;"No 1º mês";;"No 2º mês";;"No 3º mês";;"No 1º mês";;"No 2º mês";;"No 3º mês";;"No 1º mês";;"No 2º mês";;"No 3º mês";;"No 1º mês";;"No 2º mês";;"No 3º mês";;"No 1º mês";;"No 2º mês";;"No 3º mês";;"No 1º mês";;"No 2º mês";;"No 3º mês";;"No 1º mês";;"No 2º mês";;"No 3º mês";;"No 1º mês";;"No 2º mês";;"No 3º mês";;"No 1º mês";;"No 2º mês";;"No 3º mês";;"No 1º mês";;"No 2º mês";;"No 3º mês";;"No 1º mês";;"No 2º mês";;"No 3º mês";;"No 1º mês";;"No 2º mês";;"No 3º mês";;"No 1º mês";;"No 2º mês";;"No 3º mês";;"No 1º mês";;"No 2º mês";;"No 3º mês";;"No 1º mês";;"No 2º mês";;"No 3º mês";;"No 1º mês";;"No 2º mês";;"No 3º mês";;"No 1º mês";;"No 2º mês";;"No 3º mês";;"No 1º mês";;"No 2º mês";;"No 3º mês";;"No 1º mês";;"No 2º mês";;"No 3º mês";;"No 1º mês";;"No 2º mês";;"No 3º mês";;"No 1º mês";;"No 2º mês";;"No 3º mês";;"No 1º mês";;"No 2º mês";;"No 3º mês";;"No 1º mês";;"No 2º mês";;"No 3º mês";;"No 1º mês";;"No 2º mês";;"No 3º mês";;"No 1º mês";;"No 2º mês";;"No 3º mês";;"No 1º mês";;"No 2º mês";;"No 3º mês";;"No 1º mês";;"No 2º mês";;"No 3º mês";;"No 1º mês";;"No 2º mês";;"No 3º mês";;"No 1º mês";;"No 2º mês";;"No 3º mês";;"No 1º mês";;"No 2º mês";;"No 3º mês";;"No 1º mês";;"No 2º mês";;"No 3º mês";;"No 1º mês";;"No 2º mês";;"No 3º mês";;"No 1º mês";;"No 2º mês";;"No 3º mês";;"No 1º mês";;"No 2º mês";;"No 3º mês";;"No 1º mês";;"No 2º mês";;"No 3º mês";;"No 1º mês";;"No 2º mês";;"No 3º mês";;"No 1º mês";;"No 2º mês";;"No 3º mês";;"No 1º mês";;"No 2º mês";;"No 3º mês";;"No 1º mês";;"No 2º mês";;"No 3º mês";;"No 1º mês";;"No 2º mês";;"No 3º mês";;"No 1º mês";;"No 2º mês";;"No 3º mês";;"No 1º mês";;"No 2º mês";;"No 3º mês";;"No 1º mês";;"No 2º mês";;"No 3º mês";;"No 1º mês";;"No 2º mês";;"No 3º mês";;"No 1º mês";;"No 2º mês";;"No 3º mês";;"No 1º mês";;"No 2º mês";;"No 3º mês";;"No 1º mês";;"No 2º mês";;"No 3º mês";;"No 1º mês";;"No 2º mês";;"No 3º mês";;"No 1º mês";;"No 2º mês";;"No 3º mês";;"No 1º mês";;"No 2º mês";;"No 3º mês";;"No 1º mês";;"No 2º mês";;"No 3º mês";;"No 1º mês";;"No 2º mês";;"No 3º mês";;"No 1º mês";;"No 2º mês";;"No 3º mês";;"No 1º mês";;"No 2º mês";;"No 3º mês";;"No 1º mês";;"No 2º mês";;"No 3º mês";;"No 1º mês";;"No 2º mês";;"No 3º mês";;"No 1º mês";;"No 2º mês";;"No 3º mês";;"No 1º mês";;"No 2º mês";;"No 3º mês";;"No 1º mês";;"No 2º mês";;"No 3º mês";;"No 1º mês";;"No 2º mês";;"No 3º mês";;"No 1º mês";;"No 2º mês";;"No 3º mês";;"No 1º mês";;"No 2º mês";;"No 3º mês";;"No 1º mês";;"No 2º mês";;"No 3º mês";;"No 1º mês";;"No 2º mês";;"No 3º mês";;"No 1º mês";;"No 2º mês";;"No 3º mês";;"No 1º mês";;"No 2º mês";;"No 3º mês";;"No 1º mês";;"No 2º mês";;"No 3º mês";;"No 1º mês";;"No 2º mês";;"No 3º mês"
"";"Tipo de inspeção";"Total";;"Total";;"Total";;"Total";;"Total";;"Total";;"Total";;"Total";;"Total";;"Total";;"Total";;"Total";;"Total";;"Total";;"Total";;"Total";;"Total";;"Total";;"Total";;"Total";;"Total";;"Total";;"Total";;"Total";;"Total";;"Total";;"Total";;"Total";;"Total";;"Total";;"Total";;"Total";;"Total";;"Total";;"Total";;"Total";;"Total";;"Total";;"Total";;"Total";;"Total";;"Total";;"Total";;"Total";;"Total";;"Total";;"Total";;"Total";;"Total";;"Total";;"Total";;"Total";;"Total";;"Total";;"Total";;"Total";;"Total";;"Total";;"Total";;"Total";;"Total";;"Total";;"Total";;"Total";;"Total";;"Total";;"Total";;"Total";;"Total";;"Total";;"Total";;"Total";;"Total";;"Total";;"Total";;"Total";;"Total";;"Total";;"Total";;"Total";;"Total";;"Total";;"Total";;"Total";;"Total";;"Total";;"Total";;"Total";;"Total";;"Total";;"Total";;"Total";;"Total";;"Total";;"Total";;"Total";;"Total";;"Total";;"Total";;"Total";;"Total";;"Total";;"Total";;"Total";;"Total";;"Total";;"Total";;"Total";;"Total";;"Total";;"Total";;"Total";;"Total";;"Total";;"Total";;"Total";;"Total";;"Total";;"Total";;"Total";;"Total";;"Total";;"Total";;"Total";;"Total";;"Total";;"Total";;"Total";;"Total";;"Total";;"Total";;"Total";;"Total";;"Total";;"Total";;"Total";;"Total";;"Total";;"Total";;"Total";;"Total";;"Total";;"Total";;"Total";;"Total";;"Total";;"Total";;"Total";;"Total";;"Total";;"Total";;"Total";;"Total";;"Total";;"Total";;"Total";;"Total";;"Total";;"Total";;"Total";;"Total";;"Total";;"Total";;"Total";;"Total";;"Total";;"Total";;"Total";;"Total";;"Total";;"Total";;"Total";;"Total";;"Total";;"Total";;"Total";;"Total";;"Total";;"Total";;"Total";;"Total";;"Total";;"Total";;"Total";;"Total";;"Total";;"Total";;"Total";;"Total";;"Total";;"Total";;"Total";;"Total";;"Total";;"Total";;"Total";;"Total";;"Total";;"Total";;"Total";;"Total";;"Total";;"Total";;"Total";;"Total";;"Total";;"Total";;"Total";;"Total";;"Total";;"Total";;"Total";;"Total";;"Total";;"Total";;"Total";;"Total";;"Total";;"Total";;"Total";;"Total";;"Total";;"Total";;"Total";;"Total";;"Total";;"Total";;"Total";;"Total";;"Total";;"Total";;"Total";;"Total";;"Total";;"Total";;"Total";;"Total";;"Total";;"Total";;"Total";;"Total";;"Total";;"Total";;"Total";;"Total";;"Total";;"Total";;"Total";;"Total";;"Total";;"Total";;"Total";;"Total";;"Total";;"Total";;"Total";;"Total";;"Total";;"Total";;"Total";;"Total";;"Total";;"Total";;"Total";;"Total";;"Total";;"Total";;"Total";;"Total";;"Total";;"Total";;"Total";;"Total";;"Total";;"Total";;"Total";;"Total";;"Total";;"Total";;"Total";;"Total";;"Total";;"Total";;"Total";;"Total";;"Total";;"Total";;"Total";;"Total";;"Total";;"Total";;"Total";;"Total";;"Total";;"Total";;"Total";;"Total";;"Total";;"Total";;"Total";;"Total";;"Total";;"Total";;"Total";;"Total";;"Total";;"Total";;"Total";;"Total";;"Total";;"Total";;"Total";;"Total";;"Total";;"Total";;"Total";;"Total";;"Total";;"Total";;"Total";;"Total";;"Total";;"Total";;"Total";;"Total";;"Total";;"Total";;"Total";;"Total";;"Total";;"Total";;"Total";;"Total";;"Total";;"Total";;"Total";;"Total";;"Total";;"Total";;"Total";;"Total";;"Total";;"Total";;"Total";;"Total";;"Total";;"Total";;"Total";;"Total";;"Total";;"Total";;"Total";;"Total";;"Total"
"Brasil";"Total";"273308519";"Quilogramas";"250776583";"Quilogramas";"258143594";"Quilogramas";"281557166";"Quilogramas";"276015840";"Quilogramas";"269560986";"Quilogramas";"279181064";"Quilogramas";"281403260";"Quilogramas";"289548311";"Quilogramas";"295879207";"Quilogramas";"270652939";"Quilogramas";"308861579";"Quilogramas";"275806965";"Quilogramas";"255780010";"Quilogramas";"292795285";"Quilogramas";"278966923";"Quilogramas";"287127434";"Quilogramas";"284225252";"Quilogramas";"291813472";"Quilogramas";"275616771";"Quilogramas";"273882841";"Quilogramas";"288779477";"Quilogramas";"276426215";"Quilogramas";"316677234";"Quilogramas";"278734429";"Quilogramas";"279601628";"Quilogramas";"317987987";"Quilogramas";"305651089";"Quilogramas";"325028417";"Quilogramas";"331452320";"Quilogramas";"330339377";"Quilogramas";"339122399";"Quilogramas";"307565026";"Quilogramas";"320221826";"Quilogramas";"314822959";"Quilogramas";"356216876";"Quilogramas";"295312854";"Quilogramas";"306114527";"Quilogramas";"320226756";"Quilogramas";"297345221";"Quilogramas";"348000895";"Quilogramas";"333224190";"Quilogramas";"327728611";"Quilogramas";"348745495";"Quilogramas";"316659760";"Quilogramas";"331140483";"Quilogramas";"330390460";"Quilogramas";"344910357";"Quilogramas";"338875584";"Quilogramas";"295346136";"Quilogramas";"366627840";"Quilogramas";"331767889";"Quilogramas";"376185276";"Quilogramas";"357528311";"Quilogramas";"364728996";"Quilogramas";"408721034";"Quilogramas";"358201947";"Quilogramas";"391037852";"Quilogramas";"362177559";"Quilogramas";"379079272";"Quilogramas";"379088126";"Quilogramas";"349874609";"Quilogramas";"351879385";"Quilogramas";"367462124";"Quilogramas";"397082257";"Quilogramas";"383685649";"Quilogramas";"401399372";"Quilogramas";"398997694";"Quilogramas";"389815162";"Quilogramas";"426871014";"Quilogramas";"424465697";"Quilogramas";"428991865";"Quilogramas";"417292415";"Quilogramas";"398106622";"Quilogramas";"412358934";"Quilogramas";"389789987";"Quilogramas";"415191733";"Quilogramas";"383179315";"Quilogramas";"399398722";"Quilogramas";"393277746";"Quilogramas";"418931167";"Quilogramas";"460613611";"Quilogramas";"420256747";"Quilogramas";"468816167";"Quilogramas";"453976177";"Quilogramas";"416806427";"Quilogramas";"489482654";"Quilogramas";"462987085";"Quilogramas";"492531303";"Quilogramas";"512617229";"Quilogramas";"521960346";"Quilogramas";"533977897";"Quilogramas";"519419326";"Quilogramas";"485000288";"Quilogramas";"501577409";"Quilogramas";"515876140";"Quilogramas";"490636256";"Quilogramas";"453248274";"Quilogramas";"508780842";"Quilogramas";"543723092";"Quilogramas";"547416445";"Quilogramas";"574364929";"Quilogramas";"570022842";"Quilogramas";"586541214";"Quilogramas";"528662812";"Quilogramas";"464232167";"Quilogramas";"519763585";"Quilogramas";"558418747";"Quilogramas";"532949260";"Quilogramas";"473822634";"Quilogramas";"578434296";"Quilogramas";"500478900";"Quilogramas";"608292924";"Quilogramas";"592883325";"Quilogramas";"588410629";"Quilogramas";"632421286";"Quilogramas";"594795696";"Quilogramas";"611142620";"Quilogramas";"581189913";"Quilogramas";"591761637";"Quilogramas";"624514985";"Quilogramas";"551833705";"Quilogramas";"638976091";"Quilogramas";"572394423";"Quilogramas";"645536275";"Quilogramas";"554436720";"Quilogramas";"589371362";"Quilogramas";"607789323";"Quilogramas";"570838587";"Quilogramas";"562636489";"Quilogramas";"559298069";"Quilogramas";"571368629";"Quilogramas";"583613434";"Quilogramas";"519437147";"Quilogramas";"528787655";"Quilogramas";"595606539";"Quilogramas";"597395037";"Quilogramas";"556406415";"Quilogramas";"567899878";"Quilogramas";"552183187";"Quilogramas";"552785752";"Quilogramas";"551798274";"Quilogramas";"488040273";"Quilogramas";"527420870";"Quilogramas";"517914783";"Quilogramas";"475894946";"Quilogramas";"523017481";"Quilogramas";"511681606";"Quilogramas";"553881152";"Quilogramas";"560927554";"Quilogramas";"580747852";"Quilogramas";"570899005";"Quilogramas";"575831754";"Quilogramas";"610846466";"Quilogramas";"556335000";"Quilogramas";"623655097";"Quilogramas";"562948962";"Quilogramas";"523071903";"Quilogramas";"606747358";"Quilogramas";"589416301";"Quilogramas";"624016633";"Quilogramas";"614389471";"Quilogramas";"616656395";"Quilogramas";"576795972";"Quilogramas";"579355679";"Quilogramas";"549986917";"Quilogramas";"552201684";"Quilogramas";"581897093";"Quilogramas";"544628297";"Quilogramas";"534299129";"Quilogramas";"562892337";"Quilogramas";"514992418";"Quilogramas";"583094835";"Quilogramas";"551584341";"Quilogramas";"564958960";"Quilogramas";"600287249";"Quilogramas";"577690855";"Quilogramas";"572206091";"Quilogramas";"586080613";"Quilogramas";"590821821";"Quilogramas";"546798805";"Quilogramas";"533846766";"Quilogramas";"600690448";"Quilogramas";"552348456";"Quilogramas";"632399002";"Quilogramas";"616511562";"Quilogramas";"632024774";"Quilogramas";"674073012";"Quilogramas";"611942936";"Quilogramas";"682575360";"Quilogramas";"653559794";"Quilogramas";"614376262";"Quilogramas";"681473983";"Quilogramas";"598272946";"Quilogramas";"617495121";"Quilogramas";"686158666";"Quilogramas";"675261849";"Quilogramas";"646622557";"Quilogramas";"725653780";"Quilogramas";"721382449";"Quilogramas";"676618462";"Quilogramas";"730669502";"Quilogramas";"702256738";"Quilogramas";"704854154";"Quilogramas";"719312944";"Quilogramas";"618151474";"Quilogramas";"614966367";"Quilogramas";"655730280";"Quilogramas";"707704433";"Quilogramas";"648058362";"Quilogramas";"713711961";"Quilogramas";"649160273";"Quilogramas";"677530636";"Quilogramas";"716436816";"Quilogramas";"643096281";"Quilogramas";"699364992";"Quilogramas";"652289378";"Quilogramas";"569582026";"Quilogramas";"616064540";"Quilogramas";"606142484";"Quilogramas";"625780616";"Quilogramas";"615520318";"Quilogramas";"634504391";"Quilogramas";"612519352";"Quilogramas";"631994832";"Quilogramas";"657282679";"Quilogramas";"623295936";"Quilogramas";"648458805";"Quilogramas";"609101266";"Quilogramas";"602353108";"Quilogramas";"589768125";"Quilogramas";"618797164";"Quilogramas";"628870324";"Quilogramas";"630630051";"Quilogramas";"614004842";"Quilogramas";"627448850";"Quilogramas";"587688399";"Quilogramas";"599837122";"Quilogramas";"602200516";"Quilogramas";"648077928";"Quilogramas";"606416833";"Quilogramas";"563308719";"Quilogramas";"626838954";"Quilogramas";"515198736";"Quilogramas";"678956910";"Quilogramas";"638029488";"Quilogramas";"674912162";"Quilogramas";"709473017";"Quilogramas";"635423203";"Quilogramas";"676075630";"Quilogramas";"657780766";"Quilogramas";"699123287";"Quilogramas";"656914043";"Quilogramas";"590162139";"Quilogramas";"645435909";"Quilogramas";"639384406";"Quilogramas";"564682221";"Quilogramas";"704005579";"Quilogramas";"719976186";"Quilogramas";"747806788";"Quilogramas";"647870783";"Quilogramas";"721661480";"Quilogramas";"677265998";"Quilogramas";"674350099";"Quilogramas";"687081382";"Quilogramas";"622370284";"Quilogramas";"640872724";"Quilogramas";"651784088";"Quilogramas";"709958505";"Quilogramas";"615919409";"Quilogramas";"751802622";"Quilogramas";"744211855";"Quilogramas";"701473703";"Quilogramas";"770320716";"Quilogramas";"677117037";"Quilogramas";"645938901";"Quilogramas";"624500747";"Quilogramas";"602357142";"Quilogramas";"630369451";"Quilogramas";"579647135";"Quilogramas";"668176761";"Quilogramas";"658943806";"Quilogramas";"700642817";"Quilogramas";"680219151";"Quilogramas";"693289570";"Quilogramas";"708552984";"Quilogramas";"610333577";"Quilogramas";"667855161";"Quilogramas";"564826102";"Quilogramas";"572294459";"Quilogramas";"594779697";"Quilogramas";"588476988";"Quilogramas";"640816129";"Quilogramas";"657935679";"Quilogramas";"684107496";"Quilogramas";"698094745";"Quilogramas";"529445734";"Quilogramas";"602623490";"Quilogramas";"625202883";"Quilogramas";"697657739";"Quilogramas";"612852124";"Quilogramas";"587096639";"Quilogramas";"649494452";"Quilogramas";"593828107";"Quilogramas";"688735224";"Quilogramas";"675865080";"Quilogramas";"705099256";"Quilogramas";"744176663";"Quilogramas";"715564497";"Quilogramas";"677288440";"Quilogramas";"652836628";"Quilogramas";"709482687";"Quilogramas";"675814267";"Quilogramas";"614534547";"Quilogramas";"642812494";"Quilogramas";"661194969";"Quilogramas";"785487380";"Quilogramas";"753118775";"Quilogramas";"769547613";"Quilogramas";"850128808";"Quilogramas";"776761423";"Quilogramas";"822354936";"Quilogramas";"811900784";"Quilogramas";"798766957";"Quilogramas";"830291531";"Quilogramas";"807276435";"Quilogramas";"793906314";"Quilogramas";"869885080";"Quilogramas";"887433521";"Quilogramas";"850261747";"Quilogramas";"953585498";"Quilogramas";"945216362";"Quilogramas";"885539133";"Quilogramas";"895153485";"Quilogramas";"813745719";"Quilogramas";"823648355";"Quilogramas";"855707828";"Quilogramas";"820657367";"Quilogramas";"831097307";"Quilogramas";"852553618";"Quilogramas";"921887008";"Quilogramas";"903807311";"Quilogramas";"1004233990";"Quilogramas";"969441045";"Quilogramas";"1006379779";"Quilogramas";"1039118750";"Quilogramas";"928161617";"Quilogramas";"970169531";"Quilogramas";"892485783";"Quilogramas";"825318738";"Quilogramas";"922853400";"Quilogramas";"884996418";"Quilogramas";"924791645";"Quilogramas";"948281593";"Quilogramas"
"Fonte: IBGE - Pesquisa Trimestral do Abate de Animais"

"Notas"
"1 - Os dados divulgados são oriundos de estabelecimentos que estão sob inspeção sanitária federal, estadual ou municipal."
"2 - Os dados das Unidades da Federação com menos de 3 informantes estão desidentificados com o caracter X."
"3 - O número de informantes se repete nos meses de cada trimestre devido à periodicidade de coleta da pesquisa ser trimestral.
4 - A pesquisa do abate sofreu alterações conceituais a partir de 2012. As categorias de novilhos precoces, vitelos e novilhos foram fundidos em uma só: novilhos. O mesmo vale para novilhas.
5 - Bovinos - gado doméstico, dividido em categorias conforme sexo e idade:
        Boi - bovino macho adulto, com 2 anos de idade ou mais. Inclui o macho não castrado (touro).
        Vaca - bovino fêmea adulta, com 2 anos de idade ou mais, independente de já ter parido ou não.
        Novilho - bovino macho jovem, com menos de 2 anos de idade. Inclui vitelo, bezerro e novilho (precoce ou não).
        Novilha - bovino fêmea jovem, com menos de 2 anos de idade. Inclui vitela, bezerra e novilha (precoce ou não)."
"6 - Peso da Carcaça - peso da carcaça quente (em Kg), entendendo-se como carcaça: o animal abatido, formado das massas musculares e ossos, desprovido de cabeça, mocotós, cauda, couro, órgãos e vísceras torácicas e abdominais, tecnicamente preparado. Nos frangos, é facultativa a retirada dos rins, pés, pescoço e cabeça. Nos suínos a carcaça pode ou não incluir o couro, a cabeça e os pés."
"7 - Os dados dos 4 trimestres do ano são preliminares até a divulgação dos dados do 1° trimestre do ano seguinte."
""
"Legenda"
"Símbolo";"Significado"
"-";"Zero absoluto, não resultante de um cálculo ou arredondamento.
Ex: Em determinado município não existem pessoas de 14 anos de idade sem instrução."
"0";"Zero resultante de um cálculo ou arredondamento.
Ex: A inflação do feijão em determinada Região Metropolitana foi 0.
Determinado município produziu 400 kg de sementes de girassol e os dados da tabela são expressos em toneladas."
"X";"Valor inibido para não identificar o informante.
Ex: Determinado município só possui uma empresa produtora de cimento, logo o valor de sua produção deve ser inibido."
"..";"Valor não se aplica.
Ex: Não se pode obter o total da produção agrícola em determinado município quando os produtos agrícolas são contabilizados com unidades de medida distintas."
"...";"Valor não disponível.
Ex: A produção de feijão em determinado município não foi pesquisada ou determinado município não existia no ano da pesquisa."
"A a Z
(exceto X)";"Significa uma faixa de valores. Varia em função da tabela (se for o caso).
Ex: O nível de precisão da produção estimada de combustíveis está na faixa A (95 a 100%)"
