"Tabela 1094 - Número de informantes, Quantidade e Peso total das carcaças dos frangos abatidos, no mês e no trimestre, por tipo de inspeção"
"Variável - Animais abatidos"
"";"Tipo de inspeção";"Trimestre x Referência temporal"
"";"Tipo de inspeção";"1º trimestre 1997";;;;;;"2º trimestre 1997";;;;;;"3º trimestre 1997";;;;;;"4º trimestre 1997";;;;;;"1º trimestre 1998";;;;;;"2º trimestre 1998";;;;;;"3º trimestre 1998";;;;;;"4º trimestre 1998";;;;;;"1º trimestre 1999";;;;;;"2º trimestre 1999";;;;;;"3º trimestre 1999";;;;;;"4º trimestre 1999";;;;;;"1º trimestre 2000";;;;;;"2º trimestre 2000";;;;;;"3º trimestre 2000";;;;;;"4º trimestre 2000";;;;;;"1º trimestre 2001";;;;;;"2º trimestre 2001";;;;;;"3º trimestre 2001";;;;;;"4º trimestre 2001";;;;;;"1º trimestre 2002";;;;;;"2º trimestre 2002";;;;;;"3º trimestre 2002";;;;;;"4º trimestre 2002";;;;;;"1º trimestre 2003";;;;;;"2º trimestre 2003";;;;;;"3º trimestre 2003";;;;;;"4º trimestre 2003";;;;;;"1º trimestre 2004";;;;;;"2º trimestre 2004";;;;;;"3º trimestre 2004";;;;;;"4º trimestre 2004";;;;;;"1º trimestre 2005";;;;;;"2º trimestre 2005";;;;;;"3º trimestre 2005";;;;;;"4º trimestre 2005";;;;;;"1º trimestre 2006";;;;;;"2º trimestre 2006";;;;;;"3º trimestre 2006";;;;;;"4º trimestre 2006";;;;;;"1º trimestre 2007";;;;;;"2º trimestre 2007";;;;;;"3º trimestre 2007";;;;;;"4º trimestre 2007";;;;;;"1º trimestre 2008";;;;;;"2º trimestre 2008";;;;;;"3º trimestre 2008";;;;;;"4º trimestre 2008";;;;;;"1º trimestre 2009";;;;;;"2º trimestre 2009";;;;;;"3º trimestre 2009";;;;;;"4º trimestre 2009";;;;;;"1º trimestre 2010";;;;;;"2º trimestre 2010";;;;;;"3º trimestre 2010";;;;;;"4º trimestre 2010";;;;;;"1º trimestre 2011";;;;;;"2º trimestre 2011";;;;;;"3º trimestre 2011";;;;;;"4º trimestre 2011";;;;;;"1º trimestre 2012";;;;;;"2º trimestre 2012";;;;;;"3º trimestre 2012";;;;;;"4º trimestre 2012";;;;;;"1º trimestre 2013";;;;;;"2º trimestre 2013";;;;;;"3º trimestre 2013";;;;;;"4º trimestre 2013";;;;;;"1º trimestre 2014";;;;;;"2º trimestre 2014";;;;;;"3º trimestre 2014";;;;;;"4º trimestre 2014";;;;;;"1º trimestre 2015";;;;;;"2º trimestre 2015";;;;;;"3º trimestre 2015";;;;;;"4º trimestre 2015";;;;;;"1º trimestre 2016";;;;;;"2º trimestre 2016";;;;;;"3º trimestre 2016";;;;;;"4º trimestre 2016";;;;;;"1º trimestre 2017";;;;;;"2º trimestre 2017";;;;;;"3º trimestre 2017";;;;;;"4º trimestre 2017";;;;;;"1º trimestre 2018";;;;;;"2º trimestre 2018";;;;;;"3º trimestre 2018";;;;;;"4º trimestre 2018";;;;;;"1º trimestre 2019";;;;;;"2º trimestre 2019";;;;;;"3º trimestre 2019";;;;;;"4º trimestre 2019";;;;;;"1º trimestre 2020";;;;;;"2º trimestre 2020";;;;;;"3º trimestre 2020";;;;;;"4º trimestre 2020";;;;;;"1º trimestre 2021";;;;;;"2º trimestre 2021";;;;;;"3º trimestre 2021";;;;;;"4º trimestre 2021";;;;;;"1º trimestre 2022";;;;;;"2º trimestre 2022";;;;;;"3º trimestre 2022";;;;;;"4º trimestre 2022";;;;;;"1º trimestre 2023";;;;;;"2º trimestre 2023";;;;;;"3º trimestre 2023";;;;;;"4º trimestre 2023";;;;;;"1º trimestre 2024";;;;;;"2º trimestre 2024";;;;;;"3º trimestre 2024";;;;;;"4º trimestre 2024";;;;;;"1º trimestre 2025";;;;;;"2º trimestre 2025";;;;;;"3º trimestre 2025";;;;;;"4º trimestre 2025";;;;;;"1º trimestre 2026";;;;;;"2º trimestre 2026"
"";"Tipo de inspeção";"No 1º mês";;"No 2º mês";;"No 3º mês";;"No 1º mês";;"No 2º mês";;"No 3º mês";;"No 1º mês";;"No 2º mês";;"No 3º mês";;"No 1º mês";;"No 2º mês";;"No 3º mês";;"No 1º mês";;"No 2º mês";;"No 3º mês";;"No 1º mês";;"No 2º mês";;"No 3º mês";;"No 1º mês";;"No 2º mês";;"No 3º mês";;"No 1º mês";;"No 2º mês";;"No 3º mês";;"No 1º mês";;"No 2º mês";;"No 3º mês";;"No 1º mês";;"No 2º mês";;"No 3º mês";;"No 1º mês";;"No 2º mês";;"No 3º mês";;"No 1º mês";;"No 2º mês";;"No 3º mês";;"No 1º mês";;"No 2º mês";;"No 3º mês";;"No 1º mês";;"No 2º mês";;"No 3º mês";;"No 1º mês";;"No 2º mês";;"No 3º mês";;"No 1º mês";;"No 2º mês";;"No 3º mês";;"No 1º mês";;"No 2º mês";;"No 3º mês";;"No 1º mês";;"No 2º mês";;"No 3º mês";;"No 1º mês";;"No 2º mês";;"No 3º mês";;"No 1º mês";;"No 2º mês";;"No 3º mês";;"No 1º mês";;"No 2º mês";;"No 3º mês";;"No 1º mês";;"No 2º mês";;"No 3º mês";;"No 1º mês";;"No 2º mês";;"No 3º mês";;"No 1º mês";;"No 2º mês";;"No 3º mês";;"No 1º mês";;"No 2º mês";;"No 3º mês";;"No 1º mês";;"No 2º mês";;"No 3º mês";;"No 1º mês";;"No 2º mês";;"No 3º mês";;"No 1º mês";;"No 2º mês";;"No 3º mês";;"No 1º mês";;"No 2º mês";;"No 3º mês";;"No 1º mês";;"No 2º mês";;"No 3º mês";;"No 1º mês";;"No 2º mês";;"No 3º mês";;"No 1º mês";;"No 2º mês";;"No 3º mês";;"No 1º mês";;"No 2º mês";;"No 3º mês";;"No 1º mês";;"No 2º mês";;"No 3º mês";;"No 1º mês";;"No 2º mês";;"No 3º mês";;"No 1º mês";;"No 2º mês";;"No 3º mês";;"No 1º mês";;"No 2º mês";;"No 3º mês";;"No 1º mês";;"No 2º mês";;"No 3º mês";;"No 1º mês";;"No 2º mês";;"No 3º mês";;"No 1º mês";;"No 2º mês";;"No 3º mês";;"No 1º mês";;"No 2º mês";;"No 3º mês";;"No 1º mês";;"No 2º mês";;"No 3º mês";;"No 1º mês";;"No 2º mês";;"No 3º mês";;"No 1º mês";;"No 2º mês";;"No 3º mês";;"No 1º mês";;"No 2º mês";;"No 3º mês";;"No 1º mês";;"No 2º mês";;"No 3º mês";;"No 1º mês";;"No 2º mês";;"No 3º mês";;"No 1º mês";;"No 2º mês";;"No 3º mês";;"No 1º mês";;"No 2º mês";;"No 3º mês";;"No 1º mês";;"No 2º mês";;"No 3º mês";;"No 1º mês";;"No 2º mês";;"No 3º mês";;"No 1º mês";;"No 2º mês";;"No 3º mês";;"No 1º mês";;"No 2º mês";;"No 3º mês";;"No 1º mês";;"No 2º mês";;"No 3º mês";;"No 1º mês";;"No 2º mês";;"No 3º mês";;"No 1º mês";;"No 2º mês";;"No 3º mês";;"No 1º mês";;"No 2º mês";;"No 3º mês";;"No 1º mês";;"No 2º mês";;"No 3º mês";;"No 1º mês";;"No 2º mês";;"No 3º mês";;"No 1º mês";;"No 2º mês";;"No 3º mês";;"No 1º mês";;"No 2º mês";;"No 3º mês";;"No 1º mês";;"No 2º mês";;"No 3º mês";;"No 1º mês";;"No 2º mês";;"No 3º mês";;"No 1º mês";;"No 2º mês";;"No 3º mês";;"No 1º mês";;"No 2º mês";;"No 3º mês";;"No 1º mês";;"No 2º mês";;"No 3º mês";;"No 1º mês";;"No 2º mês";;"No 3º mês";;"No 1º mês";;"No 2º mês";;"No 3º mês";;"No 1º mês";;"No 2º mês";;"No 3º mês";;"No 1º mês";;"No 2º mês";;"No 3º mês";;"No 1º mês";;"No 2º mês";;"No 3º mês";;"No 1º mês";;"No 2º mês";;"No 3º mês";;"No 1º mês";;"No 2º mês";;"No 3º mês";;"No 1º mês";;"No 2º mês";;"No 3º mês";;"No 1º mês";;"No 2º mês";;"No 3º mês";;"No 1º mês";;"No 2º mês";;"No 3º mês";;"No 1º mês";;"No 2º mês";;"No 3º mês";;"No 1º mês";;"No 2º mês";;"No 3º mês";;"No 1º mês";;"No 2º mês";;"No 3º mês";;"No 1º mês";;"No 2º mês";;"No 3º mês";;"No 1º mês";;"No 2º mês";;"No 3º mês";;"No 1º mês";;"No 2º mês";;"No 3º mês";;"No 1º mês";;"No 2º mês";;"No 3º mês";;"No 1º mês";;"No 2º mês";;"No 3º mês";;"No 1º mês";;"No 2º mês";;"No 3º mês";;"No 1º mês";;"No 2º mês";;"No 3º mês";;"No 1º mês";;"No 2º mês";;"No 3º mês";;"No 1º mês";;"No 2º mês";;"No 3º mês";;"No 1º mês";;"No 2º mês";;"No 3º mês";;"No 1º mês";;"No 2º mês";;"No 3º mês";;"No 1º mês";;"No 2º mês";;"No 3º mês";;"No 1º mês";;"No 2º mês";;"No 3º mês";;"No 1º mês";;"No 2º mês";;"No 3º mês";;"No 1º mês";;"No 2º mês";;"No 3º mês";;"No 1º mês";;"No 2º mês";;"No 3º mês";;"No 1º mês";;"No 2º mês";;"No 3º mês";;"No 1º mês";;"No 2º mês";;"No 3º mês";;"No 1º mês";;"No 2º mês";;"No 3º mês";;"No 1º mês";;"No 2º mês";;"No 3º mês";;"No 1º mês";;"No 2º mês";;"No 3º mês";;"No 1º mês";;"No 2º mês";;"No 3º mês";;"No 1º mês";;"No 2º mês";;"No 3º mês";;"No 1º mês";;"No 2º mês";;"No 3º mês";;"No 1º mês";;"No 2º mês";;"No 3º mês";;"No 1º mês";;"No 2º mês";;"No 3º mês";;"No 1º mês";;"No 2º mês";;"No 3º mês";;"No 1º mês";;"No 2º mês";;"No 3º mês";;"No 1º mês";;"No 2º mês";;"No 3º mês";;"No 1º mês";;"No 2º mês";;"No 3º mês";;"No 1º mês";;"No 2º mês";;"No 3º mês";;"No 1º mês";;"No 2º mês";;"No 3º mês";;"No 1º mês";;"No 2º mês";;"No 3º mês";;"No 1º mês";;"No 2º mês";;"No 3º mês";;"No 1º mês";;"No 2º mês";;"No 3º mês";;"No 1º mês";;"No 2º mês";;"No 3º mês";;"No 1º mês";;"No 2º mês";;"No 3º mês";;"No 1º mês";;"No 2º mês";;"No 3º mês";;"No 1º mês";;"No 2º mês";;"No 3º mês"
"Brasil";"Total";"181124496";"Cabeças";"162200463";"Cabeças";"166667562";"Cabeças";"176028986";"Cabeças";"167114142";"Cabeças";"171979780";"Cabeças";"187516713";"Cabeças";"176936530";"Cabeças";"186434334";"Cabeças";"201114765";"Cabeças";"178843042";"Cabeças";"196535873";"Cabeças";"180858812";"Cabeças";"161391514";"Cabeças";"181685158";"Cabeças";"173348162";"Cabeças";"174324536";"Cabeças";"177026029";"Cabeças";"193660895";"Cabeças";"184772200";"Cabeças";"191293678";"Cabeças";"198668745";"Cabeças";"187314439";"Cabeças";"197162126";"Cabeças";"185547074";"Cabeças";"181270265";"Cabeças";"213597390";"Cabeças";"191925184";"Cabeças";"201570205";"Cabeças";"199539995";"Cabeças";"207483327";"Cabeças";"219777121";"Cabeças";"209339655";"Cabeças";"214982336";"Cabeças";"207285773";"Cabeças";"221313586";"Cabeças";"214518673";"Cabeças";"215949318";"Cabeças";"231771988";"Cabeças";"208268750";"Cabeças";"230708507";"Cabeças";"212973933";"Cabeças";"211260579";"Cabeças";"230467802";"Cabeças";"209509932";"Cabeças";"225977530";"Cabeças";"222036603";"Cabeças";"224615144";"Cabeças";"238025585";"Cabeças";"209568026";"Cabeças";"245016064";"Cabeças";"219926860";"Cabeças";"246139001";"Cabeças";"225019804";"Cabeças";"236828850";"Cabeças";"251623035";"Cabeças";"227826333";"Cabeças";"264385886";"Cabeças";"250541522";"Cabeças";"243183069";"Cabeças";"267618284";"Cabeças";"236299492";"Cabeças";"243333318";"Cabeças";"270636159";"Cabeças";"261683455";"Cabeças";"245784432";"Cabeças";"272599099";"Cabeças";"267720322";"Cabeças";"251722672";"Cabeças";"278340710";"Cabeças";"255337913";"Cabeças";"257719747";"Cabeças";"272515174";"Cabeças";"249200098";"Cabeças";"256574042";"Cabeças";"253314939";"Cabeças";"265193989";"Cabeças";"251369743";"Cabeças";"277214381";"Cabeças";"263658743";"Cabeças";"270840440";"Cabeças";"290240966";"Cabeças";"268438035";"Cabeças";"283357020";"Cabeças";"281024862";"Cabeças";"261517636";"Cabeças";"306206391";"Cabeças";"286832623";"Cabeças";"292288637";"Cabeças";"288231719";"Cabeças";"297967728";"Cabeças";"294051260";"Cabeças";"293000544";"Cabeças";"307289501";"Cabeças";"303431795";"Cabeças";"320692812";"Cabeças";"303632310";"Cabeças";"283165433";"Cabeças";"317479009";"Cabeças";"306039078";"Cabeças";"317808507";"Cabeças";"325715954";"Cabeças";"320385641";"Cabeças";"346174239";"Cabeças";"329190455";"Cabeças";"327873857";"Cabeças";"331841544";"Cabeças";"343174192";"Cabeças";"351781875";"Cabeças";"319040557";"Cabeças";"355742926";"Cabeças";"269256253";"Cabeças";"305943487";"Cabeças";"307411399";"Cabeças";"326407137";"Cabeças";"351655283";"Cabeças";"330921132";"Cabeças";"346482089";"Cabeças";"335464103";"Cabeças";"339470300";"Cabeças";"361803961";"Cabeças";"320970110";"Cabeças";"372698826";"Cabeças";"337716515";"Cabeças";"380599063";"Cabeças";"354600898";"Cabeças";"363814497";"Cabeças";"383156122";"Cabeças";"348041071";"Cabeças";"396801844";"Cabeças";"382150255";"Cabeças";"369192222";"Cabeças";"417832472";"Cabeças";"386558946";"Cabeças";"387146898";"Cabeças";"406767003";"Cabeças";"397347246";"Cabeças";"392405053";"Cabeças";"434800033";"Cabeças";"399416114";"Cabeças";"415811018";"Cabeças";"444520962";"Cabeças";"404938981";"Cabeças";"408258478";"Cabeças";"379097180";"Cabeças";"348715906";"Cabeças";"396761140";"Cabeças";"379180178";"Cabeças";"389618652";"Cabeças";"398876144";"Cabeças";"431279075";"Cabeças";"415790797";"Cabeças";"419771842";"Cabeças";"417597895";"Cabeças";"390930386";"Cabeças";"405790394";"Cabeças";"386758398";"Cabeças";"375965705";"Cabeças";"443790288";"Cabeças";"403466209";"Cabeças";"418695104";"Cabeças";"413754871";"Cabeças";"435701420";"Cabeças";"430088538";"Cabeças";"417875689";"Cabeças";"415602884";"Cabeças";"413349940";"Cabeças";"433435620";"Cabeças";"431655841";"Cabeças";"414796596";"Cabeças";"460320896";"Cabeças";"415501448";"Cabeças";"458236329";"Cabeças";"440181442";"Cabeças";"447567503";"Cabeças";"464034097";"Cabeças";"438339645";"Cabeças";"430504137";"Cabeças";"430759538";"Cabeças";"458792964";"Cabeças";"455137939";"Cabeças";"424859479";"Cabeças";"468637670";"Cabeças";"400883700";"Cabeças";"452652923";"Cabeças";"420304883";"Cabeças";"446408906";"Cabeças";"472758872";"Cabeças";"412462527";"Cabeças";"455504469";"Cabeças";"428698758";"Cabeças";"404239692";"Cabeças";"456967277";"Cabeças";"401711774";"Cabeças";"426580064";"Cabeças";"472449616";"Cabeças";"464262805";"Cabeças";"433557968";"Cabeças";"479863844";"Cabeças";"467342725";"Cabeças";"433653560";"Cabeças";"485674578";"Cabeças";"435459604";"Cabeças";"435305480";"Cabeças";"474498088";"Cabeças";"433338263";"Cabeças";"444075811";"Cabeças";"440172519";"Cabeças";"461836008";"Cabeças";"427637698";"Cabeças";"488609345";"Cabeças";"451031135";"Cabeças";"466101328";"Cabeças";"490873027";"Cabeças";"449577503";"Cabeças";"467647372";"Cabeças";"462564455";"Cabeças";"422537704";"Cabeças";"497369098";"Cabeças";"452177116";"Cabeças";"469553818";"Cabeças";"481137139";"Cabeças";"517712329";"Cabeças";"492323911";"Cabeças";"492824416";"Cabeças";"513804969";"Cabeças";"486145396";"Cabeças";"507130658";"Cabeças";"481089626";"Cabeças";"477347327";"Cabeças";"521749175";"Cabeças";"490677793";"Cabeças";"490404304";"Cabeças";"512908235";"Cabeças";"485824988";"Cabeças";"513755551";"Cabeças";"472452791";"Cabeças";"461349491";"Cabeças";"461478677";"Cabeças";"492702517";"Cabeças";"505461159";"Cabeças";"459241385";"Cabeças";"531857245";"Cabeças";"447598318";"Cabeças";"510495741";"Cabeças";"476530266";"Cabeças";"488235775";"Cabeças";"523236273";"Cabeças";"478044659";"Cabeças";"482747482";"Cabeças";"472866354";"Cabeças";"478203377";"Cabeças";"511752062";"Cabeças";"464629403";"Cabeças";"502412584";"Cabeças";"484735648";"Cabeças";"406446715";"Cabeças";"487544756";"Cabeças";"474474179";"Cabeças";"506899033";"Cabeças";"448530250";"Cabeças";"501885049";"Cabeças";"464696499";"Cabeças";"449897893";"Cabeças";"499416945";"Cabeças";"460136041";"Cabeças";"466195852";"Cabeças";"474502874";"Cabeças";"499422465";"Cabeças";"438662133";"Cabeças";"504418783";"Cabeças";"492253153";"Cabeças";"461843164";"Cabeças";"511719862";"Cabeças";"471637366";"Cabeças";"474331792";"Cabeças";"510468544";"Cabeças";"465076210";"Cabeças";"527466875";"Cabeças";"479211847";"Cabeças";"470478601";"Cabeças";"452163493";"Cabeças";"517467936";"Cabeças";"493364194";"Cabeças";"493504716";"Cabeças";"521209846";"Cabeças";"494818249";"Cabeças";"528577403";"Cabeças";"506717375";"Cabeças";"486784146";"Cabeças";"562498145";"Cabeças";"496856064";"Cabeças";"513202384";"Cabeças";"496254721";"Cabeças";"510459371";"Cabeças";"512037708";"Cabeças";"495635034";"Cabeças";"500272610";"Cabeças";"502797611";"Cabeças";"527559287";"Cabeças";"501343172";"Cabeças";"483224935";"Cabeças";"542301368";"Cabeças";"472202593";"Cabeças";"515733488";"Cabeças";"498556318";"Cabeças";"502634262";"Cabeças";"525455685";"Cabeças";"503146075";"Cabeças";"511116937";"Cabeças";"512054964";"Cabeças";"542058934";"Cabeças";"534679651";"Cabeças";"503329974";"Cabeças";"573890136";"Cabeças";"483033737";"Cabeças";"548213290";"Cabeças";"528148595";"Cabeças";"525969000";"Cabeças";"553311699";"Cabeças";"501277752";"Cabeças";"518587271";"Cabeças";"503397689";"Cabeças";"508947136";"Cabeças";"551403129";"Cabeças";"526545659";"Cabeças";"524308726";"Cabeças";"559616073";"Cabeças";"543924052";"Cabeças";"517734618";"Cabeças";"569829849";"Cabeças";"554601460";"Cabeças";"517832261";"Cabeças";"573087655";"Cabeças";"531456776";"Cabeças";"518354589";"Cabeças";"570659959";"Cabeças";"532686975";"Cabeças";"544122997";"Cabeças";"539025108";"Cabeças";"576388501";"Cabeças";"525592680";"Cabeças";"591973465";"Cabeças";"543061896";"Cabeças";"555742832";"Cabeças";"594458778";"Cabeças";"545442086";"Cabeças";"576310018";"Cabeças";"575325587";"Cabeças";"537139567";"Cabeças";"594893626";"Cabeças";"557655258";"Cabeças";"561301890";"Cabeças";"568507991";"Cabeças"
"Fonte: IBGE - Pesquisa Trimestral do Abate de Animais"

"Tabela 1094 - Número de informantes, Quantidade e Peso total das carcaças dos frangos abatidos, no mês e no trimestre, por tipo de inspeção"
"Variável - Peso total das carcaças"
"";"Tipo de inspeção";"Trimestre x Referência temporal"
"";"Tipo de inspeção";"1º trimestre 1997";;;;;;"2º trimestre 1997";;;;;;"3º trimestre 1997";;;;;;"4º trimestre 1997";;;;;;"1º trimestre 1998";;;;;;"2º trimestre 1998";;;;;;"3º trimestre 1998";;;;;;"4º trimestre 1998";;;;;;"1º trimestre 1999";;;;;;"2º trimestre 1999";;;;;;"3º trimestre 1999";;;;;;"4º trimestre 1999";;;;;;"1º trimestre 2000";;;;;;"2º trimestre 2000";;;;;;"3º trimestre 2000";;;;;;"4º trimestre 2000";;;;;;"1º trimestre 2001";;;;;;"2º trimestre 2001";;;;;;"3º trimestre 2001";;;;;;"4º trimestre 2001";;;;;;"1º trimestre 2002";;;;;;"2º trimestre 2002";;;;;;"3º trimestre 2002";;;;;;"4º trimestre 2002";;;;;;"1º trimestre 2003";;;;;;"2º trimestre 2003";;;;;;"3º trimestre 2003";;;;;;"4º trimestre 2003";;;;;;"1º trimestre 2004";;;;;;"2º trimestre 2004";;;;;;"3º trimestre 2004";;;;;;"4º trimestre 2004";;;;;;"1º trimestre 2005";;;;;;"2º trimestre 2005";;;;;;"3º trimestre 2005";;;;;;"4º trimestre 2005";;;;;;"1º trimestre 2006";;;;;;"2º trimestre 2006";;;;;;"3º trimestre 2006";;;;;;"4º trimestre 2006";;;;;;"1º trimestre 2007";;;;;;"2º trimestre 2007";;;;;;"3º trimestre 2007";;;;;;"4º trimestre 2007";;;;;;"1º trimestre 2008";;;;;;"2º trimestre 2008";;;;;;"3º trimestre 2008";;;;;;"4º trimestre 2008";;;;;;"1º trimestre 2009";;;;;;"2º trimestre 2009";;;;;;"3º trimestre 2009";;;;;;"4º trimestre 2009";;;;;;"1º trimestre 2010";;;;;;"2º trimestre 2010";;;;;;"3º trimestre 2010";;;;;;"4º trimestre 2010";;;;;;"1º trimestre 2011";;;;;;"2º trimestre 2011";;;;;;"3º trimestre 2011";;;;;;"4º trimestre 2011";;;;;;"1º trimestre 2012";;;;;;"2º trimestre 2012";;;;;;"3º trimestre 2012";;;;;;"4º trimestre 2012";;;;;;"1º trimestre 2013";;;;;;"2º trimestre 2013";;;;;;"3º trimestre 2013";;;;;;"4º trimestre 2013";;;;;;"1º trimestre 2014";;;;;;"2º trimestre 2014";;;;;;"3º trimestre 2014";;;;;;"4º trimestre 2014";;;;;;"1º trimestre 2015";;;;;;"2º trimestre 2015";;;;;;"3º trimestre 2015";;;;;;"4º trimestre 2015";;;;;;"1º trimestre 2016";;;;;;"2º trimestre 2016";;;;;;"3º trimestre 2016";;;;;;"4º trimestre 2016";;;;;;"1º trimestre 2017";;;;;;"2º trimestre 2017";;;;;;"3º trimestre 2017";;;;;;"4º trimestre 2017";;;;;;"1º trimestre 2018";;;;;;"2º trimestre 2018";;;;;;"3º trimestre 2018";;;;;;"4º trimestre 2018";;;;;;"1º trimestre 2019";;;;;;"2º trimestre 2019";;;;;;"3º trimestre 2019";;;;;;"4º trimestre 2019";;;;;;"1º trimestre 2020";;;;;;"2º trimestre 2020";;;;;;"3º trimestre 2020";;;;;;"4º trimestre 2020";;;;;;"1º trimestre 2021";;;;;;"2º trimestre 2021";;;;;;"3º trimestre 2021";;;;;;"4º trimestre 2021";;;;;;"1º trimestre 2022";;;;;;"2º trimestre 2022";;;;;;"3º trimestre 2022";;;;;;"4º trimestre 2022";;;;;;"1º trimestre 2023";;;;;;"2º trimestre 2023";;;;;;"3º trimestre 2023";;;;;;"4º trimestre 2023";;;;;;"1º trimestre 2024";;;;;;"2º trimestre 2024";;;;;;"3º trimestre 2024";;;;;;"4º trimestre 2024";;;;;;"1º trimestre 2025";;;;;;"2º trimestre 2025";;;;;;"3º trimestre 2025";;;;;;"4º trimestre 2025";;;;;;"1º trimestre 2026";;;;;;"2º trimestre 2026"
"";"Tipo de inspeção";"No 1º mês";;"No 2º mês";;"No 3º mês";;"No 1º mês";;"No 2º mês";;"No 3º mês";;"No 1º mês";;"No 2º mês";;"No 3º mês";;"No 1º mês";;"No 2º mês";;"No 3º mês";;"No 1º mês";;"No 2º mês";;"No 3º mês";;"No 1º mês";;"No 2º mês";;"No 3º mês";;"No 1º mês";;"No 2º mês";;"No 3º mês";;"No 1º mês";;"No 2º mês";;"No 3º mês";;"No 1º mês";;"No 2º mês";;"No 3º mês";;"No 1º mês";;"No 2º mês";;"No 3º mês";;"No 1º mês";;"No 2º mês";;"No 3º mês";;"No 1º mês";;"No 2º mês";;"No 3º mês";;"No 1º mês";;"No 2º mês";;"No 3º mês";;"No 1º mês";;"No 2º mês";;"No 3º mês";;"No 1º mês";;"No 2º mês";;"No 3º mês";;"No 1º mês";;"No 2º mês";;"No 3º mês";;"No 1º mês";;"No 2º mês";;"No 3º mês";;"No 1º mês";;"No 2º mês";;"No 3º mês";;"No 1º mês";;"No 2º mês";;"No 3º mês";;"No 1º mês";;"No 2º mês";;"No 3º mês";;"No 1º mês";;"No 2º mês";;"No 3º mês";;"No 1º mês";;"No 2º mês";;"No 3º mês";;"No 1º mês";;"No 2º mês";;"No 3º mês";;"No 1º mês";;"No 2º mês";;"No 3º mês";;"No 1º mês";;"No 2º mês";;"No 3º mês";;"No 1º mês";;"No 2º mês";;"No 3º mês";;"No 1º mês";;"No 2º mês";;"No 3º mês";;"No 1º mês";;"No 2º mês";;"No 3º mês";;"No 1º mês";;"No 2º mês";;"No 3º mês";;"No 1º mês";;"No 2º mês";;"No 3º mês";;"No 1º mês";;"No 2º mês";;"No 3º mês";;"No 1º mês";;"No 2º mês";;"No 3º mês";;"No 1º mês";;"No 2º mês";;"No 3º mês";;"No 1º mês";;"No 2º mês";;"No 3º mês";;"No 1º mês";;"No 2º mês";;"No 3º mês";;"No 1º mês";;"No 2º mês";;"No 3º mês";;"No 1º mês";;"No 2º mês";;"No 3º mês";;"No 1º mês";;"No 2º mês";;"No 3º mês";;"No 1º mês";;"No 2º mês";;"No 3º mês";;"No 1º mês";;"No 2º mês";;"No 3º mês";;"No 1º mês";;"No 2º mês";;"No 3º mês";;"No 1º mês";;"No 2º mês";;"No 3º mês";;"No 1º mês";;"No 2º mês";;"No 3º mês";;"No 1º mês";;"No 2º mês";;"No 3º mês";;"No 1º mês";;"No 2º mês";;"No 3º mês";;"No 1º mês";;"No 2º mês";;"No 3º mês";;"No 1º mês";;"No 2º mês";;"No 3º mês";;"No 1º mês";;"No 2º mês";;"No 3º mês";;"No 1º mês";;"No 2º mês";;"No 3º mês";;"No 1º mês";;"No 2º mês";;"No 3º mês";;"No 1º mês";;"No 2º mês";;"No 3º mês";;"No 1º mês";;"No 2º mês";;"No 3º mês";;"No 1º mês";;"No 2º mês";;"No 3º mês";;"No 1º mês";;"No 2º mês";;"No 3º mês";;"No 1º mês";;"No 2º mês";;"No 3º mês";;"No 1º mês";;"No 2º mês";;"No 3º mês";;"No 1º mês";;"No 2º mês";;"No 3º mês";;"No 1º mês";;"No 2º mês";;"No 3º mês";;"No 1º mês";;"No 2º mês";;"No 3º mês";;"No 1º mês";;"No 2º mês";;"No 3º mês";;"No 1º mês";;"No 2º mês";;"No 3º mês";;"No 1º mês";;"No 2º mês";;"No 3º mês";;"No 1º mês";;"No 2º mês";;"No 3º mês";;"No 1º mês";;"No 2º mês";;"No 3º mês";;"No 1º mês";;"No 2º mês";;"No 3º mês";;"No 1º mês";;"No 2º mês";;"No 3º mês";;"No 1º mês";;"No 2º mês";;"No 3º mês";;"No 1º mês";;"No 2º mês";;"No 3º mês";;"No 1º mês";;"No 2º mês";;"No 3º mês";;"No 1º mês";;"No 2º mês";;"No 3º mês";;"No 1º mês";;"No 2º mês";;"No 3º mês";;"No 1º mês";;"No 2º mês";;"No 3º mês";;"No 1º mês";;"No 2º mês";;"No 3º mês";;"No 1º mês";;"No 2º mês";;"No 3º mês";;"No 1º mês";;"No 2º mês";;"No 3º mês";;"No 1º mês";;"No 2º mês";;"No 3º mês";;"No 1º mês";;"No 2º mês";;"No 3º mês";;"No 1º mês";;"No 2º mês";;"No 3º mês";;"No 1º mês";;"No 2º mês";;"No 3º mês";;"No 1º mês";;"No 2º mês";;"No 3º mês";;"No 1º mês";;"No 2º mês";;"No 3º mês";;"No 1º mês";;"No 2º mês";;"No 3º mês";;"No 1º mês";;"No 2º mês";;"No 3º mês";;"No 1º mês";;"No 2º mês";;"No 3º mês";;"No 1º mês";;"No 2º mês";;"No 3º mês";;"No 1º mês";;"No 2º mês";;"No 3º mês";;"No 1º mês";;"No 2º mês";;"No 3º mês";;"No 1º mês";;"No 2º mês";;"No 3º mês";;"No 1º mês";;"No 2º mês";;"No 3º mês";;"No 1º mês";;"No 2º mês";;"No 3º mês";;"No 1º mês";;"No 2º mês";;"No 3º mês";;"No 1º mês";;"No 2º mês";;"No 3º mês";;"No 1º mês";;"No 2º mês";;"No 3º mês";;"No 1º mês";;"No 2º mês";;"No 3º mês";;"No 1º mês";;"No 2º mês";;"No 3º mês";;"No 1º mês";;"No 2º mês";;"No 3º mês";;"No 1º mês";;"No 2º mês";;"No 3º mês";;"No 1º mês";;"No 2º mês";;"No 3º mês";;"No 1º mês";;"No 2º mês";;"No 3º mês";;"No 1º mês";;"No 2º mês";;"No 3º mês";;"No 1º mês";;"No 2º mês";;"No 3º mês";;"No 1º mês";;"No 2º mês";;"No 3º mês";;"No 1º mês";;"No 2º mês";;"No 3º mês";;"No 1º mês";;"No 2º mês";;"No 3º mês";;"No 1º mês";;"No 2º mês";;"No 3º mês";;"No 1º mês";;"No 2º mês";;"No 3º mês";;"No 1º mês";;"No 2º mês";;"No 3º mês";;"No 1º mês";;"No 2º mês";;"No 3º mês";;"No 1º mês";;"No 2º mês";;"No 3º mês";;"No 1º mês";;"No 2º mês";;"No 3º mês";;"No 1º mês";;"No 2º mês";;"No 3º mês";;"No 1º mês";;"No 2º mês";;"No 3º mês";;"No 1º mês";;"No 2º mês";;"No 3º mês";;"No 1º mês";;"No 2º mês";;"No 3º mês";;"No 1º mês";;"No 2º mês";;"No 3º mês";;"No 1º mês";;"No 2º mês";;"No 3º mês";;"No 1º mês";;"No 2º mês";;"No 3º mês";;"No 1º mês";;"No 2º mês";;"No 3º mês"
"Brasil";"Total";"303700432";"Quilogramas";"272859224";"Quilogramas";"283293433";"Quilogramas";"292490291";"Quilogramas";"284487934";"Quilogramas";"290025254";"Quilogramas";"314568506";"Quilogramas";"300340282";"Quilogramas";"311423003";"Quilogramas";"339605375";"Quilogramas";"302985772";"Quilogramas";"329560665";"Quilogramas";"304215396";"Quilogramas";"270583888";"Quilogramas";"305940123";"Quilogramas";"303788380";"Quilogramas";"310604712";"Quilogramas";"316712960";"Quilogramas";"339516634";"Quilogramas";"323603684";"Quilogramas";"338231000";"Quilogramas";"353683355";"Quilogramas";"337424928";"Quilogramas";"345449600";"Quilogramas";"329642674";"Quilogramas";"314450517";"Quilogramas";"367509097";"Quilogramas";"344022719";"Quilogramas";"362853004";"Quilogramas";"360447197";"Quilogramas";"365651784";"Quilogramas";"388550173";"Quilogramas";"364785014";"Quilogramas";"372581363";"Quilogramas";"370167805";"Quilogramas";"381467849";"Quilogramas";"365999205";"Quilogramas";"372955130";"Quilogramas";"407343193";"Quilogramas";"364813070";"Quilogramas";"411034009";"Quilogramas";"376298840";"Quilogramas";"376232118";"Quilogramas";"404140419";"Quilogramas";"365729854";"Quilogramas";"391378633";"Quilogramas";"389319463";"Quilogramas";"388016217";"Quilogramas";"407879772";"Quilogramas";"362697030";"Quilogramas";"425152021";"Quilogramas";"387133535";"Quilogramas";"446013080";"Quilogramas";"402733811";"Quilogramas";"422766661";"Quilogramas";"445867263";"Quilogramas";"402968976";"Quilogramas";"466097736";"Quilogramas";"434644244";"Quilogramas";"413488260";"Quilogramas";"467398240";"Quilogramas";"412302778";"Quilogramas";"422117502";"Quilogramas";"476322415";"Quilogramas";"464900663";"Quilogramas";"444406995";"Quilogramas";"491035604";"Quilogramas";"472768776";"Quilogramas";"441992149";"Quilogramas";"480399956";"Quilogramas";"434613397";"Quilogramas";"433617576";"Quilogramas";"466958896";"Quilogramas";"423023070";"Quilogramas";"440125619";"Quilogramas";"441130356";"Quilogramas";"475910525";"Quilogramas";"445348690";"Quilogramas";"490744600";"Quilogramas";"461112857";"Quilogramas";"469283489";"Quilogramas";"507055494";"Quilogramas";"469052706";"Quilogramas";"485216694";"Quilogramas";"497230299";"Quilogramas";"461241839";"Quilogramas";"542354898";"Quilogramas";"514450591";"Quilogramas";"530536659";"Quilogramas";"526644491";"Quilogramas";"542609856";"Quilogramas";"532930804";"Quilogramas";"522367634";"Quilogramas";"545160447";"Quilogramas";"531716974";"Quilogramas";"552428947";"Quilogramas";"541734123";"Quilogramas";"504315737";"Quilogramas";"563364188";"Quilogramas";"555418730";"Quilogramas";"582886579";"Quilogramas";"599474183";"Quilogramas";"586904697";"Quilogramas";"623281768";"Quilogramas";"598386796";"Quilogramas";"593003495";"Quilogramas";"606036505";"Quilogramas";"621638825";"Quilogramas";"638885539";"Quilogramas";"575512958";"Quilogramas";"656051601";"Quilogramas";"517535671";"Quilogramas";"589289359";"Quilogramas";"574402485";"Quilogramas";"611203916";"Quilogramas";"650917945";"Quilogramas";"602243924";"Quilogramas";"620226785";"Quilogramas";"609335404";"Quilogramas";"605802727";"Quilogramas";"656482036";"Quilogramas";"574652441";"Quilogramas";"659255434";"Quilogramas";"612136520";"Quilogramas";"702316054";"Quilogramas";"654545141";"Quilogramas";"668719737";"Quilogramas";"697118292";"Quilogramas";"632150769";"Quilogramas";"745360591";"Quilogramas";"720821007";"Quilogramas";"676260302";"Quilogramas";"780011058";"Quilogramas";"716495108";"Quilogramas";"720337172";"Quilogramas";"768343437";"Quilogramas";"755195508";"Quilogramas";"751133576";"Quilogramas";"812004192";"Quilogramas";"733618254";"Quilogramas";"765658695";"Quilogramas";"812975794";"Quilogramas";"744578213";"Quilogramas";"740215632";"Quilogramas";"712664614";"Quilogramas";"644470494";"Quilogramas";"722760559";"Quilogramas";"709316671";"Quilogramas";"734123756";"Quilogramas";"744706850";"Quilogramas";"787596347";"Quilogramas";"756201441";"Quilogramas";"774572732";"Quilogramas";"781589758";"Quilogramas";"716720180";"Quilogramas";"731517038";"Quilogramas";"716718980";"Quilogramas";"694808118";"Quilogramas";"823086146";"Quilogramas";"762813586";"Quilogramas";"783591786";"Quilogramas";"783938403";"Quilogramas";"829784265";"Quilogramas";"805130171";"Quilogramas";"774517918";"Quilogramas";"780190695";"Quilogramas";"778685860";"Quilogramas";"790925606";"Quilogramas";"795036365";"Quilogramas";"759526269";"Quilogramas";"848384855";"Quilogramas";"776241448";"Quilogramas";"873715226";"Quilogramas";"841202929";"Quilogramas";"844506803";"Quilogramas";"863651617";"Quilogramas";"825070623";"Quilogramas";"810330762";"Quilogramas";"821255537";"Quilogramas";"846619588";"Quilogramas";"847930356";"Quilogramas";"787013697";"Quilogramas";"875093487";"Quilogramas";"769809218";"Quilogramas";"886021003";"Quilogramas";"811963889";"Quilogramas";"861043665";"Quilogramas";"896522888";"Quilogramas";"780653134";"Quilogramas";"846137331";"Quilogramas";"795708602";"Quilogramas";"731758095";"Quilogramas";"844961684";"Quilogramas";"746575476";"Quilogramas";"786513195";"Quilogramas";"894597388";"Quilogramas";"887757438";"Quilogramas";"843919289";"Quilogramas";"922863610";"Quilogramas";"886882547";"Quilogramas";"822873706";"Quilogramas";"929853147";"Quilogramas";"836964784";"Quilogramas";"820995172";"Quilogramas";"919116159";"Quilogramas";"829127684";"Quilogramas";"854992903";"Quilogramas";"834306818";"Quilogramas";"903145726";"Quilogramas";"832983985";"Quilogramas";"952096585";"Quilogramas";"868551657";"Quilogramas";"890741731";"Quilogramas";"940477935";"Quilogramas";"860827809";"Quilogramas";"885628379";"Quilogramas";"901360863";"Quilogramas";"810578034";"Quilogramas";"966491133";"Quilogramas";"890060165";"Quilogramas";"932644867";"Quilogramas";"944297934";"Quilogramas";"1001281976";"Quilogramas";"951213141";"Quilogramas";"946726111";"Quilogramas";"984067932";"Quilogramas";"932326935";"Quilogramas";"948436498";"Quilogramas";"919201750";"Quilogramas";"907148521";"Quilogramas";"995697761";"Quilogramas";"935320508";"Quilogramas";"961125619";"Quilogramas";"1008970233";"Quilogramas";"931449128";"Quilogramas";"994208920";"Quilogramas";"924447968";"Quilogramas";"889585977";"Quilogramas";"896890171";"Quilogramas";"937250651";"Quilogramas";"978273007";"Quilogramas";"888167949";"Quilogramas";"1038963550";"Quilogramas";"886423224";"Quilogramas";"1030753768";"Quilogramas";"954602107";"Quilogramas";"978775710";"Quilogramas";"1042162554";"Quilogramas";"944922781";"Quilogramas";"964990010";"Quilogramas";"954119912";"Quilogramas";"940950520";"Quilogramas";"1024055052";"Quilogramas";"922825400";"Quilogramas";"998119431";"Quilogramas";"984520985";"Quilogramas";"832366004";"Quilogramas";"1027426059";"Quilogramas";"966861304";"Quilogramas";"1008790914";"Quilogramas";"901502157";"Quilogramas";"1010399163";"Quilogramas";"946813760";"Quilogramas";"893526702";"Quilogramas";"1009655611";"Quilogramas";"919817131";"Quilogramas";"937713097";"Quilogramas";"963796529";"Quilogramas";"1024454889";"Quilogramas";"902046451";"Quilogramas";"1035651049";"Quilogramas";"1000745553";"Quilogramas";"937001122";"Quilogramas";"1027727603";"Quilogramas";"949389744";"Quilogramas";"953032419";"Quilogramas";"1037041929";"Quilogramas";"929571615";"Quilogramas";"1060393159";"Quilogramas";"968127285";"Quilogramas";"958075839";"Quilogramas";"906361248";"Quilogramas";"1031327391";"Quilogramas";"993853286";"Quilogramas";"1001515932";"Quilogramas";"1048521191";"Quilogramas";"1009971692";"Quilogramas";"1047133706";"Quilogramas";"1038952595";"Quilogramas";"993701202";"Quilogramas";"1145847627";"Quilogramas";"1034765694";"Quilogramas";"1064851651";"Quilogramas";"1027560078";"Quilogramas";"1059261072";"Quilogramas";"1057349974";"Quilogramas";"1031901684";"Quilogramas";"1041786554";"Quilogramas";"1055909346";"Quilogramas";"1077742701";"Quilogramas";"1056191238";"Quilogramas";"1026343939";"Quilogramas";"1137431984";"Quilogramas";"994122456";"Quilogramas";"1089122966";"Quilogramas";"1045106937";"Quilogramas";"1050886795";"Quilogramas";"1094329716";"Quilogramas";"1056383524";"Quilogramas";"1081521145";"Quilogramas";"1093338276";"Quilogramas";"1150625032";"Quilogramas";"1153039591";"Quilogramas";"1075568222";"Quilogramas";"1226709256";"Quilogramas";"1043444580";"Quilogramas";"1188316639";"Quilogramas";"1129139565";"Quilogramas";"1105101750";"Quilogramas";"1160144333";"Quilogramas";"1048852392";"Quilogramas";"1088885557";"Quilogramas";"1055701303";"Quilogramas";"1046960122";"Quilogramas";"1172438617";"Quilogramas";"1112499862";"Quilogramas";"1101582838";"Quilogramas";"1188715132";"Quilogramas";"1158981400";"Quilogramas";"1112900033";"Quilogramas";"1226124789";"Quilogramas";"1167310413";"Quilogramas";"1095219848";"Quilogramas";"1194067795";"Quilogramas";"1111356113";"Quilogramas";"1073504854";"Quilogramas";"1224795946";"Quilogramas";"1119748135";"Quilogramas";"1147855274";"Quilogramas";"1156342777";"Quilogramas";"1261758913";"Quilogramas";"1140351085";"Quilogramas";"1267345087";"Quilogramas";"1154889243";"Quilogramas";"1175930943";"Quilogramas";"1267185875";"Quilogramas";"1166959544";"Quilogramas";"1221098674";"Quilogramas";"1264437484";"Quilogramas";"1168805216";"Quilogramas";"1301022625";"Quilogramas";"1233360169";"Quilogramas";"1248428459";"Quilogramas";"1256622586";"Quilogramas"
"Fonte: IBGE - Pesquisa Trimestral do Abate de Animais"

"Notas"
"1 - Os dados divulgados são oriundos de estabelecimentos que estão sob inspeção sanitária federal, estadual ou municipal;"
"2 - Os dados das Unidades da Federação com menos de 3 informantes estão desidentificados com o caracter X. "
"3 - Frangos - aves jovens, machos ou fêmeas, geralmente com com até 60 dias de idade. Inclui os ""frangões"", resultados de melhoramento. Os animais adultos (galinhas poedeiras descartadas, galos) também devem ser considerados neste item."
"4 - Peso da Carcaça - peso da carcaça quente (em Kg), entendendo-se como carcaça: o animal abatido, formado das massas musculares e ossos, desprovido de cabeça, mocotós, cauda, couro, órgãos e vísceras torácicas e abdominais, tecnicamente preparado. Nos frangos, é facultativa a retirada dos rins, pés, pescoço e cabeça. Nos suínos a carcaça pode ou não incluir o couro, a cabeça e os pés."
"5 - Os dados dos 4 trimestres do ano são preliminares até a divulgação dos dados do 1° trimestre do ano seguinte."
"6 - A série histórica da pesquisa, iniciada em 1997, foi revisada devido à identificação de registros de peso vivo de frangos em vez de peso de carcaça, conforme nota."
"7 - A série anterior à revisão, finalizada em 07/12/2022, pode ser encontrada em https://sidra.ibge.gov.br/tabela/9395."
""
"Legenda"
"Símbolo";"Significado"
"-";"Zero absoluto, não resultante de um cálculo ou arredondamento.
Ex: Em determinado município não existem pessoas de 14 anos de idade sem instrução."
"0";"Zero resultante de um cálculo ou arredondamento.
Ex: A inflação do feijão em determinada Região Metropolitana foi 0.
Determinado município produziu 400 kg de sementes de girassol e os dados da tabela são expressos em toneladas."
"X";"Valor inibido para não identificar o informante.
Ex: Determinado município só possui uma empresa produtora de cimento, logo o valor de sua produção deve ser inibido."
"..";"Valor não se aplica.
Ex: Não se pode obter o total da produção agrícola em determinado município quando os produtos agrícolas são contabilizados com unidades de medida distintas."
"...";"Valor não disponível.
Ex: A produção de feijão em determinado município não foi pesquisada ou determinado município não existia no ano da pesquisa."
"A a Z
(exceto X)";"Significa uma faixa de valores. Varia em função da tabela (se for o caso).
Ex: O nível de precisão da produção estimada de combustíveis está na faixa A (95 a 100%)"
