data,Número de cabeças de galinhas poedeiras nos estabelecimentos agropecuários,Quantidade de ovos produzidos,preco_milho,preco_soja_parana,preco_sorgo_estimado
1987-01-01,60143857.0,98136.0,,,
1987-02-01,59604489.0,91805.0,,,
1987-03-01,60146407.0,98916.0,,,
1987-04-01,60286125.0,97778.0,,,
1987-05-01,60316472.0,97940.0,,,
1987-06-01,60253865.0,96716.0,,,
1987-07-01,59972509.0,100996.0,,,
1987-08-01,59908981.0,100621.0,,,
1987-09-01,60194573.0,99494.0,,,
1987-10-01,59426085.0,101213.0,,,
1987-11-01,57549282.0,96762.0,,,
1987-12-01,55921318.0,96252.0,,,
1988-01-01,58228763.0,98530.0,,,
1988-02-01,58645106.0,94966.0,,,
1988-03-01,60016363.0,102016.0,,,
1988-04-01,60761559.0,101266.0,,,
1988-05-01,61312434.0,104458.0,,,
1988-06-01,60553037.0,101634.0,,,
1988-07-01,60003324.0,101765.0,,,
1988-08-01,60234138.0,103120.0,,,
1988-09-01,59520378.0,100857.0,,,
1988-10-01,59664181.0,102349.0,,,
1988-11-01,59319627.0,101134.0,,,
1988-12-01,58213540.0,100952.0,,,
1989-01-01,57698678.0,98191.0,,,
1989-02-01,58588777.0,92070.0,,,
1989-03-01,59400260.0,100521.0,,,
1989-04-01,60227152.0,99336.0,,,
1989-05-01,60817762.0,103325.0,,,
1989-06-01,60858028.0,101133.0,,,
1989-07-01,61949917.0,103439.0,,,
1989-08-01,62159808.0,105456.0,,,
1989-09-01,61832935.0,103082.0,,,
1989-10-01,61952368.0,105786.0,,,
1989-11-01,62005159.0,104677.0,,,
1989-12-01,61434373.0,106993.0,,,
1990-01-01,58716162.0,100853.0,,,
1990-02-01,58886338.0,93759.0,,,
1990-03-01,60016483.0,101971.0,,,
1990-04-01,61106695.0,101849.0,,,
1990-05-01,61264219.0,105441.0,,,
1990-06-01,61571363.0,103639.0,,,
1990-07-01,61323988.0,105669.0,,,
1990-08-01,62549549.0,107246.0,,,
1990-09-01,62368067.0,104938.0,,,
1990-10-01,61645835.0,108387.0,,,
1990-11-01,60982467.0,104282.0,,,
1990-12-01,59245461.0,103195.0,,,
1991-01-01,62233407.0,107102.0,,,
1991-02-01,62779557.0,100921.0,,,
1991-03-01,64344235.0,110811.0,,,
1991-04-01,65003166.0,109815.0,,,
1991-05-01,65258041.0,111869.0,,,
1991-06-01,65316171.0,109829.0,,,
1991-07-01,65351129.0,113009.0,,,
1991-08-01,65145794.0,113976.0,,,
1991-09-01,65343720.0,112004.0,,,
1991-10-01,63691721.0,113162.0,,,
1991-11-01,63462147.0,108953.0,,,
1991-12-01,63147419.0,110610.0,,,
1992-01-01,62473562.0,109620.0,,,
1992-02-01,63359973.0,105046.0,,,
1992-03-01,65053171.0,113166.0,,,
1992-04-01,66506008.0,111331.0,,,
1992-05-01,67178688.0,114749.0,,,
1992-06-01,67106060.0,113585.0,,,
1992-07-01,67264435.0,118969.0,,,
1992-08-01,67036159.0,118865.0,,,
1992-09-01,66306778.0,115294.0,,,
1992-10-01,66592522.0,115356.0,,,
1992-11-01,66382599.0,112489.0,,,
1992-12-01,65986366.0,115219.0,,,
1993-01-01,65878147.0,112901.0,,,
1993-02-01,66405110.0,107318.0,,,
1993-03-01,67795615.0,116919.0,,,
1993-04-01,68552337.0,114954.0,,,
1993-05-01,68566534.0,116666.0,,,
1993-06-01,68977220.0,115237.0,,,
1993-07-01,68809173.0,116272.0,,,
1993-08-01,68633775.0,117347.0,,,
1993-09-01,68294698.0,115496.0,,,
1993-10-01,67441243.0,116671.0,,,
1993-11-01,67342028.0,114532.0,,,
1993-12-01,66560821.0,116874.0,,,
1994-01-01,67786095.0,116285.0,,,
1994-02-01,68299519.0,109340.0,,,
1994-03-01,69651794.0,120819.0,,,
1994-04-01,69659701.0,117530.0,,,
1994-05-01,70473339.0,120716.0,,,
1994-06-01,70848849.0,119713.0,,,
1994-07-01,71577506.0,121576.0,,,
1994-08-01,71000017.0,120736.0,,,
1994-09-01,70619484.0,118965.0,,,
1994-10-01,70959850.0,123728.0,,,
1994-11-01,71098003.0,122242.0,,,
1994-12-01,72402039.0,128108.0,,,
1995-01-01,74529976.0,128119.0,,,
1995-02-01,73671754.0,116699.0,,,
1995-03-01,74220767.0,128097.0,,,
1995-04-01,75067149.0,126092.0,,,
1995-05-01,75051873.0,129654.0,,,
1995-06-01,75960998.0,128902.0,,,
1995-07-01,74629169.0,129288.0,,,
1995-08-01,72335312.0,128059.0,,,
1995-09-01,71832811.0,125182.0,,,
1995-10-01,72663940.0,128921.0,,,
1995-11-01,73031192.0,126440.0,,,
1995-12-01,71762157.0,125616.0,,,
1996-01-01,70520355.0,118598.0,,,
1996-02-01,71741147.0,114793.0,,,
1996-03-01,72094451.0,121751.0,,,
1996-04-01,72985242.0,124540.0,,,
1996-05-01,73066402.0,125989.0,,,
1996-06-01,73348188.0,123794.0,,,
1996-07-01,73426073.0,127343.0,,,
1996-08-01,73871827.0,127146.0,,,
1996-09-01,72948650.0,123640.0,,,
1996-10-01,71878609.0,124795.0,,,
1996-11-01,71317666.0,123552.0,,,
1996-12-01,71762756.0,124576.0,,,
1997-01-01,71884401.0,125598.0,,,
1997-02-01,72004331.0,117771.0,,,
1997-03-01,72519417.0,127017.0,,,
1997-04-01,73712911.0,125980.0,,,
1997-05-01,73492732.0,126953.0,,,
1997-06-01,73404909.0,124686.0,,,
1997-07-01,74338678.0,130604.0,,18.06,
1997-08-01,74404508.0,130614.0,,18.26,
1997-09-01,73558798.0,127650.0,,19.48,
1997-10-01,71732095.0,127673.0,,18.97,
1997-11-01,71307389.0,123824.0,,20.22,
1997-12-01,71955662.0,127837.0,,19.97,
1998-01-01,73970443.0,129202.0,,17.15,
1998-02-01,74669461.0,121050.0,,15.62,
1998-03-01,75125107.0,131919.0,,14.44,
1998-04-01,77510248.0,131364.0,,14.17,
1998-05-01,77818217.0,133909.0,,14.61,
1998-06-01,76898444.0,131032.0,,14.23,
1998-07-01,77318416.0,134069.0,,14.19,
1998-08-01,78053095.0,135025.0,,13.87,
1998-09-01,77211938.0,131711.0,,14.62,
1998-10-01,74434825.0,127590.0,,14.81,
1998-11-01,74870639.0,125625.0,,14.9,
1998-12-01,74618305.0,128566.0,,14.52,
1999-01-01,76303674.0,129996.0,,15.57,
1999-02-01,76727717.0,122337.0,,18.3,
1999-03-01,78252412.0,134820.0,,17.3,
1999-04-01,78311958.0,130851.0,,15.79,
1999-05-01,79017636.0,135303.0,,15.87,
1999-06-01,78691948.0,133112.0,,16.65,
1999-07-01,78199756.0,134422.0,,16.3,
1999-08-01,77288541.0,133417.0,,18.59,
1999-09-01,77393006.0,130528.0,,20.74,
1999-10-01,76502968.0,132376.0,,21.92,
1999-11-01,75849743.0,129252.0,,20.74,
1999-12-01,75768102.0,131859.0,,19.74,
2000-01-01,80337522.0,138585.0,,19.96,
2000-02-01,80697535.0,132347.0,,19.3,
2000-03-01,81797387.0,141658.0,,18.26,
2000-04-01,80374429.0,138153.0,,18.71,
2000-05-01,79950543.0,140695.0,,19.54,
2000-06-01,79262932.0,137692.0,,18.58,
2000-07-01,78903441.0,139827.0,,17.62,
2000-08-01,79779178.0,140177.0,,17.88,
2000-09-01,79114623.0,138376.0,,19.04,
2000-10-01,79350496.0,139986.0,,19.03,
2000-11-01,79096300.0,136370.0,,20.06,
2000-12-01,79101959.0,138848.0,,21.95,
2001-01-01,78562503.0,136488.0,,20.53,
2001-02-01,78415271.0,126571.0,,18.27,
2001-03-01,80248479.0,139771.0,,17.69,
2001-04-01,84393407.0,141553.0,,18.01,
2001-05-01,85168873.0,144881.0,,19.62,
2001-06-01,86079265.0,142777.0,,22.04,
2001-07-01,85100168.0,147995.0,,25.98,
2001-08-01,85863054.0,149482.0,,27.65,
2001-09-01,84637050.0,144412.0,,29.2,
2001-10-01,84754707.0,148701.0,,29.68,
2001-11-01,83895768.0,144403.0,,29.81,
2001-12-01,83983967.0,147555.0,,27.19,
2002-01-01,87758148.0,151909.0,,25.15,
2002-02-01,88119694.0,141654.0,,22.39,
2002-03-01,89446321.0,154730.0,,21.22,
2002-04-01,88550537.0,150713.0,,22.44,
2002-05-01,88168892.0,152615.0,,25.42,
2002-06-01,88215767.0,149928.0,,29.36,
2002-07-01,88413498.0,155186.0,,33.01,
2002-08-01,86559778.0,152678.0,,36.15,
2002-09-01,84981981.0,146392.0,,41.65,
2002-10-01,85152251.0,147001.0,,46.46,
2002-11-01,83972904.0,143987.0,,46.94,
2002-12-01,84281304.0,146871.0,,48.91,
2003-01-01,86795753.0,148748.0,,43.1,
2003-02-01,87726816.0,139853.0,,42.79,
2003-03-01,88852929.0,152350.0,,39.71,
2003-04-01,88062612.0,152063.0,,37.2,
2003-05-01,88424158.0,154564.0,,37.18,
2003-06-01,88293420.0,150651.0,,36.9,
2003-07-01,89560182.0,155979.0,,35.64,
2003-08-01,89313497.0,156326.0,,36.55,
2003-09-01,89230304.0,153786.0,,39.76,
2003-10-01,89376052.0,156933.0,,45.82,
2003-11-01,88451921.0,151910.0,,48.1,
2003-12-01,88693640.0,156609.0,,46.48,
2004-01-01,89838903.0,157150.0,20.25,46.29,17.21
2004-02-01,90210563.0,149515.0,,45.23,
2004-03-01,91905245.0,160681.0,,51.11,
2004-04-01,92487315.0,158969.0,,51.81,
2004-05-01,92676689.0,160188.0,,49.21,
2004-06-01,92363547.0,158859.0,,45.04,
2004-07-01,91494094.0,164166.0,18.14,40.44,15.42
2004-08-01,91292387.0,163473.0,18.37,39.13,15.61
2004-09-01,90913060.0,161344.0,19.05,37.82,16.19
2004-10-01,91107427.0,162070.0,18.27,34.47,15.53
2004-11-01,91136061.0,160484.0,17.7,33.75,15.04
2004-12-01,91431969.0,165448.0,17.14,32.63,14.57
2005-01-01,91959611.0,163641.0,17.82,32.84,15.15
2005-02-01,92694999.0,153057.0,17.47,29.53,14.85
2005-03-01,94636056.0,167704.0,20.06,35.12,17.05
2005-04-01,95994961.0,165538.0,19.35,32.88,16.45
2005-05-01,95864410.0,167178.0,19.02,31.47,16.17
2005-06-01,96534369.0,167008.0,19.55,33.08,16.62
2005-07-01,97319433.0,172475.0,19.26,32.87,16.37
2005-08-01,98018551.0,175240.0,18.64,31.62,15.84
2005-09-01,97511092.0,169464.0,18.36,29.75,15.61
2005-10-01,98419041.0,173519.0,17.78,28.9,15.11
2005-11-01,97293504.0,171099.0,16.5,28.17,14.03
2005-12-01,97132903.0,172431.0,16.74,29.66,14.23
2006-01-01,100314834.0,175985.0,17.55,29.25,14.92
2006-02-01,98840266.0,163535.0,16.52,27.53,14.04
2006-03-01,99024750.0,177014.0,14.62,25.7,12.43
2006-04-01,99328117.0,170916.0,14.44,24.91,12.27
2006-05-01,100353628.0,177139.0,15.25,26.46,12.96
2006-06-01,100016692.0,174126.0,16.47,27.59,14.0
2006-07-01,101150393.0,181227.0,16.69,27.73,14.19
2006-08-01,100804813.0,182556.0,16.86,27.3,14.33
2006-09-01,99825034.0,176553.0,17.94,28.11,15.25
2006-10-01,100064604.0,180807.0,21.09,30.54,17.93
2006-11-01,99333686.0,176104.0,22.93,33.06,19.49
2006-12-01,98560076.0,176417.0,24.96,31.93,21.22
2007-01-01,100476162.0,178346.0,25.02,32.0,21.27
2007-02-01,100785618.0,167239.0,22.02,32.58,18.72
2007-03-01,102032954.0,181609.0,20.2,31.8,17.17
2007-04-01,103201532.0,178155.0,19.21,30.01,16.33
2007-05-01,103038347.0,181807.0,18.93,30.08,16.09
2007-06-01,102209401.0,177839.0,19.58,30.71,16.64
2007-07-01,102613071.0,181942.0,18.97,31.34,16.12
2007-08-01,103038023.0,182482.0,22.13,34.56,18.81
2007-09-01,103613642.0,180460.0,26.95,38.67,22.91
2007-10-01,104703283.0,187712.0,27.36,39.91,23.26
2007-11-01,103865285.0,183183.0,31.72,42.07,26.96
2007-12-01,103057596.0,185134.0,33.8,43.98,28.73
2008-01-01,106130795.0,189090.0,30.93,46.23,26.29
2008-02-01,106750480.0,179970.0,27.79,47.71,23.62
2008-03-01,107412387.0,190929.0,27.19,45.83,23.11
2008-04-01,107784322.0,188118.0,26.62,44.33,22.63
2008-05-01,107932368.0,192344.0,27.43,44.7,23.32
2008-06-01,107631748.0,187494.0,26.88,49.99,22.85
2008-07-01,108498471.0,193995.0,27.76,50.58,23.6
2008-08-01,108112667.0,193262.0,24.56,44.7,20.88
2008-09-01,107155162.0,189171.0,23.78,46.08,20.21
2008-10-01,107049656.0,193501.0,22.32,44.63,18.97
2008-11-01,106477884.0,188763.0,20.51,45.13,17.43
2008-12-01,106500213.0,193865.0,20.75,44.61,17.64
2009-01-01,109871847.0,197485.0,23.67,49.21,20.12
2009-02-01,108994046.0,184327.0,22.26,47.56,18.92
2009-03-01,108731262.0,198446.0,20.62,45.35,17.53
2009-04-01,109280636.0,191889.0,21.29,47.95,18.1
2009-05-01,110409671.0,195150.0,22.25,50.39,18.91
2009-06-01,110136932.0,193953.0,22.24,49.89,18.9
2009-07-01,110996038.0,201961.0,20.55,47.83,17.47
2009-08-01,109876749.0,199776.0,19.42,48.2,16.51
2009-09-01,109273058.0,196570.0,19.12,46.07,16.25
2009-10-01,112040310.0,200643.0,20.6,44.67,17.51
2009-11-01,112508381.0,197695.0,20.41,44.06,17.35
2009-12-01,114279022.0,203029.0,20.02,42.87,17.02
2010-01-01,116969760.0,204204.0,19.66,39.8,16.71
2010-02-01,113301250.0,191687.0,18.35,35.73,15.6
2010-03-01,115289117.0,207836.0,18.47,34.14,15.7
2010-04-01,115653706.0,202624.0,18.16,34.49,15.44
2010-05-01,116058770.0,204515.0,18.67,35.59,15.87
2010-06-01,116917238.0,203454.0,19.43,36.16,16.52
2010-07-01,117769401.0,208974.0,18.84,38.58,16.01
2010-08-01,117761724.0,207864.0,20.56,41.32,17.48
2010-09-01,116968414.0,205163.0,24.36,42.59,20.71
2010-10-01,118063337.0,208922.0,25.15,44.88,21.38
2010-11-01,116961416.0,205195.0,28.29,48.96,24.05
2010-12-01,118253736.0,207441.0,28.36,48.52,24.11
2011-01-01,118388953.0,210307.0,30.35,49.63,25.8
2011-02-01,118555481.0,196983.0,31.68,49.28,26.93
2011-03-01,119800060.0,212814.0,31.44,46.32,26.72
2011-04-01,118983026.0,209061.0,29.94,44.37,25.45
2011-05-01,119238699.0,214305.0,28.69,44.94,24.39
2011-06-01,119310576.0,210536.0,30.75,45.13,26.14
2011-07-01,120538493.0,216293.0,30.31,45.77,25.76
2011-08-01,122652267.0,220312.0,30.2,46.5,25.67
2011-09-01,120284474.0,214209.0,31.92,49.05,27.13
2011-10-01,121823874.0,221378.0,30.75,46.21,26.14
2011-11-01,121966674.0,217779.0,29.81,45.35,25.34
2011-12-01,122321394.0,222744.0,28.18,45.23,23.95
2012-01-01,125344376.0,229097.0,31.08,46.8,26.42
2012-02-01,123633966.0,215547.0,28.4,47.06,24.14
2012-03-01,126382291.0,228521.0,28.89,52.23,24.56
2012-04-01,126739793.0,223914.0,25.83,57.57,21.96
2012-05-01,127906678.0,227051.0,24.91,61.11,21.17
2012-06-01,127819450.0,222387.0,24.13,65.22,20.51
2012-07-01,128824941.0,231664.0,29.01,76.32,24.66
2012-08-01,126553020.0,230366.0,33.25,82.01,28.26
2012-09-01,124313459.0,220803.0,32.23,82.92,27.4
2012-10-01,123522291.0,225089.0,31.35,74.41,26.65
2012-11-01,123304127.0,218468.0,34.09,74.6,28.98
2012-12-01,122793938.0,222568.0,34.96,73.25,29.72
2013-01-01,125774693.0,229401.0,32.75,64.62,27.84
2013-02-01,125826473.0,212779.0,32.34,59.93,27.49
2013-03-01,127200443.0,228319.0,30.71,57.83,26.1
2013-04-01,129624618.0,225709.0,26.41,55.76,22.45
2013-05-01,130756434.0,229956.0,26.02,58.71,22.12
2013-06-01,129990034.0,225143.0,26.45,65.29,22.48
2013-07-01,129798078.0,231799.0,25.0,65.26,21.25
2013-08-01,129376772.0,233710.0,24.04,66.22,20.43
2013-09-01,129406217.0,227231.0,25.07,70.81,21.31
2013-10-01,130008782.0,235697.0,24.12,72.43,20.5
2013-11-01,129190522.0,228892.0,25.59,74.05,21.75
2013-12-01,129080479.0,231684.0,26.45,74.05,22.48
2014-01-01,130669532.0,234110.0,26.83,67.43,22.81
2014-02-01,130406151.0,218280.0,30.62,66.87,26.03
2014-03-01,131082731.0,235204.0,32.84,68.78,27.91
2014-04-01,131773428.0,230837.0,31.18,67.89,26.5
2014-05-01,132704657.0,236675.0,28.75,67.81,24.44
2014-06-01,130942939.0,230856.0,26.38,67.54,22.42
2014-07-01,132409947.0,238941.0,23.66,63.72,20.11
2014-08-01,133470909.0,242079.0,22.91,63.45,19.47
2014-09-01,133299489.0,239075.0,22.02,58.94,18.72
2014-10-01,131689352.0,242571.0,23.62,59.58,20.08
2014-11-01,130994096.0,236903.0,27.66,63.01,23.51
2014-12-01,130803595.0,239343.0,27.67,62.42,23.52
2015-01-01,133728846.0,238629.0,27.41,59.29,23.3
2015-02-01,133372720.0,224224.0,27.99,60.2,23.79
2015-03-01,135240053.0,243556.0,29.44,64.35,25.02
2015-04-01,135187554.0,238572.0,27.61,62.99,23.47
2015-05-01,135612126.0,241805.0,25.34,62.1,21.54
2015-06-01,135879414.0,241085.0,25.03,62.97,21.28
2015-07-01,139609548.0,250059.0,25.99,67.84,22.09
2015-08-01,138864061.0,254103.0,27.4,72.18,23.29
2015-09-01,138613142.0,247198.0,31.04,76.62,26.38
2015-10-01,137346469.0,250883.0,32.83,78.14,27.91
2015-11-01,137458277.0,245555.0,33.57,75.55,28.53
2015-12-01,138666015.0,251611.0,35.33,77.07,30.03
2016-01-01,140045998.0,253051.0,41.65,78.46,35.4
2016-02-01,140736046.0,244958.0,42.98,73.32,36.53
2016-03-01,142135974.0,259176.0,47.79,69.95,40.62
2016-04-01,143775546.0,252340.0,48.92,73.42,41.58
2016-05-01,143238030.0,257356.0,51.48,82.29,43.76
2016-06-01,142622396.0,251190.0,49.12,90.54,41.75
2016-07-01,142581744.0,259346.0,44.42,82.84,37.76
2016-08-01,143305084.0,264536.0,45.43,77.57,38.62
2016-09-01,141653298.0,255715.0,41.91,76.14,35.62
2016-10-01,142916770.0,267475.0,42.12,73.93,35.8
2016-11-01,144000760.0,263381.0,38.77,74.9,32.95
2016-12-01,144264278.0,269312.0,38.29,74.71,32.55
2017-01-01,145613346.0,270661.0,35.92,71.57,30.53
2017-02-01,146003099.0,250989.0,36.21,68.78,30.78
2017-03-01,144618062.0,268896.0,33.77,64.92,28.7
2017-04-01,151110796.0,269936.0,28.32,61.16,24.07
2017-05-01,153467999.0,278764.0,27.76,64.06,23.6
2017-06-01,151748698.0,271698.0,26.75,63.59,22.74
2017-07-01,153496656.0,281224.0,26.33,66.23,22.38
2017-08-01,153608140.0,285160.0,26.67,63.86,22.67
2017-09-01,153546121.0,277524.0,29.11,65.0,24.74
2017-10-01,154789333.0,288077.0,31.26,66.48,26.57
2017-11-01,154587281.0,282785.0,31.75,69.03,26.99
2017-12-01,155398923.0,286623.0,32.38,70.03,27.52
2018-01-01,157998489.0,292401.0,32.7,67.42,27.8
2018-02-01,158693131.0,272981.0,34.76,69.43,29.55
2018-03-01,160406834.0,295614.0,41.37,73.64,35.16
2018-04-01,163149248.0,292434.0,39.92,79.6,33.93
2018-05-01,162796278.0,297837.0,42.69,80.32,36.29
2018-06-01,163339691.0,289336.0,40.55,78.44,34.47
2018-07-01,166302537.0,308691.0,37.22,81.97,31.64
2018-08-01,167078453.0,313597.0,41.17,83.64,34.99
2018-09-01,165078130.0,302632.0,40.31,88.84,34.26
2018-10-01,167234920.0,318198.0,36.43,84.18,30.97
2018-11-01,167477183.0,308724.0,36.56,78.33,31.08
2018-12-01,164960791.0,314748.0,37.83,75.6,32.16
2019-01-01,166572335.0,318001.0,38.91,72.02,33.07
2019-02-01,165839289.0,293380.0,40.89,72.78,34.76
2019-03-01,166928027.0,317665.0,39.82,73.02,33.85
2019-04-01,170608149.0,316551.0,36.42,71.78,30.96
2019-05-01,170835708.0,320459.0,34.84,72.91,29.61
2019-06-01,169952625.0,310804.0,38.04,76.26,32.33
2019-07-01,173379418.0,325824.0,37.1,73.78,31.54
2019-08-01,172372191.0,327973.0,36.41,78.74,30.95
2019-09-01,171698628.0,320025.0,37.64,80.44,31.99
2019-10-01,172073528.0,333124.0,41.51,82.63,35.28
2019-11-01,172188851.0,327260.0,44.54,84.28,37.86
2019-12-01,171775595.0,331071.0,48.16,83.31,40.94
2020-01-01,171575694.0,328200.0,51.07,82.6,43.41
2020-02-01,172787931.0,313847.0,51.69,81.45,43.94
2020-03-01,173682943.0,332509.0,57.41,88.23,48.8
2020-04-01,173052583.0,322260.0,52.92,95.19,44.98
2020-05-01,173502854.0,327822.0,50.12,103.34,42.6
2020-06-01,173481561.0,327205.0,47.76,103.43,40.6
2020-07-01,178293568.0,340544.0,49.7,109.45,42.25
2020-08-01,177684108.0,341405.0,56.62,122.52,48.13
2020-09-01,178515540.0,337390.0,60.06,136.72,51.05
2020-10-01,175307425.0,334160.0,72.71,158.41,61.8
2020-11-01,173964614.0,325920.0,80.31,164.55,68.26
2020-12-01,174259468.0,335876.0,75.33,145.12,64.03
2021-01-01,175943610.0,336251.0,83.65,163.9,71.1
2021-02-01,176049970.0,313625.0,83.89,161.56,71.31
2021-03-01,177896090.0,346913.0,91.51,164.51,77.78
2021-04-01,177481667.0,335169.0,97.15,170.8,82.58
2021-05-01,175962918.0,337423.0,100.72,171.36,85.61
2021-06-01,174321298.0,325862.0,92.09,157.16,78.28
2021-07-01,176671457.0,339256.0,97.48,162.65,82.86
2021-08-01,177032412.0,341613.0,98.64,168.09,83.84
2021-09-01,176362670.0,334149.0,92.44,169.57,78.57
2021-10-01,175024125.0,334978.0,89.92,168.22,76.43
2021-11-01,175008074.0,332671.0,84.19,162.38,71.56
2021-12-01,174787655.0,334602.0,88.03,166.74,74.83
2022-01-01,176566486.0,337476.0,96.04,176.31,81.63
2022-02-01,176803448.0,313382.0,96.85,191.63,82.32
2022-03-01,178592398.0,344080.0,99.69,195.85,84.74
2022-04-01,179469539.0,336637.0,88.78,182.2,75.46
2022-05-01,180177478.0,344657.0,87.36,188.96,74.26
2022-06-01,179311237.0,336203.0,85.64,189.82,72.79
2022-07-01,180703502.0,343957.0,81.98,184.63,69.68
2022-08-01,181124848.0,351389.0,82.52,181.86,70.14
2022-09-01,181459319.0,341185.0,84.06,181.72,71.45
2022-10-01,183913912.0,353055.0,84.53,179.71,71.85
2022-11-01,182841081.0,345984.0,84.99,182.44,72.24
2022-12-01,181836210.0,350614.0,86.01,177.28,73.11
2023-01-01,184296724.0,352466.0,86.11,170.87,73.19
2023-02-01,182890751.0,326468.0,85.74,165.56,72.88
2023-03-01,185548581.0,356903.0,84.88,155.19,72.15
2023-04-01,186643874.0,347007.0,74.85,139.11,63.62
2023-05-01,188057635.0,361313.0,58.16,131.16,49.44
2023-06-01,186147287.0,349427.0,55.04,128.43,46.78
2023-07-01,187923210.0,361763.0,54.98,137.38,46.73
2023-08-01,188743453.0,368889.0,53.34,139.84,45.34
2023-09-01,184517989.0,355788.0,54.63,139.16,46.44
2023-10-01,185636204.0,361080.0,59.13,136.91,50.26
2023-11-01,185483087.0,353369.0,60.65,138.17,51.55
2023-12-01,187940943.0,356329.0,66.77,139.12,56.75
2024-01-01,193408279.0,374345.0,65.83,121.18,55.96
2024-02-01,194298107.0,356641.0,62.58,111.93,53.19
2024-03-01,196616042.0,373789.0,62.72,117.28,53.31
2024-04-01,201893008.0,386502.0,59.63,122.66,50.69
2024-05-01,203977359.0,395943.0,58.92,130.96,50.08
2024-06-01,204630865.0,386183.0,57.86,133.98,49.18
2024-07-01,206435857.0,406731.0,57.22,133.5,48.64
2024-08-01,207000085.0,404641.0,59.58,129.24,50.64
2024-09-01,207214819.0,394019.0,62.6,136.65,53.21
2024-10-01,206954139.0,408970.0,68.79,139.71,58.47
2024-11-01,206269138.0,397488.0,73.68,140.47,62.63
2024-12-01,206596834.0,403095.0,72.92,138.38,61.98
2025-01-01,211251693.0,409792.0,74.17,129.56,63.04
2025-02-01,212838265.0,381703.0,80.76,126.01,68.65
2025-03-01,215896884.0,418766.0,89.12,127.95,75.75
2025-04-01,217172351.0,413619.0,83.67,129.83,71.12
2025-05-01,216303717.0,422402.0,73.3,128.14,62.3
2025-06-01,215536257.0,407026.0,68.15,129.06,57.93
2025-07-01,216606630.0,415751.0,63.63,130.47,54.09
2025-08-01,217524639.0,413695.0,63.87,134.07,54.29
2025-09-01,218101262.0,412194.0,64.77,133.02,55.05
2025-10-01,217656503.0,425199.0,65.35,132.66,55.55
2025-11-01,217559331.0,412484.0,67.54,134.76,57.41
2025-12-01,218963434.0,421490.0,69.62,135.68,59.18
2026-01-01,216898012.0,419567.0,67.84,125.07,57.66
2026-02-01,215165694.0,386630.0,67.86,120.1,57.68
2026-03-01,218104404.0,421488.0,70.9,122.44,60.27
2026-04-01,217245827.0,413609.0,67.95,121.35,57.76
2026-05-01,218435703.0,419732.0,65.6,123.03,55.76
2026-06-01,219700080.0,419120.0,63.68,125.22,54.13
