data,Animais abatidos,Peso total das carcaças,preco_milho,preco_soja_parana,preco_sorgo_estimado
1997-01-01,1192779.0,85022243.0,,,
1997-02-01,1026574.0,73878315.0,,,
1997-03-01,1066466.0,76779090.0,,,
1997-04-01,1113504.0,83318676.0,,,
1997-05-01,1084008.0,81826530.0,,,
1997-06-01,1145489.0,87324040.0,,,
1997-07-01,1188661.0,88591198.0,,18.06,
1997-08-01,1083145.0,81350664.0,,18.26,
1997-09-01,1156268.0,87230605.0,,19.48,
1997-10-01,1223608.0,92078290.0,,18.97,
1997-11-01,1107990.0,83225021.0,,20.22,
1997-12-01,1235190.0,89734189.0,,19.97,
1998-01-01,1197275.0,89963981.0,,17.15,
1998-02-01,1115810.0,83147228.0,,15.62,
1998-03-01,1248738.0,93390821.0,,14.44,
1998-04-01,1165028.0,88000814.0,,14.17,
1998-05-01,1235004.0,94550724.0,,14.61,
1998-06-01,1264536.0,96593674.0,,14.23,
1998-07-01,1333253.0,101122301.0,,14.19,
1998-08-01,1235370.0,93754331.0,,13.87,
1998-09-01,1258796.0,95380194.0,,14.62,
1998-10-01,1278900.0,97077902.0,,14.81,
1998-11-01,1255771.0,93452009.0,,14.9,
1998-12-01,1285333.0,92704531.0,,14.52,
1999-01-01,1246619.0,94574217.0,,15.57,
1999-02-01,1181308.0,88773684.0,,18.3,
1999-03-01,1365185.0,103684186.0,,17.3,
1999-04-01,1227586.0,95810775.0,,15.79,
1999-05-01,1341150.0,106410853.0,,15.87,
1999-06-01,1329908.0,106252973.0,,16.65,
1999-07-01,1278728.0,100633868.0,,16.3,
1999-08-01,1411341.0,113279414.0,,18.59,
1999-09-01,1345061.0,105990780.0,,20.74,
1999-10-01,1292553.0,104040592.0,,21.92,
1999-11-01,1316326.0,105134088.0,,20.74,
1999-12-01,1457641.0,112877111.0,,19.74,
2000-01-01,1263268.0,97505789.0,,19.96,
2000-02-01,1288688.0,100378171.0,,19.3,
2000-03-01,1385082.0,110629233.0,,18.26,
2000-04-01,1223025.0,99288437.0,,18.71,
2000-05-01,1415031.0,119553071.0,,19.54,
2000-06-01,1379200.0,114999394.0,,18.58,
2000-07-01,1428321.0,118554010.0,,17.62,
2000-08-01,1466465.0,121853557.0,,17.88,
2000-09-01,1354548.0,112602966.0,,19.04,
2000-10-01,1421669.0,117652894.0,,19.03,
2000-11-01,1415679.0,116673371.0,,20.06,
2000-12-01,1435353.0,114682136.0,,21.95,
2001-01-01,1469436.0,120608064.0,,20.53,
2001-02-01,1339852.0,110502053.0,,18.27,
2001-03-01,1542080.0,127196333.0,,17.69,
2001-04-01,1481812.0,124340939.0,,18.01,
2001-05-01,1648020.0,140191751.0,,19.62,
2001-06-01,1504632.0,128432470.0,,22.04,
2001-07-01,1616281.0,137715326.0,,25.98,
2001-08-01,1684720.0,143286841.0,,27.65,
2001-09-01,1518905.0,130156901.0,,29.2,
2001-10-01,1769666.0,150195692.0,,29.68,
2001-11-01,1647989.0,138361014.0,,29.81,
2001-12-01,1638068.0,134233881.0,,27.19,
2002-01-01,1736832.0,145912501.0,,25.15,
2002-02-01,1604272.0,135166622.0,,22.39,
2002-03-01,1655482.0,140286282.0,,21.22,
2002-04-01,1842254.0,157419582.0,,22.44,
2002-05-01,1835283.0,157005228.0,,25.42,
2002-06-01,1780119.0,153337183.0,,29.36,
2002-07-01,2015245.0,172168692.0,,33.01,
2002-08-01,2011376.0,171155228.0,,36.15,
2002-09-01,1929777.0,163713680.0,,41.65,
2002-10-01,2054114.0,170987313.0,,46.46,
2002-11-01,1925713.0,158513443.0,,46.94,
2002-12-01,1902371.0,152797638.0,,48.91,
2003-01-01,1963272.0,161860411.0,,43.1,
2003-02-01,1851866.0,153395105.0,,42.79,
2003-03-01,1830669.0,152631705.0,,39.71,
2003-04-01,1806972.0,153049881.0,,37.2,
2003-05-01,1889062.0,161972843.0,,37.18,
2003-06-01,1843734.0,160111085.0,,36.9,
2003-07-01,2004418.0,173686366.0,,35.64,
2003-08-01,1821106.0,157194193.0,,36.55,
2003-09-01,1796555.0,155693109.0,,39.76,
2003-10-01,2087106.0,180820367.0,,45.82,
2003-11-01,1803333.0,153711219.0,,48.1,
2003-12-01,1855817.0,153367066.0,,46.48,
2004-01-01,1747750.0,151213258.0,20.25,46.29,17.21
2004-02-01,1674655.0,143509825.0,,45.23,
2004-03-01,1903084.0,163208079.0,,51.11,
2004-04-01,1738942.0,151101894.0,,51.81,
2004-05-01,1846942.0,159729929.0,,49.21,
2004-06-01,1821478.0,156928065.0,,45.04,
2004-07-01,1890685.0,163358339.0,18.14,40.44,15.42
2004-08-01,1830901.0,159356591.0,18.37,39.13,15.61
2004-09-01,1770505.0,154823999.0,19.05,37.82,16.19
2004-10-01,1747303.0,150343731.0,18.27,34.47,15.53
2004-11-01,1769362.0,153383996.0,17.7,33.75,15.04
2004-12-01,1882183.0,160729291.0,17.14,32.63,14.57
2005-01-01,1726053.0,157235605.0,17.82,32.84,15.15
2005-02-01,1709633.0,154953552.0,17.47,29.53,14.85
2005-03-01,1896639.0,174042397.0,20.06,35.12,17.05
2005-04-01,1831108.0,170916074.0,19.35,32.88,16.45
2005-05-01,1976585.0,184789921.0,19.02,31.47,16.17
2005-06-01,2034404.0,189750070.0,19.55,33.08,16.62
2005-07-01,2007179.0,188469713.0,19.26,32.87,16.37
2005-08-01,2103366.0,195715952.0,18.64,31.62,15.84
2005-09-01,2034843.0,190421060.0,18.36,29.75,15.61
2005-10-01,2047112.0,186436458.0,17.78,28.9,15.11
2005-11-01,2035607.0,182671460.0,16.5,28.17,14.03
2005-12-01,2060133.0,181115343.0,16.74,29.66,14.23
2006-01-01,1948448.0,177159623.0,17.55,29.25,14.92
2006-02-01,1820596.0,165823537.0,16.52,27.53,14.04
2006-03-01,2063582.0,186949660.0,14.62,25.7,12.43
2006-04-01,1786258.0,158204547.0,14.44,24.91,12.27
2006-05-01,2197964.0,202806338.0,15.25,26.46,12.96
2006-06-01,2138464.0,195995918.0,16.47,27.59,14.0
2006-07-01,2226803.0,209348688.0,16.69,27.73,14.19
2006-08-01,2269416.0,210007457.0,16.86,27.3,14.33
2006-09-01,2115255.0,193816898.0,17.94,28.11,15.25
2006-10-01,2251154.0,205241345.0,21.09,30.54,17.93
2006-11-01,2197891.0,197458469.0,22.93,33.06,19.49
2006-12-01,2206060.0,195429446.0,24.96,31.93,21.22
2007-01-01,2271369.0,206670117.0,25.02,32.0,21.27
2007-02-01,2060844.0,186960652.0,22.02,32.58,18.72
2007-03-01,2310869.0,210751882.0,20.2,31.8,17.17
2007-04-01,2125362.0,192696049.0,19.21,30.01,16.33
2007-05-01,2407393.0,219637973.0,18.93,30.08,16.09
2007-06-01,2265063.0,207649732.0,19.58,30.71,16.64
2007-07-01,2377926.0,215463744.0,18.97,31.34,16.12
2007-08-01,2442977.0,222316898.0,22.13,34.56,18.81
2007-09-01,2181798.0,197549203.0,26.95,38.67,22.91
2007-10-01,2442832.0,220514358.0,27.36,39.91,23.26
2007-11-01,2345171.0,209777137.0,31.72,42.07,26.96
2007-12-01,2178704.0,189963429.0,33.8,43.98,28.73
2008-01-01,2350025.0,209883717.0,30.93,46.23,26.29
2008-02-01,2222277.0,199113336.0,27.79,47.71,23.62
2008-03-01,2261346.0,204562482.0,27.19,45.83,23.11
2008-04-01,2417322.0,220452733.0,26.62,44.33,22.63
2008-05-01,2398933.0,218812906.0,27.43,44.7,23.32
2008-06-01,2437761.0,224164986.0,26.88,49.99,22.85
2008-07-01,2541083.0,232536204.0,27.76,50.58,23.6
2008-08-01,2385963.0,216762433.0,24.56,44.7,20.88
2008-09-01,2412531.0,221563050.0,23.78,46.08,20.21
2008-10-01,2578512.0,237151399.0,22.32,44.63,18.97
2008-11-01,2312291.0,218294480.0,20.51,45.13,17.43
2008-12-01,2522039.0,232249990.0,20.75,44.61,17.64
2009-01-01,2410364.0,229223532.0,23.67,49.21,20.12
2009-02-01,2338634.0,222296084.0,22.26,47.56,18.92
2009-03-01,2574867.0,245694317.0,20.62,45.35,17.53
2009-04-01,2478624.0,237108471.0,21.29,47.95,18.1
2009-05-01,2521417.0,245272733.0,22.25,50.39,18.91
2009-06-01,2589343.0,248942654.0,22.24,49.89,18.9
2009-07-01,2940892.0,281974662.0,20.55,47.83,17.47
2009-08-01,2590611.0,248409249.0,19.42,48.2,16.51
2009-09-01,2572211.0,240082194.0,19.12,46.07,16.25
2009-10-01,2662359.0,250660437.0,20.6,44.67,17.51
2009-11-01,2520469.0,234796923.0,20.41,44.06,17.35
2009-12-01,2733039.0,245560777.0,20.02,42.87,17.02
2010-01-01,2473460.0,228336859.0,19.66,39.8,16.71
2010-02-01,2478287.0,229702442.0,18.35,35.73,15.6
2010-03-01,2858417.0,267014215.0,18.47,34.14,15.7
2010-04-01,2585513.0,245273563.0,18.16,34.49,15.44
2010-05-01,2730925.0,260704575.0,18.67,35.59,15.87
2010-06-01,2755943.0,261809232.0,19.43,36.16,16.52
2010-07-01,2826396.0,270589052.0,18.84,38.58,16.01
2010-08-01,2769004.0,266216476.0,20.56,41.32,17.48
2010-09-01,2713582.0,262327796.0,24.36,42.59,20.71
2010-10-01,2664805.0,250965853.0,25.15,44.88,21.38
2010-11-01,2689032.0,257940214.0,28.29,48.96,24.05
2010-12-01,2965205.0,277533814.0,28.36,48.52,24.11
2011-01-01,2660648.0,257473253.0,30.35,49.63,25.8
2011-02-01,2555617.0,247516314.0,31.68,49.28,26.93
2011-03-01,2965128.0,289790251.0,31.44,46.32,26.72
2011-04-01,2662214.0,255344921.0,29.94,44.37,25.45
2011-05-01,3020582.0,292377727.0,28.69,44.94,24.39
2011-06-01,2932361.0,276782948.0,30.75,45.13,26.14
2011-07-01,2961132.0,285000197.0,30.31,45.77,25.76
2011-08-01,3127175.0,302816035.0,30.2,46.5,25.67
2011-09-01,2977441.0,288974383.0,31.92,49.05,27.13
2011-10-01,2925096.0,286601909.0,30.75,46.21,26.14
2011-11-01,2942641.0,286710005.0,29.81,45.35,25.34
2011-12-01,3143119.0,300227864.0,28.18,45.23,23.95
2012-01-01,2914219.0,252946772.0,31.08,46.8,26.42
2012-02-01,2779749.0,235527078.0,28.4,47.06,24.14
2012-03-01,3070617.0,263035049.0,28.89,52.23,24.56
2012-04-01,2783127.0,247309961.0,25.83,57.57,21.96
2012-05-01,3111206.0,279561036.0,24.91,61.11,21.17
2012-06-01,2947883.0,264546629.0,24.13,65.22,20.51
2012-07-01,3186782.0,281619516.0,29.01,76.32,24.66
2012-08-01,3263973.0,288142726.0,33.25,82.01,28.26
2012-09-01,2836763.0,247382750.0,32.23,82.92,27.4
2012-10-01,3201753.0,282239158.0,31.35,74.41,26.65
2012-11-01,3003859.0,261436841.0,34.09,74.6,28.98
2012-12-01,2905866.0,245978465.0,34.96,73.25,29.72
2013-01-01,3117788.0,264715749.0,32.75,64.62,27.84
2013-02-01,2794669.0,237994932.0,32.34,59.93,27.49
2013-03-01,2900040.0,248730722.0,30.71,57.83,26.1
2013-04-01,3127981.0,272385818.0,26.41,55.76,22.45
2013-05-01,3075159.0,268996505.0,26.02,58.71,22.12
2013-06-01,2897304.0,256244736.0,26.45,65.29,22.48
2013-07-01,3230698.0,283292136.0,25.0,65.26,21.25
2013-08-01,3162417.0,273723768.0,24.04,66.22,20.43
2013-09-01,2966705.0,253757410.0,25.07,70.81,21.31
2013-10-01,3180153.0,269768289.0,24.12,72.43,20.5
2013-11-01,2881783.0,243646176.0,25.59,74.05,21.75
2013-12-01,2951401.0,243830964.0,26.45,74.05,22.48
2014-01-01,3018032.0,259052847.0,26.83,67.43,22.81
2014-02-01,2826980.0,242328598.0,30.62,66.87,26.03
2014-03-01,2959386.0,255701666.0,32.84,68.78,27.91
2014-04-01,3005361.0,260462837.0,31.18,67.89,26.5
2014-05-01,3182055.0,279131533.0,28.75,67.81,24.44
2014-06-01,2988563.0,259629608.0,26.38,67.54,22.42
2014-07-01,3360410.0,290984845.0,23.66,63.72,20.11
2014-08-01,3070314.0,266384705.0,22.91,63.45,19.47
2014-09-01,3219858.0,276497363.0,22.02,58.94,18.72
2014-10-01,3335557.0,285856829.0,23.62,59.58,20.08
2014-11-01,2972984.0,251855985.0,27.66,63.01,23.51
2014-12-01,3190594.0,265031494.0,27.67,62.42,23.52
2015-01-01,3046946.0,262795131.0,27.41,59.29,23.3
2015-02-01,2757127.0,236844423.0,27.99,60.2,23.79
2015-03-01,3373790.0,295204904.0,29.44,64.35,25.02
2015-04-01,3165490.0,279545546.0,27.61,62.99,23.47
2015-05-01,3210663.0,286734249.0,25.34,62.1,21.54
2015-06-01,3308693.0,294446342.0,25.03,62.97,21.28
2015-07-01,3556373.0,314123620.0,25.99,67.84,22.09
2015-08-01,3324845.0,292620588.0,27.4,72.18,23.29
2015-09-01,3303303.0,290411872.0,31.04,76.62,26.38
2015-10-01,3415407.0,296892253.0,32.83,78.14,27.91
2015-11-01,3279080.0,283052690.0,33.57,75.55,28.53
2015-12-01,3522247.0,298062369.0,35.33,77.07,30.03
2016-01-01,3241918.0,283449939.0,41.65,78.46,35.4
2016-02-01,3348295.0,292221438.0,42.98,73.32,36.53
2016-03-01,3604578.0,314973584.0,47.79,69.95,40.62
2016-04-01,3417804.0,300509821.0,48.92,73.42,41.58
2016-05-01,3545009.0,311720144.0,51.48,82.29,43.76
2016-06-01,3628465.0,320766215.0,49.12,90.54,41.75
2016-07-01,3471254.0,307965578.0,44.42,82.84,37.76
2016-08-01,3716041.0,328321686.0,45.43,77.57,38.62
2016-09-01,3534044.0,312875685.0,41.91,76.14,35.62
2016-10-01,3509609.0,309003929.0,42.12,73.93,35.8
2016-11-01,3514287.0,305844572.0,38.77,74.9,32.95
2016-12-01,3788487.0,323582762.0,38.29,74.71,32.55
2017-01-01,3529416.0,302268998.0,35.92,71.57,30.53
2017-02-01,3222589.0,275751878.0,36.21,68.78,30.78
2017-03-01,3727694.0,322299393.0,33.77,64.92,28.7
2017-04-01,3140624.0,277363606.0,28.32,61.16,24.07
2017-05-01,3824748.0,345168098.0,27.76,64.06,23.6
2017-06-01,3651364.0,328481212.0,26.75,63.59,22.74
2017-07-01,3667100.0,328848009.0,26.33,66.23,22.38
2017-08-01,3870486.0,346630227.0,26.67,63.86,22.67
2017-09-01,3498020.0,312344138.0,29.11,65.0,24.74
2017-10-01,3758229.0,336804834.0,31.26,66.48,26.57
2017-11-01,3644096.0,326832842.0,31.75,69.03,26.99
2017-12-01,3651019.0,321889124.0,32.38,70.03,27.52
2018-01-01,3686284.0,328428657.0,32.7,67.42,27.8
2018-02-01,3330841.0,295882233.0,34.76,69.43,29.55
2018-03-01,3708347.0,330784770.0,41.37,73.64,35.16
2018-04-01,3673832.0,329607699.0,39.92,79.6,33.93
2018-05-01,3098349.0,277543211.0,42.69,80.32,36.29
2018-06-01,4062335.0,368065534.0,40.55,78.44,34.47
2018-07-01,4008280.0,363002599.0,37.22,81.97,31.64
2018-08-01,4091404.0,366756205.0,41.17,83.64,34.99
2018-09-01,3487181.0,309908054.0,40.31,88.84,34.26
2018-10-01,3922085.0,346925917.0,36.43,84.18,30.97
2018-11-01,3663749.0,321482234.0,36.56,78.33,31.08
2018-12-01,3604518.0,312371461.0,37.83,75.6,32.16
2019-01-01,3896569.0,342795769.0,38.91,72.02,33.07
2019-02-01,3658904.0,319225267.0,40.89,72.78,34.76
2019-03-01,3743148.0,328418593.0,39.82,73.02,33.85
2019-04-01,3815904.0,337605867.0,36.42,71.78,30.96
2019-05-01,4008137.0,359213586.0,34.84,72.91,29.61
2019-06-01,3571970.0,320648499.0,38.04,76.26,32.33
2019-07-01,4050501.0,365331008.0,37.1,73.78,31.54
2019-08-01,3959551.0,356362310.0,36.41,78.74,30.95
2019-09-01,3740111.0,335849674.0,37.64,80.44,31.99
2019-10-01,4135775.0,371471792.0,41.51,82.63,35.28
2019-11-01,3840942.0,342764308.0,44.54,84.28,37.86
2019-12-01,3934847.0,346040938.0,48.16,83.31,40.94
2020-01-01,4027880.0,360551334.0,51.07,82.6,43.41
2020-02-01,3787626.0,339358889.0,51.69,81.45,43.94
2020-03-01,4130771.0,372463186.0,57.41,88.23,48.8
2020-04-01,3913570.0,356453748.0,52.92,95.19,44.98
2020-05-01,4060585.0,374509278.0,50.12,103.34,42.6
2020-06-01,4142365.0,379935158.0,47.76,103.43,40.6
2020-07-01,4456637.0,412223143.0,49.7,109.45,42.25
2020-08-01,4162253.0,383380533.0,56.62,122.52,48.13
2020-09-01,4116931.0,377043871.0,60.06,136.72,51.05
2020-10-01,4237648.0,383285139.0,72.71,158.41,61.8
2020-11-01,4013246.0,360777387.0,80.31,164.55,68.26
2020-12-01,4306695.0,382065869.0,75.33,145.12,64.03
2021-01-01,4065953.0,371707210.0,83.65,163.9,71.1
2021-02-01,4049563.0,369979602.0,83.89,161.56,71.31
2021-03-01,4605964.0,424026605.0,91.51,164.51,77.78
2021-04-01,4211931.0,391381438.0,97.15,170.8,82.58
2021-05-01,4441623.0,416327012.0,100.72,171.36,85.61
2021-06-01,4473524.0,418984271.0,92.09,157.16,78.28
2021-07-01,4685680.0,438011441.0,97.48,162.65,82.86
2021-08-01,4619086.0,428968982.0,98.64,168.09,83.84
2021-09-01,4455343.0,411221576.0,92.44,169.57,78.57
2021-10-01,4374463.0,402690475.0,89.92,168.22,76.43
2021-11-01,4394657.0,403960871.0,84.19,162.38,71.56
2021-12-01,4667758.0,421707639.0,88.03,166.74,74.83
2022-01-01,4397491.0,401199015.0,96.04,176.31,81.63
2022-02-01,4341107.0,395196598.0,96.85,191.63,82.32
2022-03-01,4977241.0,455495133.0,99.69,195.85,84.74
2022-04-01,4437617.0,409503224.0,88.78,182.2,75.46
2022-05-01,4928211.0,456749470.0,87.36,188.96,74.26
2022-06-01,4858869.0,451247698.0,85.64,189.82,72.79
2022-07-01,4771264.0,443626817.0,81.98,184.63,69.68
2022-08-01,5031761.0,462867313.0,82.52,181.86,70.14
2022-09-01,4732401.0,433816290.0,84.06,181.72,71.45
2022-10-01,4551263.0,418756151.0,84.53,179.71,71.85
2022-11-01,4570568.0,420285927.0,84.99,182.44,72.24
2022-12-01,4867711.0,437559231.0,86.01,177.28,73.11
2023-01-01,4730557.0,429380594.0,86.11,170.87,73.19
2023-02-01,4384550.0,398544345.0,85.74,165.56,72.88
2023-03-01,5060714.0,464325515.0,84.88,155.19,72.15
2023-04-01,4285568.0,396824032.0,74.85,139.11,63.62
2023-05-01,5020599.0,471316937.0,58.16,131.16,49.44
2023-06-01,4902486.0,462495956.0,55.04,128.43,46.78
2023-07-01,4844208.0,456801471.0,54.98,137.38,46.73
2023-08-01,5150189.0,484498572.0,53.34,139.84,45.34
2023-09-01,4645746.0,434614236.0,54.63,139.16,46.44
2023-10-01,4775132.0,442725606.0,59.13,136.91,50.26
2023-11-01,4652739.0,430056895.0,60.65,138.17,51.55
2023-12-01,4720459.0,426982072.0,66.77,139.12,56.75
2024-01-01,4832542.0,444276507.0,65.83,121.18,55.96
2024-02-01,4680328.0,429210280.0,62.58,111.93,53.19
2024-03-01,4581312.0,418928769.0,62.72,117.28,53.31
2024-04-01,4969652.0,451103714.0,59.63,122.66,50.69
2024-05-01,4916920.0,449290101.0,58.92,130.96,50.08
2024-06-01,4739559.0,436690903.0,57.86,133.98,49.18
2024-07-01,5235093.0,491272626.0,57.22,133.5,48.64
2024-08-01,5069210.0,474309280.0,59.58,129.24,50.64
2024-09-01,4709597.0,437415993.0,62.6,136.65,53.21
2024-10-01,5105320.0,471031426.0,68.79,139.71,58.47
2024-11-01,4639093.0,427042840.0,73.68,140.47,62.63
2024-12-01,4700083.0,428324759.0,72.92,138.38,61.98
2025-01-01,4928680.0,455183503.0,74.17,129.56,63.04
2025-02-01,4660349.0,429184837.0,80.76,126.01,68.65
2025-03-01,4888190.0,448744107.0,89.12,127.95,75.75
2025-04-01,4938081.0,457980487.0,83.67,129.83,71.12
2025-05-01,5178955.0,490802196.0,73.3,128.14,62.3
2025-06-01,4977454.0,472885808.0,68.15,129.06,57.93
2025-07-01,5527866.0,524833173.0,63.63,130.47,54.09
2025-08-01,5125925.0,481383734.0,63.87,134.07,54.29
2025-09-01,5181305.0,483907138.0,64.77,133.02,55.05
2025-10-01,5387973.0,503686696.0,65.35,132.66,55.55
2025-11-01,4846639.0,448035876.0,67.54,134.76,57.41
2025-12-01,5056311.0,459773516.0,69.62,135.68,59.18
2026-01-01,5070102.0,473190077.0,67.84,125.07,57.66
2026-02-01,4871812.0,453404524.0,67.86,120.1,57.68
2026-03-01,5360722.0,501247502.0,70.9,122.44,60.27
2026-04-01,5090447.0,482379061.0,67.95,121.35,57.76
2026-05-01,5202713.0,499228113.0,65.6,123.03,55.76
2026-06-01,5403915.0,521143482.0,63.68,125.22,54.13
