data,"Quantidade de leite cru, resfriado ou não, adquirido",preco_milho,preco_soja_parana,preco_sorgo_estimado
1997-01-01,958143.0,,,
1997-02-01,825195.0,,,
1997-03-01,863303.0,,,
1997-04-01,801042.0,,,
1997-05-01,809520.0,,,
1997-06-01,789274.0,,,
1997-07-01,880115.0,,18.06,
1997-08-01,874358.0,,18.26,
1997-09-01,857648.0,,19.48,
1997-10-01,982929.0,,18.97,
1997-11-01,997625.0,,20.22,
1997-12-01,1047135.0,,19.97,
1998-01-01,1030320.0,,17.15,
1998-02-01,881126.0,,15.62,
1998-03-01,905385.0,,14.44,
1998-04-01,820389.0,,14.17,
1998-05-01,832587.0,,14.61,
1998-06-01,825582.0,,14.23,
1998-07-01,869001.0,,14.19,
1998-08-01,916544.0,,13.87,
1998-09-01,924670.0,,14.62,
1998-10-01,969400.0,,14.81,
1998-11-01,994168.0,,14.9,
1998-12-01,1026201.0,,14.52,
1999-01-01,1028956.0,,15.57,
1999-02-01,893282.0,,18.3,
1999-03-01,940534.0,,17.3,
1999-04-01,874812.0,,15.79,
1999-05-01,879829.0,,15.87,
1999-06-01,847894.0,,16.65,
1999-07-01,909289.0,,16.3,
1999-08-01,922787.0,,18.59,
1999-09-01,898468.0,,20.74,
1999-10-01,937587.0,,21.92,
1999-11-01,967998.0,,20.74,
1999-12-01,1044455.0,,19.74,
2000-01-01,1083710.0,,19.96,
2000-02-01,1001475.0,,19.3,
2000-03-01,988188.0,,18.26,
2000-04-01,899857.0,,18.71,
2000-05-01,901861.0,,19.54,
2000-06-01,861098.0,,18.58,
2000-07-01,918272.0,,17.62,
2000-08-01,968794.0,,17.88,
2000-09-01,1024031.0,,19.04,
2000-10-01,1123015.0,,19.03,
2000-11-01,1132015.0,,20.06,
2000-12-01,1205425.0,,21.95,
2001-01-01,1193273.0,,20.53,
2001-02-01,1008055.0,,18.27,
2001-03-01,1060519.0,,17.69,
2001-04-01,1004622.0,,18.01,
2001-05-01,1014858.0,,19.62,
2001-06-01,1049435.0,,22.04,
2001-07-01,1107755.0,,25.98,
2001-08-01,1117504.0,,27.65,
2001-09-01,1102850.0,,29.2,
2001-10-01,1169042.0,,29.68,
2001-11-01,1176927.0,,29.81,
2001-12-01,1207605.0,,27.19,
2002-01-01,1195537.0,,25.15,
2002-02-01,1047697.0,,22.39,
2002-03-01,1078325.0,,21.22,
2002-04-01,1060111.0,,22.44,
2002-05-01,1062933.0,,25.42,
2002-06-01,1039034.0,,29.36,
2002-07-01,1064133.0,,33.01,
2002-08-01,1100059.0,,36.15,
2002-09-01,1058893.0,,41.65,
2002-10-01,1117072.0,,46.46,
2002-11-01,1146884.0,,46.94,
2002-12-01,1248252.0,,48.91,
2003-01-01,1276754.0,,43.1,
2003-02-01,1098493.0,,42.79,
2003-03-01,1136218.0,,39.71,
2003-04-01,1056408.0,,37.2,
2003-05-01,1048079.0,,37.18,
2003-06-01,1035420.0,,36.9,
2003-07-01,1077477.0,,35.64,
2003-08-01,1098979.0,,36.55,
2003-09-01,1078375.0,,39.76,
2003-10-01,1171317.0,,45.82,
2003-11-01,1218405.0,,48.1,
2003-12-01,1331280.0,,46.48,
2004-01-01,1294395.0,20.25,46.29,17.21
2004-02-01,1165889.0,,45.23,
2004-03-01,1158893.0,,51.11,
2004-04-01,1070500.0,,51.81,
2004-05-01,1111198.0,,49.21,
2004-06-01,1100833.0,,45.04,
2004-07-01,1183449.0,18.14,40.44,15.42
2004-08-01,1184458.0,18.37,39.13,15.61
2004-09-01,1181685.0,19.05,37.82,16.19
2004-10-01,1246531.0,18.27,34.47,15.53
2004-11-01,1344961.0,17.7,33.75,15.04
2004-12-01,1452353.0,17.14,32.63,14.57
2005-01-01,1441119.0,17.82,32.84,15.15
2005-02-01,1251747.0,17.47,29.53,14.85
2005-03-01,1282442.0,20.06,35.12,17.05
2005-04-01,1264465.0,19.35,32.88,16.45
2005-05-01,1297820.0,19.02,31.47,16.17
2005-06-01,1313843.0,19.55,33.08,16.62
2005-07-01,1359863.0,19.26,32.87,16.37
2005-08-01,1364519.0,18.64,31.62,15.84
2005-09-01,1335573.0,18.36,29.75,15.61
2005-10-01,1435104.0,17.78,28.9,15.11
2005-11-01,1447064.0,16.5,28.17,14.03
2005-12-01,1490708.0,16.74,29.66,14.23
2006-01-01,1494249.0,17.55,29.25,14.92
2006-02-01,1306920.0,16.52,27.53,14.04
2006-03-01,1403013.0,14.62,25.7,12.43
2006-04-01,1320398.0,14.44,24.91,12.27
2006-05-01,1310132.0,15.25,26.46,12.96
2006-06-01,1267235.0,16.47,27.59,14.0
2006-07-01,1320071.0,16.69,27.73,14.19
2006-08-01,1333617.0,16.86,27.3,14.33
2006-09-01,1298577.0,17.94,28.11,15.25
2006-10-01,1475437.0,21.09,30.54,17.93
2006-11-01,1525372.0,22.93,33.06,19.49
2006-12-01,1614721.0,24.96,31.93,21.22
2007-01-01,1629549.0,25.02,32.0,21.27
2007-02-01,1405073.0,22.02,32.58,18.72
2007-03-01,1444693.0,20.2,31.8,17.17
2007-04-01,1333077.0,19.21,30.01,16.33
2007-05-01,1359253.0,18.93,30.08,16.09
2007-06-01,1324948.0,19.58,30.71,16.64
2007-07-01,1434022.0,18.97,31.34,16.12
2007-08-01,1488964.0,22.13,34.56,18.81
2007-09-01,1519011.0,26.95,38.67,22.91
2007-10-01,1591830.0,27.36,39.91,23.26
2007-11-01,1605511.0,31.72,42.07,26.96
2007-12-01,1752712.0,33.8,43.98,28.73
2008-01-01,1767810.0,30.93,46.23,26.29
2008-02-01,1604373.0,27.79,47.71,23.62
2008-03-01,1611925.0,27.19,45.83,23.11
2008-04-01,1566348.0,26.62,44.33,22.63
2008-05-01,1588035.0,27.43,44.7,23.32
2008-06-01,1541045.0,26.88,49.99,22.85
2008-07-01,1594165.0,27.76,50.58,23.6
2008-08-01,1573243.0,24.56,44.7,20.88
2008-09-01,1509183.0,23.78,46.08,20.21
2008-10-01,1582565.0,22.32,44.63,18.97
2008-11-01,1618610.0,20.51,45.13,17.43
2008-12-01,1727775.0,20.75,44.61,17.64
2009-01-01,1757217.0,23.67,49.21,20.12
2009-02-01,1565150.0,22.26,47.56,18.92
2009-03-01,1610304.0,20.62,45.35,17.53
2009-04-01,1452709.0,21.29,47.95,18.1
2009-05-01,1434486.0,22.25,50.39,18.91
2009-06-01,1407484.0,22.24,49.89,18.9
2009-07-01,1553601.0,20.55,47.83,17.47
2009-08-01,1641471.0,19.42,48.2,16.51
2009-09-01,1700529.0,19.12,46.07,16.25
2009-10-01,1795083.0,20.6,44.67,17.51
2009-11-01,1803057.0,20.41,44.06,17.35
2009-12-01,1880564.0,20.02,42.87,17.02
2010-01-01,1880098.0,19.66,39.8,16.71
2010-02-01,1634179.0,18.35,35.73,15.6
2010-03-01,1755525.0,18.47,34.14,15.7
2010-04-01,1655255.0,18.16,34.49,15.44
2010-05-01,1633056.0,18.67,35.59,15.87
2010-06-01,1618937.0,19.43,36.16,16.52
2010-07-01,1755376.0,18.84,38.58,16.01
2010-08-01,1757528.0,20.56,41.32,17.48
2010-09-01,1680980.0,24.36,42.59,20.71
2010-10-01,1768832.0,25.15,44.88,21.38
2010-11-01,1864497.0,28.29,48.96,24.05
2010-12-01,1971238.0,28.36,48.52,24.11
2011-01-01,1985680.0,30.35,49.63,25.8
2011-02-01,1731011.0,31.68,49.28,26.93
2011-03-01,1771261.0,31.44,46.32,26.72
2011-04-01,1656821.0,29.94,44.37,25.45
2011-05-01,1713253.0,28.69,44.94,24.39
2011-06-01,1687768.0,30.75,45.13,26.14
2011-07-01,1749939.0,30.31,45.77,25.76
2011-08-01,1798475.0,30.2,46.5,25.67
2011-09-01,1789899.0,31.92,49.05,27.13
2011-10-01,1874526.0,30.75,46.21,26.14
2011-11-01,1969249.0,29.81,45.35,25.34
2011-12-01,2067118.0,28.18,45.23,23.95
2012-01-01,2021291.0,31.08,46.8,26.42
2012-02-01,1850514.0,28.4,47.06,24.14
2012-03-01,1895099.0,28.89,52.23,24.56
2012-04-01,1720676.0,25.83,57.57,21.96
2012-05-01,1756527.0,24.91,61.11,21.17
2012-06-01,1760751.0,24.13,65.22,20.51
2012-07-01,1869680.0,29.01,76.32,24.66
2012-08-01,1884498.0,33.25,82.01,28.26
2012-09-01,1776984.0,32.23,82.92,27.4
2012-10-01,1863953.0,31.35,74.41,26.65
2012-11-01,1901445.0,34.09,74.6,28.98
2012-12-01,2036916.0,34.96,73.25,29.72
2013-01-01,2045576.0,32.75,64.62,27.84
2013-02-01,1783366.0,32.34,59.93,27.49
2013-03-01,1851768.0,30.71,57.83,26.1
2013-04-01,1756483.0,26.41,55.76,22.45
2013-05-01,1766974.0,26.02,58.71,22.12
2013-06-01,1814247.0,26.45,65.29,22.48
2013-07-01,1978775.0,25.0,65.26,21.25
2013-08-01,2003575.0,24.04,66.22,20.43
2013-09-01,2008586.0,25.07,70.81,21.31
2013-10-01,2141539.0,24.12,72.43,20.5
2013-11-01,2171098.0,25.59,74.05,21.75
2013-12-01,2230842.0,26.45,74.05,22.48
2014-01-01,2229486.0,26.83,67.43,22.81
2014-02-01,1921800.0,30.62,66.87,26.03
2014-03-01,2037671.0,32.84,68.78,27.91
2014-04-01,1910800.0,31.18,67.89,26.5
2014-05-01,1947916.0,28.75,67.81,24.44
2014-06-01,1938758.0,26.38,67.54,22.42
2014-07-01,2017693.0,23.66,63.72,20.11
2014-08-01,2124384.0,22.91,63.45,19.47
2014-09-01,2085161.0,22.02,58.94,18.72
2014-10-01,2118900.0,23.62,59.58,20.08
2014-11-01,2152048.0,27.66,63.01,23.51
2014-12-01,2262423.0,27.67,62.42,23.52
2015-01-01,2207717.0,27.41,59.29,23.3
2015-02-01,1899716.0,27.99,60.2,23.79
2015-03-01,2027962.0,29.44,64.35,25.02
2015-04-01,1851024.0,27.61,62.99,23.47
2015-05-01,1886178.0,25.34,62.1,21.54
2015-06-01,1908257.0,25.03,62.97,21.28
2015-07-01,1984677.0,25.99,67.84,22.09
2015-08-01,2018111.0,27.4,72.18,23.29
2015-09-01,1987900.0,31.04,76.62,26.38
2015-10-01,2073924.0,32.83,78.14,27.91
2015-11-01,2066028.0,33.57,75.55,28.53
2015-12-01,2150814.0,35.33,77.07,30.03
2016-01-01,2071752.0,41.65,78.46,35.4
2016-02-01,1891572.0,42.98,73.32,36.53
2016-03-01,1898053.0,47.79,69.95,40.62
2016-04-01,1748969.0,48.92,73.42,41.58
2016-05-01,1742061.0,51.48,82.29,43.76
2016-06-01,1728491.0,49.12,90.54,41.75
2016-07-01,1897102.0,44.42,82.84,37.76
2016-08-01,1988565.0,45.43,77.57,38.62
2016-09-01,1962994.0,41.91,76.14,35.62
2016-10-01,2047772.0,42.12,73.93,35.8
2016-11-01,2052393.0,38.77,74.9,32.95
2016-12-01,2139931.0,38.29,74.71,32.55
2017-01-01,2100937.0,35.92,71.57,30.53
2017-02-01,1832768.0,36.21,68.78,30.78
2017-03-01,1927871.0,33.77,64.92,28.7
2017-04-01,1811659.0,28.32,61.16,24.07
2017-05-01,1906924.0,27.76,64.06,23.6
2017-06-01,1929359.0,26.75,63.59,22.74
2017-07-01,2058470.0,26.33,66.23,22.38
2017-08-01,2117707.0,26.67,63.86,22.67
2017-09-01,2103114.0,29.11,65.0,24.74
2017-10-01,2140711.0,31.26,66.48,26.57
2017-11-01,2153746.0,31.75,69.03,26.99
2017-12-01,2250245.0,32.38,70.03,27.52
2018-01-01,2161220.0,32.7,67.42,27.8
2018-02-01,1890351.0,34.76,69.43,29.55
2018-03-01,1967861.0,41.37,73.64,35.16
2018-04-01,1872647.0,39.92,79.6,33.93
2018-05-01,1733572.0,42.69,80.32,36.29
2018-06-01,1872364.0,40.55,78.44,34.47
2018-07-01,2036420.0,37.22,81.97,31.64
2018-08-01,2119504.0,41.17,83.64,34.99
2018-09-01,2100289.0,40.31,88.84,34.26
2018-10-01,2222233.0,36.43,84.18,30.97
2018-11-01,2210443.0,36.56,78.33,31.08
2018-12-01,2270960.0,37.83,75.6,32.16
2019-01-01,2207103.0,38.91,72.02,33.07
2019-02-01,1932644.0,40.89,72.78,34.76
2019-03-01,2055407.0,39.82,73.02,33.85
2019-04-01,1911041.0,36.42,71.78,30.96
2019-05-01,1975499.0,34.84,72.91,29.61
2019-06-01,1974451.0,38.04,76.26,32.33
2019-07-01,2074906.0,37.1,73.78,31.54
2019-08-01,2128294.0,36.41,78.74,30.95
2019-09-01,2080541.0,37.64,80.44,31.99
2019-10-01,2203103.0,41.51,82.63,35.28
2019-11-01,2186003.0,44.54,84.28,37.86
2019-12-01,2282832.0,48.16,83.31,40.94
2020-01-01,2272445.0,51.07,82.6,43.41
2020-02-01,2066001.0,51.69,81.45,43.94
2020-03-01,2108715.0,57.41,88.23,48.8
2020-04-01,1968960.0,52.92,95.19,44.98
2020-05-01,1956660.0,50.12,103.34,42.6
2020-06-01,1948902.0,47.76,103.43,40.6
2020-07-01,2143393.0,49.7,109.45,42.25
2020-08-01,2199019.0,56.62,122.52,48.13
2020-09-01,2174458.0,60.06,136.72,51.05
2020-10-01,2235648.0,72.71,158.41,61.8
2020-11-01,2224396.0,80.31,164.55,68.26
2020-12-01,2342665.0,75.33,145.12,64.03
2021-01-01,2348481.0,83.65,163.9,71.1
2021-02-01,2051164.0,83.89,161.56,71.31
2021-03-01,2176523.0,91.51,164.51,77.78
2021-04-01,1946183.0,97.15,170.8,82.58
2021-05-01,1960394.0,100.72,171.36,85.61
2021-06-01,1932729.0,92.09,157.16,78.28
2021-07-01,2040139.0,97.48,162.65,82.86
2021-08-01,2087955.0,98.64,168.09,83.84
2021-09-01,2078554.0,92.44,169.57,78.57
2021-10-01,2139890.0,89.92,168.22,76.43
2021-11-01,2155528.0,84.19,162.38,71.56
2021-12-01,2204260.0,88.03,166.74,74.83
2022-01-01,2100648.0,96.04,176.31,81.63
2022-02-01,1887864.0,96.85,191.63,82.32
2022-03-01,1965915.0,99.69,195.85,84.74
2022-04-01,1828618.0,88.78,182.2,75.46
2022-05-01,1861222.0,87.36,188.96,74.26
2022-06-01,1809292.0,85.64,189.82,72.79
2022-07-01,2009727.0,81.98,184.63,69.68
2022-08-01,2088915.0,82.52,181.86,70.14
2022-09-01,2049778.0,84.06,181.72,71.45
2022-10-01,2114589.0,84.53,179.71,71.85
2022-11-01,2067336.0,84.99,182.44,72.24
2022-12-01,2134317.0,86.01,177.28,73.11
2023-01-01,2139462.0,86.11,170.87,73.19
2023-02-01,1870822.0,85.74,165.56,72.88
2023-03-01,1996500.0,84.88,155.19,72.15
2023-04-01,1890588.0,74.85,139.11,63.62
2023-05-01,1965775.0,58.16,131.16,49.44
2023-06-01,1933254.0,55.04,128.43,46.78
2023-07-01,2069064.0,54.98,137.38,46.73
2023-08-01,2139720.0,53.34,139.84,45.34
2023-09-01,2109897.0,54.63,139.16,46.44
2023-10-01,2188598.0,59.13,136.91,50.26
2023-11-01,2114669.0,60.65,138.17,51.55
2023-12-01,2187250.0,66.77,139.12,56.75
2024-01-01,2216612.0,65.83,121.18,55.96
2024-02-01,2009192.0,62.58,111.93,53.19
2024-03-01,2054718.0,62.72,117.28,53.31
2024-04-01,1983187.0,59.63,122.66,50.69
2024-05-01,1997163.0,58.92,130.96,50.08
2024-06-01,1962870.0,57.86,133.98,49.18
2024-07-01,2087888.0,57.22,133.5,48.64
2024-08-01,2139456.0,59.58,129.24,50.64
2024-09-01,2131011.0,62.6,136.65,53.21
2024-10-01,2207913.0,68.79,139.71,58.47
2024-11-01,2236580.0,73.68,140.47,62.63
2024-12-01,2339505.0,72.92,138.38,61.98
2025-01-01,2339641.0,74.17,129.56,63.04
2025-02-01,2058927.0,80.76,126.01,68.65
2025-03-01,2209793.0,89.12,127.95,75.75
2025-04-01,2123617.0,83.67,129.83,71.12
2025-05-01,2222069.0,73.3,128.14,62.3
2025-06-01,2203702.0,68.15,129.06,57.93
2025-07-01,2327930.0,63.63,130.47,54.09
2025-08-01,2392893.0,63.87,134.07,54.29
2025-09-01,2366938.0,64.77,133.02,55.05
2025-10-01,2485625.0,65.35,132.66,55.55
2025-11-01,2414590.0,67.54,134.76,57.41
2025-12-01,2467293.0,69.62,135.68,59.18
2026-01-01,2434134.0,67.84,125.07,57.66
2026-02-01,2105973.0,67.86,120.1,57.68
2026-03-01,2246432.0,70.9,122.44,60.27
2026-04-01,2163559.0,67.95,121.35,57.76
2026-05-01,2231420.0,65.6,123.03,55.76
2026-06-01,2219013.0,63.68,125.22,54.13
